 Format                 IAGA-2002                                        |
 Source of Data         British Geological Survey                        |
 Station Name           Eskdalemuir                                      |
 IAGA Code              ESK                                              |
 Geodetic Latitude      55.314                                           |
 Geodetic Longitude     356.794                                          |
 Elevation              245.0                                            |
 Reported               HDZF                                              |
 Data Interval Type     1-minute                                         |
 Data Interval Type     1-minute                                         |
 Data Type              quasi definitive                                 |
 # Digitised using Engauge Digitizer from BGS magnetogram                |
 # photographs of the Feb 1958 geomagnetic storm.                        |
 # Missing data are denoted by 99999.00                                  |
DATE       TIME         DOY   ESKH        ESKD        ESKZ        ESKF   |
1958-02-10 09:16:00.000 041   16693.02     -645.78    45303.35    99999.00
1958-02-10 09:17:00.000 041   16694.19     -646.33    45303.32    99999.00
1958-02-10 09:18:00.000 041   16697.08     -646.32    45303.21    99999.00
1958-02-10 09:19:00.000 041   16699.80     -645.89    45303.11    99999.00
1958-02-10 09:20:00.000 041   16702.22     -646.05    45303.02    99999.00
1958-02-10 09:21:00.000 041   16704.21     -646.37    45302.94    99999.00
1958-02-10 09:22:00.000 041   16705.61     -646.71    45302.87    99999.00
1958-02-10 09:23:00.000 041   16706.29     -647.04    45302.83    99999.00
1958-02-10 09:24:00.000 041   16706.12     -647.33    45302.80    99999.00
1958-02-10 09:25:00.000 041   16705.32     -647.53    45302.81    99999.00
1958-02-10 09:26:00.000 041   16704.22     -647.57    45302.83    99999.00
1958-02-10 09:27:00.000 041   16703.09     -647.39    45302.89    99999.00
1958-02-10 09:28:00.000 041   16702.19     -647.03    45302.96    99999.00
1958-02-10 09:29:00.000 041   16701.66     -646.68    45303.06    99999.00
1958-02-10 09:30:00.000 041   16701.60     -646.79    45303.17    99999.00
1958-02-10 09:31:00.000 041   16702.00     -647.15    45303.29    99999.00
1958-02-10 09:32:00.000 041   16702.72     -647.18    45303.42    99999.00
1958-02-10 09:33:00.000 041   16703.65     -646.83    45303.55    99999.00
1958-02-10 09:34:00.000 041   16704.68     -646.65    45303.69    99999.00
1958-02-10 09:35:00.000 041   16705.74     -647.01    45303.82    99999.00
1958-02-10 09:36:00.000 041   16706.73     -647.67    45303.94    99999.00
1958-02-10 09:37:00.000 041   16707.57     -648.14    45304.04    99999.00
1958-02-10 09:38:00.000 041   16708.15     -648.03    45304.13    99999.00
1958-02-10 09:39:00.000 041   16708.30     -647.72    45304.21    99999.00
1958-02-10 09:40:00.000 041   16707.80     -647.83    45304.28    99999.00
1958-02-10 09:41:00.000 041   16706.55     -648.22    45304.34    99999.00
1958-02-10 09:42:00.000 041   16704.55     -648.33    45304.40    99999.00
1958-02-10 09:43:00.000 041   16701.90     -648.10    45304.45    99999.00
1958-02-10 09:44:00.000 041   16699.18     -647.93    45304.52    99999.00
1958-02-10 09:45:00.000 041   16700.60     -648.11    45304.60    99999.00
1958-02-10 09:46:00.000 041   16703.81     -648.40    45304.69    99999.00
1958-02-10 09:47:00.000 041   16703.94     -648.22    45304.80    99999.00
1958-02-10 09:48:00.000 041   16703.03     -647.85    45304.90    99999.00
1958-02-10 09:49:00.000 041   16701.76     -647.76    45305.01    99999.00
1958-02-10 09:50:00.000 041   16700.36     -647.84    45305.12    99999.00
1958-02-10 09:51:00.000 041   16698.94     -647.98    45305.23    99999.00
1958-02-10 09:52:00.000 041   16697.60     -648.14    45305.34    99999.00
1958-02-10 09:53:00.000 041   16696.41     -648.29    45305.46    99999.00
1958-02-10 09:54:00.000 041   16695.48     -648.38    45305.60    99999.00
1958-02-10 09:55:00.000 041   16694.86     -648.38    45305.75    99999.00
1958-02-10 09:56:00.000 041   16694.57     -648.25    45305.93    99999.00
1958-02-10 09:57:00.000 041   16694.59     -648.05    45306.16    99999.00
1958-02-10 09:58:00.000 041   16694.91     -647.98    45306.48    99999.00
1958-02-10 09:59:00.000 041   16695.54     -648.24    45306.86    99999.00
1958-02-10 10:00:00.000 041   16696.44     -648.33    45307.13    99999.00
1958-02-10 10:01:00.000 041   16697.29     -648.13    45307.18    99999.00
1958-02-10 10:02:00.000 041   16696.49     -647.82    45307.08    99999.00
1958-02-10 10:03:00.000 041   16694.17     -647.51    45306.92    99999.00
1958-02-10 10:04:00.000 041   16692.11     -647.27    45306.74    99999.00
1958-02-10 10:05:00.000 041   16691.45     -647.17    45306.57    99999.00
1958-02-10 10:06:00.000 041   16692.71     -647.27    45306.42    99999.00
1958-02-10 10:07:00.000 041   16694.51     -647.54    45306.29    99999.00
1958-02-10 10:08:00.000 041   16695.79     -647.86    45306.18    99999.00
1958-02-10 10:09:00.000 041   16696.35     -648.09    45306.09    99999.00
1958-02-10 10:10:00.000 041   16696.42     -647.99    45306.03    99999.00
1958-02-10 10:11:00.000 041   16696.19     -647.62    45306.00    99999.00
1958-02-10 10:12:00.000 041   16695.72     -647.40    45305.97    99999.00
1958-02-10 10:13:00.000 041   16695.05     -647.79    45305.96    99999.00
1958-02-10 10:14:00.000 041   16694.19     -647.65    45305.97    99999.00
1958-02-10 10:15:00.000 041   16693.21     -647.20    45305.98    99999.00
1958-02-10 10:16:00.000 041   16692.30     -646.98    45306.00    99999.00
1958-02-10 10:17:00.000 041   16691.82     -647.04    45306.02    99999.00
1958-02-10 10:18:00.000 041   16692.17     -647.28    45306.06    99999.00
1958-02-10 10:19:00.000 041   16693.45     -647.62    45306.09    99999.00
1958-02-10 10:20:00.000 041   16695.20     -648.00    45306.13    99999.00
1958-02-10 10:21:00.000 041   16696.95     -648.36    45306.18    99999.00
1958-02-10 10:22:00.000 041   16698.34     -648.68    45306.23    99999.00
1958-02-10 10:23:00.000 041   16699.10     -648.89    45306.28    99999.00
1958-02-10 10:24:00.000 041   16699.16     -648.95    45306.33    99999.00
1958-02-10 10:25:00.000 041   16698.72     -648.85    45306.38    99999.00
1958-02-10 10:26:00.000 041   16697.96     -648.70    45306.44    99999.00
1958-02-10 10:27:00.000 041   16697.05     -648.80    45306.50    99999.00
1958-02-10 10:28:00.000 041   16696.17     -649.06    45306.56    99999.00
1958-02-10 10:29:00.000 041   16695.55     -649.12    45306.63    99999.00
1958-02-10 10:30:00.000 041   16695.23     -649.04    45306.69    99999.00
1958-02-10 10:31:00.000 041   16695.04     -648.89    45306.76    99999.00
1958-02-10 10:32:00.000 041   16694.78     -648.71    45306.82    99999.00
1958-02-10 10:33:00.000 041   16694.33     -648.52    45306.88    99999.00
1958-02-10 10:34:00.000 041   16693.74     -648.34    45306.95    99999.00
1958-02-10 10:35:00.000 041   16693.10     -648.17    45307.01    99999.00
1958-02-10 10:36:00.000 041   16692.46     -648.05    45307.07    99999.00
1958-02-10 10:37:00.000 041   16691.87     -648.07    45307.12    99999.00
1958-02-10 10:38:00.000 041   16691.34     -648.33    45307.17    99999.00
1958-02-10 10:39:00.000 041   16690.91     -648.50    45307.22    99999.00
1958-02-10 10:40:00.000 041   16690.60     -648.29    45307.25    99999.00
1958-02-10 10:41:00.000 041   16690.40     -648.06    45307.29    99999.00
1958-02-10 10:42:00.000 041   16690.32     -647.93    45307.31    99999.00
1958-02-10 10:43:00.000 041   16690.35     -647.99    45307.31    99999.00
1958-02-10 10:44:00.000 041   16690.49     -648.19    45307.30    99999.00
1958-02-10 10:45:00.000 041   16690.73     -648.41    45307.27    99999.00
1958-02-10 10:46:00.000 041   16691.08     -648.34    45307.22    99999.00
1958-02-10 10:47:00.000 041   16691.53     -647.96    45307.15    99999.00
1958-02-10 10:48:00.000 041   16692.09     -647.86    45307.05    99999.00
1958-02-10 10:49:00.000 041   16692.72     -647.95    45306.92    99999.00
1958-02-10 10:50:00.000 041   16693.37     -648.11    45306.78    99999.00
1958-02-10 10:51:00.000 041   16693.97     -648.30    45306.62    99999.00
1958-02-10 10:52:00.000 041   16694.47     -648.49    45306.46    99999.00
1958-02-10 10:53:00.000 041   16694.80     -648.65    45306.29    99999.00
1958-02-10 10:54:00.000 041   16694.90     -648.74    45306.14    99999.00
1958-02-10 10:55:00.000 041   16694.67     -648.74    45305.99    99999.00
1958-02-10 10:56:00.000 041   16694.06     -648.63    45305.87    99999.00
1958-02-10 10:57:00.000 041   16693.13     -648.44    45305.76    99999.00
1958-02-10 10:58:00.000 041   16692.02     -648.27    45305.68    99999.00
1958-02-10 10:59:00.000 041   16690.87     -648.19    45305.62    99999.00
1958-02-10 11:00:00.000 041   16689.79     -648.23    45305.59    99999.00
1958-02-10 11:01:00.000 041   16688.88     -648.36    45305.59    99999.00
1958-02-10 11:02:00.000 041   16688.22     -648.55    45305.61    99999.00
1958-02-10 11:03:00.000 041   16687.83     -648.74    45305.66    99999.00
1958-02-10 11:04:00.000 041   16687.70     -648.91    45305.72    99999.00
1958-02-10 11:05:00.000 041   16687.78     -648.99    45305.79    99999.00
1958-02-10 11:06:00.000 041   16688.04     -648.93    45305.87    99999.00
1958-02-10 11:07:00.000 041   16688.44     -648.76    45305.95    99999.00
1958-02-10 11:08:00.000 041   16688.99     -648.58    45306.04    99999.00
1958-02-10 11:09:00.000 041   16689.68     -648.51    45306.13    99999.00
1958-02-10 11:10:00.000 041   16690.52     -648.59    45306.21    99999.00
1958-02-10 11:11:00.000 041   16691.56     -648.74    45306.29    99999.00
1958-02-10 11:12:00.000 041   16692.92     -648.94    45306.35    99999.00
1958-02-10 11:13:00.000 041   16694.56     -649.13    45306.41    99999.00
1958-02-10 11:14:00.000 041   16695.54     -649.27    45306.45    99999.00
1958-02-10 11:15:00.000 041   16695.62     -649.31    45306.48    99999.00
1958-02-10 11:16:00.000 041   16695.26     -649.15    45306.49    99999.00
1958-02-10 11:17:00.000 041   16694.74     -648.82    45306.48    99999.00
1958-02-10 11:18:00.000 041   16694.13     -648.58    45306.47    99999.00
1958-02-10 11:19:00.000 041   16693.48     -648.70    45306.44    99999.00
1958-02-10 11:20:00.000 041   16692.81     -648.91    45306.40    99999.00
1958-02-10 11:21:00.000 041   16692.14     -648.93    45306.35    99999.00
1958-02-10 11:22:00.000 041   16691.48     -648.79    45306.29    99999.00
1958-02-10 11:23:00.000 041   16690.84     -648.65    45306.23    99999.00
1958-02-10 11:24:00.000 041   16690.24     -648.57    45306.16    99999.00
1958-02-10 11:25:00.000 041   16689.69     -648.59    45306.09    99999.00
1958-02-10 11:26:00.000 041   16689.21     -648.67    45306.01    99999.00
1958-02-10 11:27:00.000 041   16688.81     -648.79    45305.93    99999.00
1958-02-10 11:28:00.000 041   16688.50     -648.91    45305.85    99999.00
1958-02-10 11:29:00.000 041   16688.29     -649.00    45305.76    99999.00
1958-02-10 11:30:00.000 041   16688.19     -649.02    45305.68    99999.00
1958-02-10 11:31:00.000 041   16688.19     -649.01    45305.61    99999.00
1958-02-10 11:32:00.000 041   16688.29     -649.03    45305.53    99999.00
1958-02-10 11:33:00.000 041   16688.50     -649.17    45305.46    99999.00
1958-02-10 11:34:00.000 041   16688.80     -649.32    45305.39    99999.00
1958-02-10 11:35:00.000 041   16689.18     -649.31    45305.32    99999.00
1958-02-10 11:36:00.000 041   16689.64     -649.08    45305.26    99999.00
1958-02-10 11:37:00.000 041   16690.18     -649.07    45305.20    99999.00
1958-02-10 11:38:00.000 041   16690.81     -649.37    45305.14    99999.00
1958-02-10 11:39:00.000 041   16691.52     -649.44    45305.09    99999.00
1958-02-10 11:40:00.000 041   16692.34     -649.07    45305.04    99999.00
1958-02-10 11:41:00.000 041   16693.26     -649.12    45304.99    99999.00
1958-02-10 11:42:00.000 041   16694.29     -649.32    45304.95    99999.00
1958-02-10 11:43:00.000 041   16695.45     -649.57    45304.91    99999.00
1958-02-10 11:44:00.000 041   16696.72     -649.84    45304.87    99999.00
1958-02-10 11:45:00.000 041   16698.04     -650.12    45304.84    99999.00
1958-02-10 11:46:00.000 041   16699.35     -650.40    45304.80    99999.00
1958-02-10 11:47:00.000 041   16700.55     -650.65    45304.77    99999.00
1958-02-10 11:48:00.000 041   16701.49     -650.86    45304.75    99999.00
1958-02-10 11:49:00.000 041   16701.86     -650.93    45304.72    99999.00
1958-02-10 11:50:00.000 041   16700.91     -650.55    45304.70    99999.00
1958-02-10 11:51:00.000 041   16697.97     -650.56    45304.67    99999.00
1958-02-10 11:52:00.000 041   16695.67     -650.92    45304.65    99999.00
1958-02-10 11:53:00.000 041   16697.19     -651.33    45304.63    99999.00
1958-02-10 11:54:00.000 041   16699.36     -651.70    45304.61    99999.00
1958-02-10 11:55:00.000 041   16700.73     -651.92    45304.60    99999.00
1958-02-10 11:56:00.000 041   16700.97     -651.86    45304.58    99999.00
1958-02-10 11:57:00.000 041   16700.43     -651.73    45304.56    99999.00
1958-02-10 11:58:00.000 041   16699.55     -651.93    45304.55    99999.00
1958-02-10 11:59:00.000 041   16698.61     -652.22    45304.53    99999.00
1958-02-10 12:00:00.000 041   16698.09     -652.42    45304.52    99999.00
1958-02-10 12:01:00.000 041   16698.95     -652.40    45304.50    99999.00
1958-02-10 12:02:00.000 041   16700.91     -652.17    45304.49    99999.00
1958-02-10 12:03:00.000 041   16701.37     -651.85    45304.48    99999.00
1958-02-10 12:04:00.000 041   16700.59     -651.61    45304.46    99999.00
1958-02-10 12:05:00.000 041   16699.46     -651.69    45304.45    99999.00
1958-02-10 12:06:00.000 041   16698.58     -652.02    45304.44    99999.00
1958-02-10 12:07:00.000 041   16699.75     -651.87    45304.43    99999.00
1958-02-10 12:08:00.000 041   16698.47     -651.52    45304.42    99999.00
1958-02-10 12:09:00.000 041   16696.60     -651.47    45304.40    99999.00
1958-02-10 12:10:00.000 041   16695.28     -651.62    45304.39    99999.00
1958-02-10 12:11:00.000 041   16694.84     -651.83    45304.38    99999.00
1958-02-10 12:12:00.000 041   16695.43     -652.03    45304.37    99999.00
1958-02-10 12:13:00.000 041   16696.70     -652.14    45304.36    99999.00
1958-02-10 12:14:00.000 041   16698.23     -651.92    45304.35    99999.00
1958-02-10 12:15:00.000 041   16699.58     -651.47    45304.34    99999.00
1958-02-10 12:16:00.000 041   16700.26     -651.57    45304.33    99999.00
1958-02-10 12:17:00.000 041   16699.98     -651.67    45304.32    99999.00
1958-02-10 12:18:00.000 041   16698.87     -651.53    45304.32    99999.00
1958-02-10 12:19:00.000 041   16697.21     -651.21    45304.31    99999.00
1958-02-10 12:20:00.000 041   16695.34     -650.86    45304.30    99999.00
1958-02-10 12:21:00.000 041   16693.57     -650.56    45304.29    99999.00
1958-02-10 12:22:00.000 041   16692.09     -650.36    45304.28    99999.00
1958-02-10 12:23:00.000 041   16691.05     -650.29    45304.28    99999.00
1958-02-10 12:24:00.000 041   16690.54     -650.32    45304.27    99999.00
1958-02-10 12:25:00.000 041   16690.56     -650.43    45304.26    99999.00
1958-02-10 12:26:00.000 041   16691.05     -650.61    45304.26    99999.00
1958-02-10 12:27:00.000 041   16691.94     -650.85    45304.25    99999.00
1958-02-10 12:28:00.000 041   16693.22     -651.13    45304.24    99999.00
1958-02-10 12:29:00.000 041   16694.88     -651.44    45304.24    99999.00
1958-02-10 12:30:00.000 041   16696.83     -651.76    45304.23    99999.00
1958-02-10 12:31:00.000 041   16698.83     -652.04    45304.23    99999.00
1958-02-10 12:32:00.000 041   16700.64     -652.28    45304.23    99999.00
1958-02-10 12:33:00.000 041   16702.01     -652.42    45304.22    99999.00
1958-02-10 12:34:00.000 041   16702.78     -652.41    45304.22    99999.00
1958-02-10 12:35:00.000 041   16703.03     -652.25    45304.22    99999.00
1958-02-10 12:36:00.000 041   16702.85     -651.98    45304.22    99999.00
1958-02-10 12:37:00.000 041   16702.36     -651.68    45304.23    99999.00
1958-02-10 12:38:00.000 041   16701.65     -651.71    45304.23    99999.00
1958-02-10 12:39:00.000 041   16700.78     -651.92    45304.24    99999.00
1958-02-10 12:40:00.000 041   16699.81     -651.60    45304.25    99999.00
1958-02-10 12:41:00.000 041   16698.80     -651.45    45304.27    99999.00
1958-02-10 12:42:00.000 041   16697.78     -651.56    45304.29    99999.00
1958-02-10 12:43:00.000 041   16696.87     -651.78    45304.31    99999.00
1958-02-10 12:44:00.000 041   16696.85     -651.99    45304.35    99999.00
1958-02-10 12:45:00.000 041   16698.36     -652.16    45304.39    99999.00
1958-02-10 12:46:00.000 041   16699.79     -652.24    45304.43    99999.00
1958-02-10 12:47:00.000 041   16701.02     -652.22    45304.49    99999.00
1958-02-10 12:48:00.000 041   16702.10     -652.12    45304.55    99999.00
1958-02-10 12:49:00.000 041   16703.02     -651.96    45304.63    99999.00
1958-02-10 12:50:00.000 041   16703.76     -651.77    45304.70    99999.00
1958-02-10 12:51:00.000 041   16704.30     -651.56    45304.79    99999.00
1958-02-10 12:52:00.000 041   16704.58     -651.35    45304.88    99999.00
1958-02-10 12:53:00.000 041   16704.49     -651.21    45304.97    99999.00
1958-02-10 12:54:00.000 041   16703.89     -651.10    45305.07    99999.00
1958-02-10 12:55:00.000 041   16702.75     -650.96    45305.17    99999.00
1958-02-10 12:56:00.000 041   16701.12     -650.80    45305.27    99999.00
1958-02-10 12:57:00.000 041   16699.20     -650.63    45305.37    99999.00
1958-02-10 12:58:00.000 041   16697.53     -650.46    45305.47    99999.00
1958-02-10 12:59:00.000 041   16697.05     -650.29    45305.57    99999.00
1958-02-10 13:00:00.000 041   16697.65     -650.13    45305.68    99999.00
1958-02-10 13:01:00.000 041   16698.31     -649.99    45305.78    99999.00
1958-02-10 13:02:00.000 041   16698.29     -649.87    45305.88    99999.00
1958-02-10 13:03:00.000 041   16697.64     -649.79    45305.98    99999.00
1958-02-10 13:04:00.000 041   16696.66     -649.78    45306.08    99999.00
1958-02-10 13:05:00.000 041   16695.50     -649.85    45306.18    99999.00
1958-02-10 13:06:00.000 041   16694.29     -650.00    45306.27    99999.00
1958-02-10 13:07:00.000 041   16693.24     -650.22    45306.37    99999.00
1958-02-10 13:08:00.000 041   16692.76     -650.44    45306.46    99999.00
1958-02-10 13:09:00.000 041   16693.73     -650.62    45306.54    99999.00
1958-02-10 13:10:00.000 041   16696.57     -650.77    45306.63    99999.00
1958-02-10 13:11:00.000 041   16699.39     -650.92    45306.71    99999.00
1958-02-10 13:12:00.000 041   16700.94     -651.10    45306.78    99999.00
1958-02-10 13:13:00.000 041   16701.63     -651.32    45306.86    99999.00
1958-02-10 13:14:00.000 041   16702.13     -651.61    45306.93    99999.00
1958-02-10 13:15:00.000 041   16702.85     -651.92    45306.99    99999.00
1958-02-10 13:16:00.000 041   16704.08     -652.19    45307.06    99999.00
1958-02-10 13:17:00.000 041   16705.66     -652.33    45307.12    99999.00
1958-02-10 13:18:00.000 041   16707.16     -652.26    45307.18    99999.00
1958-02-10 13:19:00.000 041   16708.18     -652.09    45307.23    99999.00
1958-02-10 13:20:00.000 041   16708.40     -651.95    45307.29    99999.00
1958-02-10 13:21:00.000 041   16707.80     -651.93    45307.34    99999.00
1958-02-10 13:22:00.000 041   16706.81     -652.02    45307.39    99999.00
1958-02-10 13:23:00.000 041   16705.88     -652.19    45307.44    99999.00
1958-02-10 13:24:00.000 041   16705.62     -652.37    45307.48    99999.00
1958-02-10 13:25:00.000 041   16706.73     -652.53    45307.53    99999.00
1958-02-10 13:26:00.000 041   16708.22     -652.62    45307.57    99999.00
1958-02-10 13:27:00.000 041   16708.54     -652.61    45307.62    99999.00
1958-02-10 13:28:00.000 041   16707.25     -652.47    45307.66    99999.00
1958-02-10 13:29:00.000 041   16705.02     -652.21    45307.71    99999.00
1958-02-10 13:30:00.000 041   16702.67     -651.89    45307.75    99999.00
1958-02-10 13:31:00.000 041   16700.64     -651.59    45307.80    99999.00
1958-02-10 13:32:00.000 041   16699.19     -651.44    45307.85    99999.00
1958-02-10 13:33:00.000 041   16698.48     -651.51    45307.91    99999.00
1958-02-10 13:34:00.000 041   16698.68     -651.57    45307.97    99999.00
1958-02-10 13:35:00.000 041   16699.78     -651.29    45308.04    99999.00
1958-02-10 13:36:00.000 041   16701.54     -651.34    45308.12    99999.00
1958-02-10 13:37:00.000 041   16703.73     -651.72    45308.20    99999.00
1958-02-10 13:38:00.000 041   16706.18     -652.18    45308.29    99999.00
1958-02-10 13:39:00.000 041   16708.69     -652.64    45308.38    99999.00
1958-02-10 13:40:00.000 041   16711.05     -653.01    45308.48    99999.00
1958-02-10 13:41:00.000 041   16713.04     -653.15    45308.59    99999.00
1958-02-10 13:42:00.000 041   16714.33     -652.98    45308.70    99999.00
1958-02-10 13:43:00.000 041   16714.76     -652.66    45308.81    99999.00
1958-02-10 13:44:00.000 041   16714.41     -652.62    45308.93    99999.00
1958-02-10 13:45:00.000 041   16713.48     -652.86    45309.05    99999.00
1958-02-10 13:46:00.000 041   16712.34     -653.10    45309.17    99999.00
1958-02-10 13:47:00.000 041   16711.93     -653.16    45309.30    99999.00
1958-02-10 13:48:00.000 041   16713.37     -652.98    45309.43    99999.00
1958-02-10 13:49:00.000 041   16715.76     -652.72    45309.56    99999.00
1958-02-10 13:50:00.000 041   16716.61     -652.57    45309.69    99999.00
1958-02-10 13:51:00.000 041   16715.59     -652.67    45309.83    99999.00
1958-02-10 13:52:00.000 041   16713.97     -652.89    45309.97    99999.00
1958-02-10 13:53:00.000 041   16712.62     -653.03    45310.11    99999.00
1958-02-10 13:54:00.000 041   16712.43     -652.92    45310.26    99999.00
1958-02-10 13:55:00.000 041   16713.39     -652.68    45310.41    99999.00
1958-02-10 13:56:00.000 041   16714.29     -652.52    45310.57    99999.00
1958-02-10 13:57:00.000 041   16713.97     -652.55    45310.73    99999.00
1958-02-10 13:58:00.000 041   16712.58     -652.71    45310.89    99999.00
1958-02-10 13:59:00.000 041   16710.95     -652.88    45311.07    99999.00
1958-02-10 14:00:00.000 041   16710.04     -652.98    45311.24    99999.00
1958-02-10 14:01:00.000 041   16711.78     -652.94    45311.43    99999.00
1958-02-10 14:02:00.000 041   16714.02     -652.74    45311.63    99999.00
1958-02-10 14:03:00.000 041   16714.19     -652.48    45311.84    99999.00
1958-02-10 14:04:00.000 041   16713.22     -652.23    45312.06    99999.00
1958-02-10 14:05:00.000 041   16711.93     -652.05    45312.29    99999.00
1958-02-10 14:06:00.000 041   16710.64     -651.98    45312.53    99999.00
1958-02-10 14:07:00.000 041   16709.53     -652.02    45312.78    99999.00
1958-02-10 14:08:00.000 041   16708.80     -652.12    45313.03    99999.00
1958-02-10 14:09:00.000 041   16708.61     -652.25    45313.29    99999.00
1958-02-10 14:10:00.000 041   16708.98     -652.39    45313.54    99999.00
1958-02-10 14:11:00.000 041   16709.75     -652.45    45313.78    99999.00
1958-02-10 14:12:00.000 041   16710.71     -652.33    45314.02    99999.00
1958-02-10 14:13:00.000 041   16711.47     -652.13    45314.24    99999.00
1958-02-10 14:14:00.000 041   16711.03     -652.35    45314.46    99999.00
1958-02-10 14:15:00.000 041   16708.95     -652.50    45314.66    99999.00
1958-02-10 14:16:00.000 041   16709.13     -652.49    45314.85    99999.00
1958-02-10 14:17:00.000 041   16711.71     -652.36    45315.03    99999.00
1958-02-10 14:18:00.000 041   16714.26     -652.17    45315.20    99999.00
1958-02-10 14:19:00.000 041   16715.35     -651.97    45315.37    99999.00
1958-02-10 14:20:00.000 041   16713.62     -651.77    45315.52    99999.00
1958-02-10 14:21:00.000 041   16710.13     -651.60    45315.67    99999.00
1958-02-10 14:22:00.000 041   16709.07     -651.48    45315.81    99999.00
1958-02-10 14:23:00.000 041   16712.81     -651.49    45315.95    99999.00
1958-02-10 14:24:00.000 041   16712.17     -651.67    45316.09    99999.00
1958-02-10 14:25:00.000 041   16708.93     -651.94    45316.22    99999.00
1958-02-10 14:26:00.000 041   16708.55     -652.11    45316.35    99999.00
1958-02-10 14:27:00.000 041   16710.77     -652.06    45316.48    99999.00
1958-02-10 14:28:00.000 041   16713.75     -651.86    45316.61    99999.00
1958-02-10 14:29:00.000 041   16715.97     -651.59    45316.73    99999.00
1958-02-10 14:30:00.000 041   16715.22     -651.27    45316.85    99999.00
1958-02-10 14:31:00.000 041   16713.58     -650.94    45316.97    99999.00
1958-02-10 14:32:00.000 041   16714.12     -650.60    45317.09    99999.00
1958-02-10 14:33:00.000 041   16715.61     -650.26    45317.21    99999.00
1958-02-10 14:34:00.000 041   16716.94     -649.94    45317.32    99999.00
1958-02-10 14:35:00.000 041   16717.71     -649.64    45317.44    99999.00
1958-02-10 14:36:00.000 041   16717.70     -649.36    45317.56    99999.00
1958-02-10 14:37:00.000 041   16716.96     -649.12    45317.67    99999.00
1958-02-10 14:38:00.000 041   16715.82     -648.92    45317.78    99999.00
1958-02-10 14:39:00.000 041   16714.52     -648.79    45317.90    99999.00
1958-02-10 14:40:00.000 041   16713.25     -648.81    45318.01    99999.00
1958-02-10 14:41:00.000 041   16712.21     -649.09    45318.12    99999.00
1958-02-10 14:42:00.000 041   16711.56     -648.94    45318.24    99999.00
1958-02-10 14:43:00.000 041   16711.41     -648.79    45318.35    99999.00
1958-02-10 14:44:00.000 041   16711.68     -648.90    45318.46    99999.00
1958-02-10 14:45:00.000 041   16712.30     -649.13    45318.58    99999.00
1958-02-10 14:46:00.000 041   16713.20     -649.38    45318.69    99999.00
1958-02-10 14:47:00.000 041   16714.26     -649.60    45318.81    99999.00
1958-02-10 14:48:00.000 041   16715.30     -649.53    45318.93    99999.00
1958-02-10 14:49:00.000 041   16715.86     -649.45    45319.05    99999.00
1958-02-10 14:50:00.000 041   16714.41     -649.77    45319.17    99999.00
1958-02-10 14:51:00.000 041   16711.98     -650.11    45319.29    99999.00
1958-02-10 14:52:00.000 041   16712.14     -650.41    45319.42    99999.00
1958-02-10 14:53:00.000 041   16713.87     -650.63    45319.55    99999.00
1958-02-10 14:54:00.000 041   16716.01     -650.72    45319.68    99999.00
1958-02-10 14:55:00.000 041   16718.01     -650.63    45319.82    99999.00
1958-02-10 14:56:00.000 041   16719.45     -650.36    45319.97    99999.00
1958-02-10 14:57:00.000 041   16719.69     -649.96    45320.12    99999.00
1958-02-10 14:58:00.000 041   16718.05     -649.51    45320.28    99999.00
1958-02-10 14:59:00.000 041   16715.02     -649.43    45320.44    99999.00
1958-02-10 15:00:00.000 041   16712.47     -649.69    45320.61    99999.00
1958-02-10 15:01:00.000 041   16712.46     -649.60    45320.79    99999.00
1958-02-10 15:02:00.000 041   16714.19     -649.37    45320.98    99999.00
1958-02-10 15:03:00.000 041   16716.10     -649.12    45321.18    99999.00
1958-02-10 15:04:00.000 041   16716.23     -648.87    45321.39    99999.00
1958-02-10 15:05:00.000 041   16713.94     -648.64    45321.61    99999.00
1958-02-10 15:06:00.000 041   16712.25     -648.48    45321.83    99999.00
1958-02-10 15:07:00.000 041   16712.79     -648.47    45322.07    99999.00
1958-02-10 15:08:00.000 041   16714.06     -648.70    45322.31    99999.00
1958-02-10 15:09:00.000 041   16714.64     -649.05    45322.56    99999.00
1958-02-10 15:10:00.000 041   16713.13     -648.84    45322.81    99999.00
1958-02-10 15:11:00.000 041   16710.85     -648.52    45323.07    99999.00
1958-02-10 15:12:00.000 041   16711.46     -648.60    45323.33    99999.00
1958-02-10 15:13:00.000 041   16713.48     -648.91    45323.59    99999.00
1958-02-10 15:14:00.000 041   16711.76     -649.18    45323.85    99999.00
1958-02-10 15:15:00.000 041   16712.18     -649.26    45324.11    99999.00
1958-02-10 15:16:00.000 041   16714.16     -649.09    45324.37    99999.00
1958-02-10 15:17:00.000 041   16715.73     -648.76    45324.62    99999.00
1958-02-10 15:18:00.000 041   16716.04     -648.40    45324.87    99999.00
1958-02-10 15:19:00.000 041   16714.78     -648.12    45325.12    99999.00
1958-02-10 15:20:00.000 041   16712.43     -647.98    45325.36    99999.00
1958-02-10 15:21:00.000 041   16709.59     -648.02    45325.60    99999.00
1958-02-10 15:22:00.000 041   16706.86     -648.20    45325.83    99999.00
1958-02-10 15:23:00.000 041   16704.76     -648.48    45326.05    99999.00
1958-02-10 15:24:00.000 041   16703.78     -648.81    45326.26    99999.00
1958-02-10 15:25:00.000 041   16704.51     -649.15    45326.47    99999.00
1958-02-10 15:26:00.000 041   16706.99     -649.40    45326.66    99999.00
1958-02-10 15:27:00.000 041   16710.54     -649.35    45326.84    99999.00
1958-02-10 15:28:00.000 041   16714.26     -649.28    45327.02    99999.00
1958-02-10 15:29:00.000 041   16717.11     -649.50    45327.19    99999.00
1958-02-10 15:30:00.000 041   16718.47     -649.25    45327.35    99999.00
1958-02-10 15:31:00.000 041   16718.24     -648.99    45327.52    99999.00
1958-02-10 15:32:00.000 041   16717.15     -648.97    45327.68    99999.00
1958-02-10 15:33:00.000 041   16716.05     -649.33    45327.84    99999.00
1958-02-10 15:34:00.000 041   16715.68     -649.62    45328.01    99999.00
1958-02-10 15:35:00.000 041   16716.78     -649.69    45328.17    99999.00
1958-02-10 15:36:00.000 041   16718.85     -649.59    45328.34    99999.00
1958-02-10 15:37:00.000 041   16720.82     -649.38    45328.52    99999.00
1958-02-10 15:38:00.000 041   16722.01     -649.13    45328.70    99999.00
1958-02-10 15:39:00.000 041   16722.33     -648.85    45328.89    99999.00
1958-02-10 15:40:00.000 041   16722.00     -648.58    45329.08    99999.00
1958-02-10 15:41:00.000 041   16721.22     -648.32    45329.29    99999.00
1958-02-10 15:42:00.000 041   16720.04     -648.09    45329.51    99999.00
1958-02-10 15:43:00.000 041   16718.49     -647.93    45329.73    99999.00
1958-02-10 15:44:00.000 041   16716.46     -647.86    45329.97    99999.00
1958-02-10 15:45:00.000 041   16713.84     -647.96    45330.22    99999.00
1958-02-10 15:46:00.000 041   16711.21     -648.22    45330.49    99999.00
1958-02-10 15:47:00.000 041   16709.85     -648.62    45330.76    99999.00
1958-02-10 15:48:00.000 041   16710.12     -648.93    45331.04    99999.00
1958-02-10 15:49:00.000 041   16711.42     -648.89    45331.33    99999.00
1958-02-10 15:50:00.000 041   16713.26     -648.72    45331.63    99999.00
1958-02-10 15:51:00.000 041   16715.48     -648.63    45331.94    99999.00
1958-02-10 15:52:00.000 041   16717.99     -648.71    45332.26    99999.00
1958-02-10 15:53:00.000 041   16720.80     -648.91    45332.58    99999.00
1958-02-10 15:54:00.000 041   16723.88     -649.17    45332.92    99999.00
1958-02-10 15:55:00.000 041   16724.71     -649.43    45333.27    99999.00
1958-02-10 15:56:00.000 041   16722.56     -649.65    45333.62    99999.00
1958-02-10 15:57:00.000 041   16720.27     -649.72    45333.98    99999.00
1958-02-10 15:58:00.000 041   16718.60     -649.40    45334.36    99999.00
1958-02-10 15:59:00.000 041   16717.74     -649.37    45334.75    99999.00
1958-02-10 16:00:00.000 041   16717.82     -649.53    45335.15    99999.00
1958-02-10 16:01:00.000 041   16719.90     -649.31    45335.57    99999.00
1958-02-10 16:02:00.000 041   16723.57     -648.90    45336.00    99999.00
1958-02-10 16:03:00.000 041   16723.01     -648.45    45336.48    99999.00
1958-02-10 16:04:00.000 041   16720.84     -647.99    45336.99    99999.00
1958-02-10 16:05:00.000 041   16718.31     -647.60    45337.55    99999.00
1958-02-10 16:06:00.000 041   16715.81     -647.49    45338.17    99999.00
1958-02-10 16:07:00.000 041   16713.60     -647.74    45338.80    99999.00
1958-02-10 16:08:00.000 041   16712.05     -647.43    45339.29    99999.00
1958-02-10 16:09:00.000 041   16712.01     -647.26    45339.59    99999.00
1958-02-10 16:10:00.000 041   16714.30     -647.39    45339.77    99999.00
1958-02-10 16:11:00.000 041   16718.07     -647.61    45339.90    99999.00
1958-02-10 16:12:00.000 041   16720.44     -647.81    45340.03    99999.00
1958-02-10 16:13:00.000 041   16721.23     -647.92    45340.17    99999.00
1958-02-10 16:14:00.000 041   16721.50     -647.92    45340.32    99999.00
1958-02-10 16:15:00.000 041   16722.14     -647.81    45340.49    99999.00
1958-02-10 16:16:00.000 041   16726.15     -647.63    45340.70    99999.00
1958-02-10 16:17:00.000 041   16726.54     -647.40    45340.94    99999.00
1958-02-10 16:18:00.000 041   16724.59     -647.13    45341.21    99999.00
1958-02-10 16:19:00.000 041   16722.21     -646.84    45341.52    99999.00
1958-02-10 16:20:00.000 041   16719.74     -646.56    45341.87    99999.00
1958-02-10 16:21:00.000 041   16717.35     -646.29    45342.27    99999.00
1958-02-10 16:22:00.000 041   16715.19     -646.05    45342.71    99999.00
1958-02-10 16:23:00.000 041   16713.43     -645.85    45343.19    99999.00
1958-02-10 16:24:00.000 041   16712.27     -645.71    45343.71    99999.00
1958-02-10 16:25:00.000 041   16711.77     -645.64    45344.26    99999.00
1958-02-10 16:26:00.000 041   16711.90     -645.62    45344.84    99999.00
1958-02-10 16:27:00.000 041   16712.55     -645.65    45345.46    99999.00
1958-02-10 16:28:00.000 041   16713.53     -645.71    45346.11    99999.00
1958-02-10 16:29:00.000 041   16714.68     -645.81    45346.80    99999.00
1958-02-10 16:30:00.000 041   16715.99     -645.92    45347.53    99999.00
1958-02-10 16:31:00.000 041   16717.49     -646.05    45348.31    99999.00
1958-02-10 16:32:00.000 041   16719.30     -646.20    45349.15    99999.00
1958-02-10 16:33:00.000 041   16721.99     -646.36    45350.06    99999.00
1958-02-10 16:34:00.000 041   16726.01     -646.55    45351.09    99999.00
1958-02-10 16:35:00.000 041   16725.85     -646.76    45352.32    99999.00
1958-02-10 16:36:00.000 041   16725.04     -647.03    45353.87    99999.00
1958-02-10 16:37:00.000 041   16724.14     -647.38    45355.84    99999.00
1958-02-10 16:38:00.000 041   16723.27     -647.84    45357.65    99999.00
1958-02-10 16:39:00.000 041   16722.51     -648.11    45358.91    99999.00
1958-02-10 16:40:00.000 041   16721.99     -647.82    45359.94    99999.00
1958-02-10 16:41:00.000 041   16721.96     -647.46    45360.93    99999.00
1958-02-10 16:42:00.000 041   16723.01     -647.47    45361.96    99999.00
1958-02-10 16:43:00.000 041   16725.43     -647.88    45363.09    99999.00
1958-02-10 16:44:00.000 041   16725.56     -648.26    45364.45    99999.00
1958-02-10 16:45:00.000 041   16722.61     -647.09    45366.19    99999.00
1958-02-10 16:46:00.000 041   16719.51     -645.52    45368.41    99999.00
1958-02-10 16:47:00.000 041   16719.06     -645.59    45371.10    99999.00
1958-02-10 16:48:00.000 041   16719.38     -644.23    45373.94    99999.00
1958-02-10 16:49:00.000 041   16716.65     -642.45    45376.06    99999.00
1958-02-10 16:50:00.000 041   16712.81     -640.75    45376.44    99999.00
1958-02-10 16:51:00.000 041   16709.22     -639.72    45375.13    99999.00
1958-02-10 16:52:00.000 041   16706.61     -640.25    45372.74    99999.00
1958-02-10 16:53:00.000 041   16705.94     -639.60    45369.79    99999.00
1958-02-10 16:54:00.000 041   16708.47     -639.33    45366.59    99999.00
1958-02-10 16:55:00.000 041   16714.56     -639.43    45363.27    99999.00
1958-02-10 16:56:00.000 041   16723.47     -638.53    45359.98    99999.00
1958-02-10 16:57:00.000 041   16733.69     -637.51    45356.86    99999.00
1958-02-10 16:58:00.000 041   16744.05     -636.91    45354.19    99999.00
1958-02-10 16:59:00.000 041   16753.97     -638.19    45352.20    99999.00
1958-02-10 17:00:00.000 041   16762.70     -637.35    45351.10    99999.00
1958-02-10 17:01:00.000 041   16768.48     -636.72    45350.66    99999.00
1958-02-10 17:02:00.000 041   16771.09     -637.07    45350.29    99999.00
1958-02-10 17:03:00.000 041   16782.58     -637.89    45349.46    99999.00
1958-02-10 17:04:00.000 041   16800.36     -639.74    45347.93    99999.00
1958-02-10 17:05:00.000 041   16800.16     -641.87    45346.37    99999.00
1958-02-10 17:06:00.000 041   16798.95     -643.94    45345.45    99999.00
1958-02-10 17:07:00.000 041   16810.06     -645.99    45345.62    99999.00
1958-02-10 17:08:00.000 041   16809.56     -648.03    45346.79    99999.00
1958-02-10 17:09:00.000 041   16809.81     -650.07    45348.38    99999.00
1958-02-10 17:10:00.000 041   16820.21     -651.93    45349.89    99999.00
1958-02-10 17:11:00.000 041   16824.40     -652.83    45350.74    99999.00
1958-02-10 17:12:00.000 041   16822.53     -652.45    45350.51    99999.00
1958-02-10 17:13:00.000 041   16813.64     -651.68    45349.39    99999.00
1958-02-10 17:14:00.000 041   16803.62     -651.07    45347.89    99999.00
1958-02-10 17:15:00.000 041   16793.54     -650.93    45346.79    99999.00
1958-02-10 17:16:00.000 041   16784.21     -651.28    45346.33    99999.00
1958-02-10 17:17:00.000 041   16775.78     -651.87    45346.13    99999.00
1958-02-10 17:18:00.000 041   16766.74     -651.11    45345.73    99999.00
1958-02-10 17:19:00.000 041   16755.63     -647.30    45345.09    99999.00
1958-02-10 17:20:00.000 041   16742.33     -644.17    45344.26    99999.00
1958-02-10 17:21:00.000 041   16728.76     -641.64    45343.46    99999.00
1958-02-10 17:22:00.000 041   16716.67     -639.78    45343.31    99999.00
1958-02-10 17:23:00.000 041   16707.11     -638.81    45343.77    99999.00
1958-02-10 17:24:00.000 041   16700.80     -638.88    45343.91    99999.00
1958-02-10 17:25:00.000 041   16698.35     -639.79    45343.19    99999.00
1958-02-10 17:26:00.000 041   16699.78     -641.22    45342.15    99999.00
1958-02-10 17:27:00.000 041   16704.11     -642.07    45341.42    99999.00
1958-02-10 17:28:00.000 041   16710.46     -641.70    45341.20    99999.00
1958-02-10 17:29:00.000 041   16718.02     -642.11    45341.44    99999.00
1958-02-10 17:30:00.000 041   16725.96     -642.86    45342.02    99999.00
1958-02-10 17:31:00.000 041   16733.07     -643.77    45342.83    99999.00
1958-02-10 17:32:00.000 041   16737.60     -644.81    45343.79    99999.00
1958-02-10 17:33:00.000 041   16738.81     -645.94    45344.87    99999.00
1958-02-10 17:34:00.000 041   16737.40     -647.11    45346.06    99999.00
1958-02-10 17:35:00.000 041   16741.06     -648.20    45347.47    99999.00
1958-02-10 17:36:00.000 041   16743.48     -649.12    45349.26    99999.00
1958-02-10 17:37:00.000 041   16734.22     -649.81    45350.66    99999.00
1958-02-10 17:38:00.000 041   16729.12     -650.21    45351.38    99999.00
1958-02-10 17:39:00.000 041   16731.56     -650.31    45350.91    99999.00
1958-02-10 17:40:00.000 041   16737.01     -650.07    45350.11    99999.00
1958-02-10 17:41:00.000 041   16741.07     -649.53    45350.02    99999.00
1958-02-10 17:42:00.000 041   16741.58     -648.76    45350.28    99999.00
1958-02-10 17:43:00.000 041   16738.07     -647.83    45350.65    99999.00
1958-02-10 17:44:00.000 041   16731.72     -646.78    45351.00    99999.00
1958-02-10 17:45:00.000 041   16723.37     -645.68    45351.28    99999.00
1958-02-10 17:46:00.000 041   16713.58     -644.58    45351.57    99999.00
1958-02-10 17:47:00.000 041   16702.78     -643.54    45351.90    99999.00
1958-02-10 17:48:00.000 041   16691.79     -642.72    45352.25    99999.00
1958-02-10 17:49:00.000 041   16682.83     -642.35    45352.61    99999.00
1958-02-10 17:50:00.000 041   16679.96     -642.69    45352.98    99999.00
1958-02-10 17:51:00.000 041   16687.08     -643.93    45353.34    99999.00
1958-02-10 17:52:00.000 041   16697.27     -644.05    45353.68    99999.00
1958-02-10 17:53:00.000 041   16704.33     -643.51    45354.01    99999.00
1958-02-10 17:54:00.000 041   16707.82     -643.86    45354.29    99999.00
1958-02-10 17:55:00.000 041   16708.49     -643.97    45354.46    99999.00
1958-02-10 17:56:00.000 041   16707.39     -643.74    45354.42    99999.00
1958-02-10 17:57:00.000 041   16705.29     -643.36    45354.06    99999.00
1958-02-10 17:58:00.000 041   16702.61     -642.98    45353.53    99999.00
1958-02-10 17:59:00.000 041   16699.60     -642.72    45353.10    99999.00
1958-02-10 18:00:00.000 041   16696.45     -642.93    45352.93    99999.00
1958-02-10 18:01:00.000 041   16693.38     -643.19    45352.85    99999.00
1958-02-10 18:02:00.000 041   16690.61     -642.86    45352.66    99999.00
1958-02-10 18:03:00.000 041   16688.51     -642.31    45352.46    99999.00
1958-02-10 18:04:00.000 041   16687.65     -641.78    45352.63    99999.00
1958-02-10 18:05:00.000 041   16688.42     -641.38    45353.53    99999.00
1958-02-10 18:06:00.000 041   16691.12     -641.15    45354.14    99999.00
1958-02-10 18:07:00.000 041   16695.26     -641.12    45353.95    99999.00
1958-02-10 18:08:00.000 041   16693.92     -641.28    45353.41    99999.00
1958-02-10 18:09:00.000 041   16691.64     -641.56    45352.85    99999.00
1958-02-10 18:10:00.000 041   16694.73     -641.91    45352.67    99999.00
1958-02-10 18:11:00.000 041   16699.19     -642.29    45353.57    99999.00
1958-02-10 18:12:00.000 041   16703.40     -642.63    45354.16    99999.00
1958-02-10 18:13:00.000 041   16706.71     -642.87    45353.86    99999.00
1958-02-10 18:14:00.000 041   16708.67     -642.89    45353.25    99999.00
1958-02-10 18:15:00.000 041   16708.87     -642.69    45352.56    99999.00
1958-02-10 18:16:00.000 041   16707.49     -642.32    45351.90    99999.00
1958-02-10 18:17:00.000 041   16705.08     -641.98    45351.48    99999.00
1958-02-10 18:18:00.000 041   16702.16     -642.09    45351.59    99999.00
1958-02-10 18:19:00.000 041   16699.30     -642.58    45351.99    99999.00
1958-02-10 18:20:00.000 041   16697.19     -642.79    45352.36    99999.00
1958-02-10 18:21:00.000 041   16696.79     -642.77    45352.73    99999.00
1958-02-10 18:22:00.000 041   16698.38     -642.89    45353.12    99999.00
1958-02-10 18:23:00.000 041   16701.48     -643.20    45353.56    99999.00
1958-02-10 18:24:00.000 041   16705.19     -643.67    45354.06    99999.00
1958-02-10 18:25:00.000 041   16708.51     -644.20    45354.61    99999.00
1958-02-10 18:26:00.000 041   16710.84     -644.76    45355.19    99999.00
1958-02-10 18:27:00.000 041   16712.17     -645.31    45355.77    99999.00
1958-02-10 18:28:00.000 041   16712.63     -645.81    45356.31    99999.00
1958-02-10 18:29:00.000 041   16712.36     -646.23    45356.77    99999.00
1958-02-10 18:30:00.000 041   16711.47     -646.50    45357.10    99999.00
1958-02-10 18:31:00.000 041   16710.05     -646.60    45357.28    99999.00
1958-02-10 18:32:00.000 041   16708.23     -646.52    45357.36    99999.00
1958-02-10 18:33:00.000 041   16706.14     -646.32    45357.40    99999.00
1958-02-10 18:34:00.000 041   16703.87     -646.17    45357.45    99999.00
1958-02-10 18:35:00.000 041   16701.49     -646.31    45357.51    99999.00
1958-02-10 18:36:00.000 041   16699.09     -646.49    45357.56    99999.00
1958-02-10 18:37:00.000 041   16696.74     -646.42    45357.59    99999.00
1958-02-10 18:38:00.000 041   16694.59     -646.13    45357.60    99999.00
1958-02-10 18:39:00.000 041   16692.96     -645.76    45357.55    99999.00
1958-02-10 18:40:00.000 041   16692.73     -645.40    45357.45    99999.00
1958-02-10 18:41:00.000 041   16694.58     -645.09    45357.31    99999.00
1958-02-10 18:42:00.000 041   16693.57     -644.87    45357.18    99999.00
1958-02-10 18:43:00.000 041   16691.61     -644.74    45357.09    99999.00
1958-02-10 18:44:00.000 041   16690.35     -644.71    45357.05    99999.00
1958-02-10 18:45:00.000 041   16690.08     -644.79    45357.08    99999.00
1958-02-10 18:46:00.000 041   16690.86     -644.99    45357.17    99999.00
1958-02-10 18:47:00.000 041   16692.43     -645.28    45357.33    99999.00
1958-02-10 18:48:00.000 041   16694.42     -645.64    45357.60    99999.00
1958-02-10 18:49:00.000 041   16696.55     -646.05    45358.02    99999.00
1958-02-10 18:50:00.000 041   16698.63     -646.50    45358.55    99999.00
1958-02-10 18:51:00.000 041   16700.52     -646.97    45359.08    99999.00
1958-02-10 18:52:00.000 041   16702.07     -647.45    45359.52    99999.00
1958-02-10 18:53:00.000 041   16703.14     -647.92    45359.86    99999.00
1958-02-10 18:54:00.000 041   16703.61     -648.37    45360.13    99999.00
1958-02-10 18:55:00.000 041   16703.54     -648.77    45360.35    99999.00
1958-02-10 18:56:00.000 041   16703.05     -649.10    45360.53    99999.00
1958-02-10 18:57:00.000 041   16702.28     -649.32    45360.69    99999.00
1958-02-10 18:58:00.000 041   16701.36     -649.43    45360.80    99999.00
1958-02-10 18:59:00.000 041   16700.41     -649.40    45360.88    99999.00
1958-02-10 19:00:00.000 041   16699.59     -649.26    45361.01    99999.00
1958-02-10 19:01:00.000 041   16699.05     -649.03    45361.51    99999.00
1958-02-10 19:02:00.000 041   16698.90     -648.76    45362.39    99999.00
1958-02-10 19:03:00.000 041   16699.02     -648.51    45363.37    99999.00
1958-02-10 19:04:00.000 041   16699.20     -648.34    45364.32    99999.00
1958-02-10 19:05:00.000 041   16699.21     -648.24    45365.14    99999.00
1958-02-10 19:06:00.000 041   16698.86     -648.18    45365.73    99999.00
1958-02-10 19:07:00.000 041   16697.98     -648.11    45365.90    99999.00
1958-02-10 19:08:00.000 041   16696.48     -647.99    45365.50    99999.00
1958-02-10 19:09:00.000 041   16694.27     -647.78    45365.06    99999.00
1958-02-10 19:10:00.000 041   16691.38     -647.43    45365.50    99999.00
1958-02-10 19:11:00.000 041   16688.08     -646.92    45367.18    99999.00
1958-02-10 19:12:00.000 041   16684.66     -646.22    45369.44    99999.00
1958-02-10 19:13:00.000 041   16681.36     -645.28    45371.53    99999.00
1958-02-10 19:14:00.000 041   16678.41     -644.08    45372.98    99999.00
1958-02-10 19:15:00.000 041   16676.04     -642.77    45373.38    99999.00
1958-02-10 19:16:00.000 041   16674.50     -641.71    45372.29    99999.00
1958-02-10 19:17:00.000 041   16674.08     -641.28    45369.31    99999.00
1958-02-10 19:18:00.000 041   16675.14     -641.60    45364.81    99999.00
1958-02-10 19:19:00.000 041   16678.14     -642.75    45359.44    99999.00
1958-02-10 19:20:00.000 041   16683.39     -644.43    45354.04    99999.00
1958-02-10 19:21:00.000 041   16690.70     -645.54    45349.79    99999.00
1958-02-10 19:22:00.000 041   16699.70     -644.67    45348.37    99999.00
1958-02-10 19:23:00.000 041   16709.85     -642.27    45350.24    99999.00
1958-02-10 19:24:00.000 041   16720.29     -641.51    45354.01    99999.00
1958-02-10 19:25:00.000 041   16729.61     -643.32    45357.69    99999.00
1958-02-10 19:26:00.000 041   16735.03     -647.04    45359.89    99999.00
1958-02-10 19:27:00.000 041   16732.98     -651.27    45360.74    99999.00
1958-02-10 19:28:00.000 041   16723.83     -655.15    45360.76    99999.00
1958-02-10 19:29:00.000 041   16714.82     -658.25    45360.25    99999.00
1958-02-10 19:30:00.000 041   16718.19     -660.26    45359.46    99999.00
1958-02-10 19:31:00.000 041   16728.19     -660.97    45358.66    99999.00
1958-02-10 19:32:00.000 041   16733.34     -660.25    45357.47    99999.00
1958-02-10 19:33:00.000 041   16729.81     -658.26    45355.17    99999.00
1958-02-10 19:34:00.000 041   16717.51     -655.38    45351.70    99999.00
1958-02-10 19:35:00.000 041   16699.66     -651.96    45347.79    99999.00
1958-02-10 19:36:00.000 041   16680.26     -648.28    45344.11    99999.00
1958-02-10 19:37:00.000 041   16661.70     -644.63    45341.17    99999.00
1958-02-10 19:38:00.000 041   16645.44     -641.29    45339.52    99999.00
1958-02-10 19:39:00.000 041   16632.49     -638.59    45339.88    99999.00
1958-02-10 19:40:00.000 041   16623.55     -636.93    45342.13    99999.00
1958-02-10 19:41:00.000 041   16619.14     -636.68    45345.40    99999.00
1958-02-10 19:42:00.000 041   16619.57     -637.78    45348.41    99999.00
1958-02-10 19:43:00.000 041   16624.20     -639.94    45349.91    99999.00
1958-02-10 19:44:00.000 041   16632.03     -642.75    45349.88    99999.00
1958-02-10 19:45:00.000 041   16642.32     -645.69    45348.83    99999.00
1958-02-10 19:46:00.000 041   16654.42     -648.08    45347.23    99999.00
1958-02-10 19:47:00.000 041   16667.73     -649.19    45345.45    99999.00
1958-02-10 19:48:00.000 041   16681.62     -648.75    45343.65    99999.00
1958-02-10 19:49:00.000 041   16695.20     -647.22    45341.86    99999.00
1958-02-10 19:50:00.000 041   16706.98     -645.13    45340.12    99999.00
1958-02-10 19:51:00.000 041   16713.28     -643.00    45338.45    99999.00
1958-02-10 19:52:00.000 041   16707.18     -641.22    45336.90    99999.00
1958-02-10 19:53:00.000 041   16684.73     -640.09    45335.56    99999.00
1958-02-10 19:54:00.000 041   16665.92     -639.75    45334.54    99999.00
1958-02-10 19:55:00.000 041   16659.73     -640.08    45333.96    99999.00
1958-02-10 19:56:00.000 041   16659.72     -640.84    45333.93    99999.00
1958-02-10 19:57:00.000 041   16662.67     -641.84    45334.36    99999.00
1958-02-10 19:58:00.000 041   16667.36     -642.96    45335.05    99999.00
1958-02-10 19:59:00.000 041   16673.15     -644.09    45335.79    99999.00
1958-02-10 20:00:00.000 041   16679.57     -645.13    45336.38    99999.00
1958-02-10 20:01:00.000 041   16686.25     -646.04    45336.76    99999.00
1958-02-10 20:02:00.000 041   16692.73     -646.74    45337.00    99999.00
1958-02-10 20:03:00.000 041   16698.48     -647.22    45337.17    99999.00
1958-02-10 20:04:00.000 041   16702.96     -647.47    45337.32    99999.00
1958-02-10 20:05:00.000 041   16705.76     -647.53    45337.47    99999.00
1958-02-10 20:06:00.000 041   16706.81     -647.44    45337.54    99999.00
1958-02-10 20:07:00.000 041   16706.32     -647.23    45337.39    99999.00
1958-02-10 20:08:00.000 041   16704.61     -646.93    45336.77    99999.00
1958-02-10 20:09:00.000 041   16702.08     -646.54    45335.60    99999.00
1958-02-10 20:10:00.000 041   16699.09     -646.11    45334.61    99999.00
1958-02-10 20:11:00.000 041   16695.87     -645.64    45334.31    99999.00
1958-02-10 20:12:00.000 041   16692.60     -645.17    45334.44    99999.00
1958-02-10 20:13:00.000 041   16689.43     -644.73    45334.71    99999.00
1958-02-10 20:14:00.000 041   16686.52     -644.37    45334.92    99999.00
1958-02-10 20:15:00.000 041   16684.04     -644.17    45334.89    99999.00
1958-02-10 20:16:00.000 041   16682.23     -644.17    45334.64    99999.00
1958-02-10 20:17:00.000 041   16681.44     -644.37    45334.44    99999.00
1958-02-10 20:18:00.000 041   16681.92     -644.75    45334.55    99999.00
1958-02-10 20:19:00.000 041   16683.61     -645.15    45334.86    99999.00
1958-02-10 20:20:00.000 041   16686.21     -645.28    45335.11    99999.00
1958-02-10 20:21:00.000 041   16689.15     -645.12    45334.90    99999.00
1958-02-10 20:22:00.000 041   16691.59     -644.80    45334.16    99999.00
1958-02-10 20:23:00.000 041   16692.56     -644.42    45333.46    99999.00
1958-02-10 20:24:00.000 041   16691.48     -644.25    45332.97    99999.00
1958-02-10 20:25:00.000 041   16688.84     -644.59    45332.68    99999.00
1958-02-10 20:26:00.000 041   16685.27     -643.86    45332.59    99999.00
1958-02-10 20:27:00.000 041   16681.37     -643.84    45332.71    99999.00
1958-02-10 20:28:00.000 041   16677.92     -644.07    45333.05    99999.00
1958-02-10 20:29:00.000 041   16676.44     -644.39    45333.55    99999.00
1958-02-10 20:30:00.000 041   16678.65     -644.75    45334.15    99999.00
1958-02-10 20:31:00.000 041   16683.38     -645.13    45334.76    99999.00
1958-02-10 20:32:00.000 041   16684.98     -645.51    45335.33    99999.00
1958-02-10 20:33:00.000 041   16682.47     -645.87    45335.78    99999.00
1958-02-10 20:34:00.000 041   16679.71     -646.21    45336.07    99999.00
1958-02-10 20:35:00.000 041   16685.88     -646.50    45336.23    99999.00
1958-02-10 20:36:00.000 041   16689.41     -646.73    45336.33    99999.00
1958-02-10 20:37:00.000 041   16689.91     -646.86    45336.41    99999.00
1958-02-10 20:38:00.000 041   16689.16     -646.85    45336.53    99999.00
1958-02-10 20:39:00.000 041   16687.83     -646.70    45336.72    99999.00
1958-02-10 20:40:00.000 041   16686.21     -646.40    45336.98    99999.00
1958-02-10 20:41:00.000 041   16684.44     -646.12    45337.29    99999.00
1958-02-10 20:42:00.000 041   16682.59     -646.27    45337.64    99999.00
1958-02-10 20:43:00.000 041   16680.71     -646.44    45338.03    99999.00
1958-02-10 20:44:00.000 041   16678.85     -646.41    45338.43    99999.00
1958-02-10 20:45:00.000 041   16677.04     -646.23    45338.78    99999.00
1958-02-10 20:46:00.000 041   16675.31     -645.99    45339.04    99999.00
1958-02-10 20:47:00.000 041   16673.70     -645.72    45339.19    99999.00
1958-02-10 20:48:00.000 041   16672.24     -645.43    45339.29    99999.00
1958-02-10 20:49:00.000 041   16670.98     -645.13    45339.34    99999.00
1958-02-10 20:50:00.000 041   16669.98     -644.85    45339.38    99999.00
1958-02-10 20:51:00.000 041   16669.26     -644.58    45339.41    99999.00
1958-02-10 20:52:00.000 041   16668.82     -644.37    45339.44    99999.00
1958-02-10 20:53:00.000 041   16668.65     -644.27    45339.47    99999.00
1958-02-10 20:54:00.000 041   16668.75     -644.42    45339.50    99999.00
1958-02-10 20:55:00.000 041   16669.11     -644.72    45339.55    99999.00
1958-02-10 20:56:00.000 041   16669.69     -644.46    45339.61    99999.00
1958-02-10 20:57:00.000 041   16670.47     -644.38    45339.69    99999.00
1958-02-10 20:58:00.000 041   16671.39     -644.50    45339.81    99999.00
1958-02-10 20:59:00.000 041   16672.35     -644.75    45339.96    99999.00
1958-02-10 21:00:00.000 041   16673.21     -645.03    45340.17    99999.00
1958-02-10 21:01:00.000 041   16673.96     -645.30    45340.43    99999.00
1958-02-10 21:02:00.000 041   16674.72     -645.52    45340.71    99999.00
1958-02-10 21:03:00.000 041   16675.89     -645.65    45340.96    99999.00
1958-02-10 21:04:00.000 041   16679.07     -645.63    45341.14    99999.00
1958-02-10 21:05:00.000 041   16680.75     -645.41    45341.18    99999.00
1958-02-10 21:06:00.000 041   16679.50     -645.04    45341.00    99999.00
1958-02-10 21:07:00.000 041   16677.19     -644.63    45340.55    99999.00
1958-02-10 21:08:00.000 041   16674.70     -644.31    45340.02    99999.00
1958-02-10 21:09:00.000 041   16672.34     -644.12    45339.60    99999.00
1958-02-10 21:10:00.000 041   16670.25     -644.07    45339.43    99999.00
1958-02-10 21:11:00.000 041   16668.56     -644.15    45339.53    99999.00
1958-02-10 21:12:00.000 041   16667.36     -644.33    45339.78    99999.00
1958-02-10 21:13:00.000 041   16666.74     -644.56    45340.12    99999.00
1958-02-10 21:14:00.000 041   16666.82     -644.83    45340.47    99999.00
1958-02-10 21:15:00.000 041   16667.67     -645.13    45340.79    99999.00
1958-02-10 21:16:00.000 041   16669.18     -645.43    45340.99    99999.00
1958-02-10 21:17:00.000 041   16671.19     -645.72    45340.98    99999.00
1958-02-10 21:18:00.000 041   16673.58     -646.00    45340.80    99999.00
1958-02-10 21:19:00.000 041   16676.18     -646.24    45340.59    99999.00
1958-02-10 21:20:00.000 041   16678.83     -646.41    45340.47    99999.00
1958-02-10 21:21:00.000 041   16681.30     -646.44    45340.49    99999.00
1958-02-10 21:22:00.000 041   16683.29     -646.28    45340.61    99999.00
1958-02-10 21:23:00.000 041   16684.35     -645.90    45340.78    99999.00
1958-02-10 21:24:00.000 041   16684.24     -645.39    45340.96    99999.00
1958-02-10 21:25:00.000 041   16683.08     -645.21    45341.13    99999.00
1958-02-10 21:26:00.000 041   16681.27     -645.42    45341.27    99999.00
1958-02-10 21:27:00.000 041   16679.55     -645.75    45341.32    99999.00
1958-02-10 21:28:00.000 041   16678.69     -646.02    45341.24    99999.00
1958-02-10 21:29:00.000 041   16679.12     -646.12    45341.08    99999.00
1958-02-10 21:30:00.000 041   16680.45     -646.03    45340.94    99999.00
1958-02-10 21:31:00.000 041   16682.20     -645.87    45340.96    99999.00
1958-02-10 21:32:00.000 041   16683.99     -645.78    45341.20    99999.00
1958-02-10 21:33:00.000 041   16685.39     -645.89    45341.65    99999.00
1958-02-10 21:34:00.000 041   16685.77     -646.34    45342.22    99999.00
1958-02-10 21:35:00.000 041   16684.65     -646.85    45342.86    99999.00
1958-02-10 21:36:00.000 041   16682.40     -647.17    45343.55    99999.00
1958-02-10 21:37:00.000 041   16680.17     -647.25    45344.26    99999.00
1958-02-10 21:38:00.000 041   16679.98     -647.11    45344.97    99999.00
1958-02-10 21:39:00.000 041   16682.23     -646.81    45345.66    99999.00
1958-02-10 21:40:00.000 041   16684.52     -646.42    45346.32    99999.00
1958-02-10 21:41:00.000 041   16685.57     -645.97    45346.95    99999.00
1958-02-10 21:42:00.000 041   16685.22     -645.49    45347.58    99999.00
1958-02-10 21:43:00.000 041   16683.76     -645.00    45348.22    99999.00
1958-02-10 21:44:00.000 041   16681.64     -644.51    45348.91    99999.00
1958-02-10 21:45:00.000 041   16679.12     -644.05    45349.70    99999.00
1958-02-10 21:46:00.000 041   16676.34     -643.64    45350.64    99999.00
1958-02-10 21:47:00.000 041   16673.43     -643.36    45351.60    99999.00
1958-02-10 21:48:00.000 041   16670.47     -643.35    45352.30    99999.00
1958-02-10 21:49:00.000 041   16667.62     -643.65    45352.59    99999.00
1958-02-10 21:50:00.000 041   16665.08     -643.81    45352.56    99999.00
1958-02-10 21:51:00.000 041   16663.10     -643.42    45352.32    99999.00
1958-02-10 21:52:00.000 041   16662.10     -642.75    45351.91    99999.00
1958-02-10 21:53:00.000 041   16662.76     -642.01    45351.40    99999.00
1958-02-10 21:54:00.000 041   16665.12     -641.27    45350.84    99999.00
1958-02-10 21:55:00.000 041   16667.27     -640.58    45350.27    99999.00
1958-02-10 21:56:00.000 041   16667.97     -640.00    45349.74    99999.00
1958-02-10 21:57:00.000 041   16667.38     -639.57    45349.41    99999.00
1958-02-10 21:58:00.000 041   16666.24     -639.36    45349.51    99999.00
1958-02-10 21:59:00.000 041   16665.08     -639.36    45350.04    99999.00
1958-02-10 22:00:00.000 041   16664.25     -639.56    45350.68    99999.00
1958-02-10 22:01:00.000 041   16664.14     -639.90    45351.27    99999.00
1958-02-10 22:02:00.000 041   16665.33     -640.30    45351.70    99999.00
1958-02-10 22:03:00.000 041   16668.03     -640.50    45351.93    99999.00
1958-02-10 22:04:00.000 041   16671.21     -640.07    45351.97    99999.00
1958-02-10 22:05:00.000 041   16673.66     -640.07    45351.85    99999.00
1958-02-10 22:06:00.000 041   16674.80     -639.96    45351.61    99999.00
1958-02-10 22:07:00.000 041   16674.61     -639.37    45351.24    99999.00
1958-02-10 22:08:00.000 041   16673.35     -638.96    45350.73    99999.00
1958-02-10 22:09:00.000 041   16671.47     -638.77    45350.25    99999.00
1958-02-10 22:10:00.000 041   16669.24     -638.76    45350.18    99999.00
1958-02-10 22:11:00.000 041   16666.85     -638.86    45350.50    99999.00
1958-02-10 22:12:00.000 041   16664.43     -639.02    45350.90    99999.00
1958-02-10 22:13:00.000 041   16662.13     -639.22    45351.23    99999.00
1958-02-10 22:14:00.000 041   16660.11     -639.42    45351.37    99999.00
1958-02-10 22:15:00.000 041   16658.60     -639.62    45351.24    99999.00
1958-02-10 22:16:00.000 041   16658.04     -639.79    45350.90    99999.00
1958-02-10 22:17:00.000 041   16658.97     -639.88    45350.46    99999.00
1958-02-10 22:18:00.000 041   16661.60     -639.85    45350.05    99999.00
1958-02-10 22:19:00.000 041   16665.46     -639.68    45349.83    99999.00
1958-02-10 22:20:00.000 041   16668.73     -639.57    45349.66    99999.00
1958-02-10 22:21:00.000 041   16669.44     -639.82    45349.24    99999.00
1958-02-10 22:22:00.000 041   16667.92     -639.68    45348.43    99999.00
1958-02-10 22:23:00.000 041   16665.25     -639.33    45347.43    99999.00
1958-02-10 22:24:00.000 041   16662.11     -639.00    45346.45    99999.00
1958-02-10 22:25:00.000 041   16659.16     -638.75    45345.68    99999.00
1958-02-10 22:26:00.000 041   16657.52     -638.64    45345.33    99999.00
1958-02-10 22:27:00.000 041   16658.61     -638.68    45345.41    99999.00
1958-02-10 22:28:00.000 041   16661.75     -638.91    45345.74    99999.00
1958-02-10 22:29:00.000 041   16662.10     -639.29    45346.07    99999.00
1958-02-10 22:30:00.000 041   16661.39     -639.78    45346.21    99999.00
1958-02-10 22:31:00.000 041   16661.82     -640.33    45346.13    99999.00
1958-02-10 22:32:00.000 041   16663.40     -640.89    45345.87    99999.00
1958-02-10 22:33:00.000 041   16665.63     -641.40    45345.45    99999.00
1958-02-10 22:34:00.000 041   16668.28     -641.70    45344.89    99999.00
1958-02-10 22:35:00.000 041   16671.22     -641.50    45344.18    99999.00
1958-02-10 22:36:00.000 041   16673.92     -640.73    45343.32    99999.00
1958-02-10 22:37:00.000 041   16675.48     -640.88    45342.27    99999.00
1958-02-10 22:38:00.000 041   16675.40     -641.01    45341.06    99999.00
1958-02-10 22:39:00.000 041   16673.85     -640.62    45339.68    99999.00
1958-02-10 22:40:00.000 041   16671.65     -640.61    45338.18    99999.00
1958-02-10 22:41:00.000 041   16669.51     -641.12    45336.60    99999.00
1958-02-10 22:42:00.000 041   16667.89     -641.35    45335.02    99999.00
1958-02-10 22:43:00.000 041   16667.20     -639.32    45333.48    99999.00
1958-02-10 22:44:00.000 041   16667.75     -637.44    45332.03    99999.00
1958-02-10 22:45:00.000 041   16669.39     -637.81    45330.74    99999.00
1958-02-10 22:46:00.000 041   16671.64     -638.69    45329.68    99999.00
1958-02-10 22:47:00.000 041   16673.99     -639.44    45328.89    99999.00
1958-02-10 22:48:00.000 041   16675.63     -639.37    45328.34    99999.00
1958-02-10 22:49:00.000 041   16674.96     -639.89    45328.00    99999.00
1958-02-10 22:50:00.000 041   16672.46     -641.18    45327.82    99999.00
1958-02-10 22:51:00.000 041   16673.54     -641.79    45327.69    99999.00
1958-02-10 22:52:00.000 041   16680.02     -641.13    45327.65    99999.00
1958-02-10 22:53:00.000 041   16689.33     -641.14    45327.89    99999.00
1958-02-10 22:54:00.000 041   16699.35     -641.48    45328.43    99999.00
1958-02-10 22:55:00.000 041   16708.93     -641.90    45329.17    99999.00
1958-02-10 22:56:00.000 041   16716.82     -642.33    45329.97    99999.00
1958-02-10 22:57:00.000 041   16720.49     -642.71    45330.72    99999.00
1958-02-10 22:58:00.000 041   16716.48     -642.96    45331.27    99999.00
1958-02-10 22:59:00.000 041   16706.00     -642.91    45331.43    99999.00
1958-02-10 23:00:00.000 041   16707.22     -642.40    45331.11    99999.00
1958-02-10 23:01:00.000 041   16711.79     -641.41    45330.71    99999.00
1958-02-10 23:02:00.000 041   16707.22     -640.14    45330.70    99999.00
1958-02-10 23:03:00.000 041   16702.32     -638.82    45330.90    99999.00
1958-02-10 23:04:00.000 041   16705.74     -637.56    45331.00    99999.00
1958-02-10 23:05:00.000 041   16703.86     -636.45    45330.83    99999.00
1958-02-10 23:06:00.000 041   16697.90     -635.53    45330.30    99999.00
1958-02-10 23:07:00.000 041   16691.78     -634.87    45329.47    99999.00
1958-02-10 23:08:00.000 041   16686.85     -634.51    45328.43    99999.00
1958-02-10 23:09:00.000 041   16683.51     -634.52    45327.24    99999.00
1958-02-10 23:10:00.000 041   16681.86     -634.86    45325.98    99999.00
1958-02-10 23:11:00.000 041   16681.89     -635.50    45324.80    99999.00
1958-02-10 23:12:00.000 041   16683.59     -636.37    45323.87    99999.00
1958-02-10 23:13:00.000 041   16686.78     -637.40    45323.29    99999.00
1958-02-10 23:14:00.000 041   16690.97     -638.55    45323.08    99999.00
1958-02-10 23:15:00.000 041   16695.74     -639.77    45323.20    99999.00
1958-02-10 23:16:00.000 041   16700.75     -641.01    45323.55    99999.00
1958-02-10 23:17:00.000 041   16705.76     -642.24    45324.04    99999.00
1958-02-10 23:18:00.000 041   16710.56     -643.41    45324.60    99999.00
1958-02-10 23:19:00.000 041   16714.95     -644.49    45325.19    99999.00
1958-02-10 23:20:00.000 041   16718.77     -645.44    45325.74    99999.00
1958-02-10 23:21:00.000 041   16721.87     -646.20    45326.19    99999.00
1958-02-10 23:22:00.000 041   16724.09     -646.70    45326.42    99999.00
1958-02-10 23:23:00.000 041   16725.28     -646.81    45326.35    99999.00
1958-02-10 23:24:00.000 041   16725.29     -646.43    45326.04    99999.00
1958-02-10 23:25:00.000 041   16724.01     -645.62    45325.61    99999.00
1958-02-10 23:26:00.000 041   16721.50     -644.54    45325.17    99999.00
1958-02-10 23:27:00.000 041   16717.91     -643.45    45324.79    99999.00
1958-02-10 23:28:00.000 041   16713.39     -642.54    45324.44    99999.00
1958-02-10 23:29:00.000 041   16708.04     -641.96    45324.13    99999.00
1958-02-10 23:30:00.000 041   16701.97     -641.68    45323.85    99999.00
1958-02-10 23:31:00.000 041   16695.31     -641.60    45323.59    99999.00
1958-02-10 23:32:00.000 041   16688.17     -641.66    45323.36    99999.00
1958-02-10 23:33:00.000 041   16680.72     -641.82    45323.15    99999.00
1958-02-10 23:34:00.000 041   16673.18     -642.06    45322.97    99999.00
1958-02-10 23:35:00.000 041   16665.94     -642.33    45322.81    99999.00
1958-02-10 23:36:00.000 041   16659.88     -642.61    45322.66    99999.00
1958-02-10 23:37:00.000 041   16656.81     -642.85    45322.53    99999.00
1958-02-10 23:38:00.000 041   16661.89     -643.03    45322.40    99999.00
1958-02-10 23:39:00.000 041   16673.32     -643.15    45322.27    99999.00
1958-02-10 23:40:00.000 041   16673.44     -643.25    45322.13    99999.00
1958-02-10 23:41:00.000 041   16673.44     -643.35    45321.98    99999.00
1958-02-10 23:42:00.000 041   16675.12     -643.49    45321.79    99999.00
1958-02-10 23:43:00.000 041   16678.11     -643.69    45321.57    99999.00
1958-02-10 23:44:00.000 041   16681.61     -643.92    45321.42    99999.00
1958-02-10 23:45:00.000 041   16685.04     -644.18    45321.40    99999.00
1958-02-10 23:46:00.000 041   16687.75     -644.47    45321.49    99999.00
1958-02-10 23:47:00.000 041   16688.02     -644.77    45321.62    99999.00
1958-02-10 23:48:00.000 041   16684.60     -645.09    45321.78    99999.00
1958-02-10 23:49:00.000 041   16682.11     -645.42    45321.95    99999.00
1958-02-10 23:50:00.000 041   16681.96     -645.76    45322.12    99999.00
1958-02-10 23:51:00.000 041   16683.27     -646.12    45322.29    99999.00
1958-02-10 23:52:00.000 041   16685.31     -646.48    45322.45    99999.00
1958-02-10 23:53:00.000 041   16687.66     -646.84    45322.59    99999.00
1958-02-10 23:54:00.000 041   16690.15     -647.16    45322.69    99999.00
1958-02-10 23:55:00.000 041   16692.65     -647.41    45322.73    99999.00
1958-02-10 23:56:00.000 041   16695.07     -647.55    45322.73    99999.00
1958-02-10 23:57:00.000 041   16697.31     -647.52    45322.79    99999.00
1958-02-10 23:58:00.000 041   16699.25     -647.31    45323.14    99999.00
1958-02-10 23:59:00.000 041   16700.72     -646.99    45323.73    99999.00
1958-02-11 00:00:00.000 042   16701.43     -646.66    45324.34    99999.00
1958-02-11 00:01:00.000 042   16701.04     -646.62    45324.79    99999.00
1958-02-11 00:02:00.000 042   16699.31     -646.96    45324.82    99999.00
1958-02-11 00:03:00.000 042   16696.14     -646.87    45324.45    99999.00
1958-02-11 00:04:00.000 042   16691.81     -646.36    45324.17    99999.00
1958-02-11 00:05:00.000 042   16686.94     -645.79    45324.38    99999.00
1958-02-11 00:06:00.000 042   16682.25     -645.34    45324.90    99999.00
1958-02-11 00:07:00.000 042   16678.10     -645.34    45325.45    99999.00
1958-02-11 00:08:00.000 042   16674.47     -645.87    45325.85    99999.00
1958-02-11 00:09:00.000 042   16671.36     -646.13    45325.93    99999.00
1958-02-11 00:10:00.000 042   16668.81     -645.94    45325.75    99999.00
1958-02-11 00:11:00.000 042   16666.89     -645.52    45325.52    99999.00
1958-02-11 00:12:00.000 042   16665.74     -645.03    45325.39    99999.00
1958-02-11 00:13:00.000 042   16665.57     -644.53    45325.42    99999.00
1958-02-11 00:14:00.000 042   16666.76     -644.06    45325.57    99999.00
1958-02-11 00:15:00.000 042   16669.46     -643.71    45325.80    99999.00
1958-02-11 00:16:00.000 042   16673.47     -643.55    45326.10    99999.00
1958-02-11 00:17:00.000 042   16678.17     -643.67    45326.44    99999.00
1958-02-11 00:18:00.000 042   16681.97     -644.05    45326.82    99999.00
1958-02-11 00:19:00.000 042   16681.58     -644.41    45327.22    99999.00
1958-02-11 00:20:00.000 042   16677.19     -644.04    45327.60    99999.00
1958-02-11 00:21:00.000 042   16673.75     -644.21    45327.90    99999.00
1958-02-11 00:22:00.000 042   16673.95     -644.39    45327.98    99999.00
1958-02-11 00:23:00.000 042   16676.62     -644.26    45327.57    99999.00
1958-02-11 00:24:00.000 042   16680.29     -643.97    45326.79    99999.00
1958-02-11 00:25:00.000 042   16684.10     -643.64    45326.31    99999.00
1958-02-11 00:26:00.000 042   16687.12     -643.35    45326.27    99999.00
1958-02-11 00:27:00.000 042   16687.66     -643.17    45326.46    99999.00
1958-02-11 00:28:00.000 042   16685.34     -643.22    45326.75    99999.00
1958-02-11 00:29:00.000 042   16684.85     -643.48    45327.04    99999.00
1958-02-11 00:30:00.000 042   16688.25     -643.82    45327.25    99999.00
1958-02-11 00:31:00.000 042   16689.59     -643.98    45327.18    99999.00
1958-02-11 00:32:00.000 042   16686.43     -643.81    45326.68    99999.00
1958-02-11 00:33:00.000 042   16682.57     -643.53    45326.29    99999.00
1958-02-11 00:34:00.000 042   16680.87     -643.37    45326.32    99999.00
1958-02-11 00:35:00.000 042   16682.11     -643.58    45326.55    99999.00
1958-02-11 00:36:00.000 042   16685.31     -644.01    45326.86    99999.00
1958-02-11 00:37:00.000 042   16689.20     -644.30    45327.20    99999.00
1958-02-11 00:38:00.000 042   16692.87     -644.30    45327.55    99999.00
1958-02-11 00:39:00.000 042   16695.19     -644.02    45327.87    99999.00
1958-02-11 00:40:00.000 042   16694.44     -643.60    45328.08    99999.00
1958-02-11 00:41:00.000 042   16691.01     -643.12    45328.15    99999.00
1958-02-11 00:42:00.000 042   16688.45     -642.63    45328.04    99999.00
1958-02-11 00:43:00.000 042   16690.27     -642.24    45327.77    99999.00
1958-02-11 00:44:00.000 042   16694.84     -642.12    45327.36    99999.00
1958-02-11 00:45:00.000 042   16699.26     -642.25    45326.88    99999.00
1958-02-11 00:46:00.000 042   16702.01     -642.06    45326.34    99999.00
1958-02-11 00:47:00.000 042   16702.27     -641.54    45325.79    99999.00
1958-02-11 00:48:00.000 042   16700.01     -641.09    45325.23    99999.00
1958-02-11 00:49:00.000 042   16696.26     -640.85    45324.69    99999.00
1958-02-11 00:50:00.000 042   16691.86     -640.86    45324.18    99999.00
1958-02-11 00:51:00.000 042   16687.59     -641.12    45323.74    99999.00
1958-02-11 00:52:00.000 042   16684.34     -641.54    45323.38    99999.00
1958-02-11 00:53:00.000 042   16683.45     -642.06    45323.14    99999.00
1958-02-11 00:54:00.000 042   16685.92     -642.63    45323.01    99999.00
1958-02-11 00:55:00.000 042   16691.24     -643.18    45322.99    99999.00
1958-02-11 00:56:00.000 042   16697.29     -643.56    45323.07    99999.00
1958-02-11 00:57:00.000 042   16699.58     -643.25    45323.23    99999.00
1958-02-11 00:58:00.000 042   16698.00     -643.27    45323.41    99999.00
1958-02-11 00:59:00.000 042   16696.31     -643.66    45323.57    99999.00
1958-02-11 01:00:00.000 042   16696.37     -644.01    45323.67    99999.00
1958-02-11 01:01:00.000 042   16697.79     -644.21    45323.67    99999.00
1958-02-11 01:02:00.000 042   16699.87     -644.19    45323.56    99999.00
1958-02-11 01:03:00.000 042   16702.24     -643.93    45323.34    99999.00
1958-02-11 01:04:00.000 042   16704.63     -643.51    45323.03    99999.00
1958-02-11 01:05:00.000 042   16706.85     -643.01    45322.66    99999.00
1958-02-11 01:06:00.000 042   16708.70     -642.50    45322.23    99999.00
1958-02-11 01:07:00.000 042   16710.01     -642.04    45321.74    99999.00
1958-02-11 01:08:00.000 042   16710.51     -641.70    45321.22    99999.00
1958-02-11 01:09:00.000 042   16709.87     -641.51    45320.66    99999.00
1958-02-11 01:10:00.000 042   16707.57     -641.51    45320.10    99999.00
1958-02-11 01:11:00.000 042   16703.39     -641.70    45319.57    99999.00
1958-02-11 01:12:00.000 042   16698.58     -642.05    45319.15    99999.00
1958-02-11 01:13:00.000 042   16694.68     -642.44    45318.98    99999.00
1958-02-11 01:14:00.000 042   16692.51     -642.76    45318.60    99999.00
1958-02-11 01:15:00.000 042   16692.22     -642.89    45315.85    99999.00
1958-02-11 01:16:00.000 042   16693.35     -642.67    45307.26    99999.00
1958-02-11 01:17:00.000 042   16695.33     -641.88    45297.52    99999.00
1958-02-11 01:18:00.000 042   16697.81     -641.02    45294.16    99999.00
1958-02-11 01:19:00.000 042   16700.53     -641.69    45292.08    99999.00
1958-02-11 01:20:00.000 042   16703.25     -648.36    45289.40    99999.00
1958-02-11 01:21:00.000 042   16705.50     -663.25    45287.00    99999.00
1958-02-11 01:22:00.000 042   16705.45     -668.19    45287.03    99999.00
1958-02-11 01:23:00.000 042   16700.52     -661.58    45287.39    99999.00
1958-02-11 01:24:00.000 042   16700.10     -655.78    45286.48    99999.00
1958-02-11 01:25:00.000 042   16702.15     -656.60    45283.90    99999.00
1958-02-11 01:26:00.000 042   16704.96     -659.70    45280.22    99999.00
1958-02-11 01:27:00.000 042   16708.16     -657.31    45275.90    99999.00
1958-02-11 01:28:00.000 042   16711.62     -657.55    45271.36    99999.00
1958-02-11 01:29:00.000 042   16715.25     -659.79    45267.20    99999.00
1958-02-11 01:30:00.000 042   16721.72     -662.43    45265.28    99999.00
1958-02-11 01:31:00.000 042   16883.05     -664.49    45265.37    99999.00
1958-02-11 01:32:00.000 042   16849.11     -663.63    45263.66    99999.00
1958-02-11 01:33:00.000 042   16796.44     -667.96    45260.75    99999.00
1958-02-11 01:34:00.000 042   16779.46     -672.80    45256.75    99999.00
1958-02-11 01:35:00.000 042   16792.74     -672.51    45251.16    99999.00
1958-02-11 01:36:00.000 042   16776.07     -669.41    45244.51    99999.00
1958-02-11 01:37:00.000 042   16757.30     -669.61    45240.73    99999.00
1958-02-11 01:38:00.000 042   16745.44     -670.77    45241.00    99999.00
1958-02-11 01:39:00.000 042   16746.99     -672.78    45240.00    99999.00
1958-02-11 01:40:00.000 042   16760.75     -676.39    45237.93    99999.00
1958-02-11 01:41:00.000 042   16779.86     -681.56    45234.86    99999.00
1958-02-11 01:42:00.000 042   16776.50     -680.43    45223.72    99999.00
1958-02-11 01:43:00.000 042   16785.22     -676.60    45211.62    99999.00
1958-02-11 01:44:00.000 042   16771.86     -674.79    45202.62    99999.00
1958-02-11 01:45:00.000 042   16739.46     -677.34    45195.86    99999.00
1958-02-11 01:46:00.000 042   16724.79     -676.97    45190.95    99999.00
1958-02-11 01:47:00.000 042   16731.56     -677.18    45186.25    99999.00
1958-02-11 01:48:00.000 042   16746.51     -675.53    45179.37    99999.00
1958-02-11 01:49:00.000 042   16758.14     -673.47    45161.03    99999.00
1958-02-11 01:50:00.000 042   16756.97     -671.24    45064.14    99999.00
1958-02-11 01:51:00.000 042   16731.87     -668.92    44989.89    99999.00
1958-02-11 01:52:00.000 042   16681.03     -666.56    44909.46    99999.00
1958-02-11 01:53:00.000 042   16611.14     -664.17    44827.16    99999.00
1958-02-11 01:54:00.000 042   16598.46     -671.51    44745.63    99999.00
1958-02-11 01:55:00.000 042   16607.19     -671.03    44666.87    99999.00
1958-02-11 01:56:00.000 042   16590.85     -670.23    44594.61    99999.00
1958-02-11 01:57:00.000 042   16559.46     -667.28    44546.40    99999.00
1958-02-11 01:58:00.000 042   16513.15     -664.19    44631.41    99999.00
1958-02-11 01:59:00.000 042   16458.71     -661.41    44660.31    99999.00
1958-02-11 02:00:00.000 042   16409.63     -659.24    44677.50    99999.00
1958-02-11 02:01:00.000 042   16389.29     -658.19    44701.44    99999.00
1958-02-11 02:02:00.000 042   16437.23     -659.68    44732.75    99999.00
1958-02-11 02:03:00.000 042   16278.91     -670.16    44768.36    99999.00
1958-02-11 02:04:00.000 042   15908.04     -652.47    44806.19    99999.00
1958-02-11 02:05:00.000 042   15871.54     -616.60    44845.19    99999.00
1958-02-11 02:06:00.000 042   16011.10     -682.06    44896.43    99999.00
1958-02-11 02:07:00.000 042   16218.33     -663.34    44979.54    99999.00
1958-02-11 02:08:00.000 042   16446.03     -675.75    44946.46    99999.00
1958-02-11 02:09:00.000 042   16671.57     -702.80    44973.09    99999.00
1958-02-11 02:10:00.000 042   16878.02     -719.98    44945.36    99999.00
1958-02-11 02:11:00.000 042   17047.54     -717.83    44939.24    99999.00
1958-02-11 02:12:00.000 042   17157.18     -729.41    44875.90    99999.00
1958-02-11 02:13:00.000 042   17197.25     -723.73    44816.86    99999.00
1958-02-11 02:14:00.000 042   17172.99     -742.54    44832.96    99999.00
1958-02-11 02:15:00.000 042   17093.86     -754.60    44853.44    99999.00
1958-02-11 02:16:00.000 042   16985.82     -755.70    44847.22    99999.00
1958-02-11 02:17:00.000 042   16964.64     -749.06    44789.54    99999.00
1958-02-11 02:18:00.000 042   16956.86     -739.39    44712.50    99999.00
1958-02-11 02:19:00.000 042   16932.04     -731.07    44783.29    99999.00
1958-02-11 02:20:00.000 042   16851.28     -732.40    44748.02    99999.00
1958-02-11 02:21:00.000 042   16885.37     -738.95    44750.78    99999.00
1958-02-11 02:22:00.000 042   16860.33     -725.15    44747.46    99999.00
1958-02-11 02:23:00.000 042   16787.35     -729.91    44701.36    99999.00
1958-02-11 02:24:00.000 042   16737.81     -725.09    44769.67    99999.00
1958-02-11 02:25:00.000 042   16783.78     -753.99    44750.10    99999.00
1958-02-11 02:26:00.000 042   16876.68     -739.83    44708.68    99999.00
1958-02-11 02:27:00.000 042   16704.89     -748.19    44770.77    99999.00
1958-02-11 02:28:00.000 042   16834.13     -725.20    44737.46    99999.00
1958-02-11 02:29:00.000 042   16686.05     -738.27    44786.58    99999.00
1958-02-11 02:30:00.000 042   16826.17     -719.48    44753.36    99999.00
1958-02-11 02:31:00.000 042   16606.36     -731.56    44793.45    99999.00
1958-02-11 02:32:00.000 042   16866.54     -736.80    44794.50    99999.00
1958-02-11 02:33:00.000 042   16535.41     -709.55    44776.07    99999.00
1958-02-11 02:34:00.000 042   16643.39     -737.25    44797.49    99999.00
1958-02-11 02:35:00.000 042   16681.48     -723.13    44830.64    99999.00
1958-02-11 02:36:00.000 042   16537.06     -759.90    44841.97    99999.00
1958-02-11 02:37:00.000 042   16738.22     -759.45    44843.70    99999.00
1958-02-11 02:38:00.000 042   16551.70     -743.19    44863.77    99999.00
1958-02-11 02:39:00.000 042   16602.49     -756.44    44840.68    99999.00
1958-02-11 02:40:00.000 042   16671.72     -750.33    44832.06    99999.00
1958-02-11 02:41:00.000 042   16679.79     -758.00    44853.05    99999.00
1958-02-11 02:42:00.000 042   16795.90     -738.90    44837.83    99999.00
1958-02-11 02:43:00.000 042   16752.00     -760.18    44874.53    99999.00
1958-02-11 02:44:00.000 042   16640.21     -747.39    44935.97    99999.00
1958-02-11 02:45:00.000 042   16578.16     -744.07    44883.40    99999.00
1958-02-11 02:46:00.000 042   16722.07     -747.96    44900.91    99999.00
1958-02-11 02:47:00.000 042   16668.50     -738.79    44970.05    99999.00
1958-02-11 02:48:00.000 042   16571.41     -733.24    44935.29    99999.00
1958-02-11 02:49:00.000 042   16599.01     -719.70    44968.52    99999.00
1958-02-11 02:50:00.000 042   16580.81     -727.96    44963.46    99999.00
1958-02-11 02:51:00.000 042   16559.26     -703.78    44991.73    99999.00
1958-02-11 02:52:00.000 042   16488.04     -707.24    45005.98    99999.00
1958-02-11 02:53:00.000 042   16582.94     -706.01    44956.50    99999.00
1958-02-11 02:54:00.000 042   16513.39     -690.36    44988.28    99999.00
1958-02-11 02:55:00.000 042   16332.33     -700.45    45016.88    99999.00
1958-02-11 02:56:00.000 042   16178.60     -707.26    44980.96    99999.00
1958-02-11 02:57:00.000 042   16194.63     -706.91    45012.77    99999.00
1958-02-11 02:58:00.000 042   16453.58     -676.64    45024.06    99999.00
1958-02-11 02:59:00.000 042   16639.15     -691.19    44991.27    99999.00
1958-02-11 03:00:00.000 042   16421.18     -695.56    44998.86    99999.00
1958-02-11 03:01:00.000 042   16277.47     -666.36    45035.40    99999.00
1958-02-11 03:02:00.000 042   16540.75     -630.41    45023.20    99999.00
1958-02-11 03:03:00.000 042   16432.27     -631.27    45017.69    99999.00
1958-02-11 03:04:00.000 042   16286.44     -645.14    45029.61    99999.00
1958-02-11 03:05:00.000 042   16162.04     -644.73    45027.04    99999.00
1958-02-11 03:06:00.000 042   16150.96     -622.29    45020.82    99999.00
1958-02-11 03:07:00.000 042   16449.57     -637.74    45041.96    99999.00
1958-02-11 03:08:00.000 042   16486.42     -627.25    45041.14    99999.00
1958-02-11 03:09:00.000 042   16306.18     -615.12    45033.71    99999.00
1958-02-11 03:10:00.000 042   16430.03     -625.57    45047.80    99999.00
1958-02-11 03:11:00.000 042   16480.64     -623.64    45062.14    99999.00
1958-02-11 03:12:00.000 042   16267.61     -615.93    45056.53    99999.00
1958-02-11 03:13:00.000 042   16358.25     -625.44    45052.99    99999.00
1958-02-11 03:14:00.000 042   16474.36     -606.59    45062.06    99999.00
1958-02-11 03:15:00.000 042   16331.91     -616.97    45066.79    99999.00
1958-02-11 03:16:00.000 042   16470.32     -626.25    45061.68    99999.00
1958-02-11 03:17:00.000 042   16485.46     -605.02    45066.08    99999.00
1958-02-11 03:18:00.000 042   16416.23     -613.22    45072.66    99999.00
1958-02-11 03:19:00.000 042   16361.23     -624.62    45075.72    99999.00
1958-02-11 03:20:00.000 042   16558.71     -622.49    45077.65    99999.00
1958-02-11 03:21:00.000 042   16448.19     -612.39    45081.70    99999.00
1958-02-11 03:22:00.000 042   16375.63     -622.02    45097.42    99999.00
1958-02-11 03:23:00.000 042   16518.35     -620.12    45098.18    99999.00
1958-02-11 03:24:00.000 042   16607.37     -613.25    45091.29    99999.00
1958-02-11 03:25:00.000 042   16480.97     -623.55    45096.24    99999.00
1958-02-11 03:26:00.000 042   16505.67     -626.61    45104.24    99999.00
1958-02-11 03:27:00.000 042   16565.21     -620.37    45101.54    99999.00
1958-02-11 03:28:00.000 042   16532.09     -615.29    45107.92    99999.00
1958-02-11 03:29:00.000 042   16475.55     -630.04    45115.37    99999.00
1958-02-11 03:30:00.000 042   16637.63     -626.27    45106.97    99999.00
1958-02-11 03:31:00.000 042   16598.17     -620.41    45111.73    99999.00
1958-02-11 03:32:00.000 042   16605.12     -634.32    45135.82    99999.00
1958-02-11 03:33:00.000 042   16554.25     -630.45    45136.31    99999.00
1958-02-11 03:34:00.000 042   16656.30     -624.97    45128.62    99999.00
1958-02-11 03:35:00.000 042   16749.99     -619.85    45136.14    99999.00
1958-02-11 03:36:00.000 042   16582.41     -617.63    45145.85    99999.00
1958-02-11 03:37:00.000 042   16640.83     -626.37    45138.35    99999.00
1958-02-11 03:38:00.000 042   16591.99     -622.40    45141.71    99999.00
1958-02-11 03:39:00.000 042   16628.89     -621.19    45152.00    99999.00
1958-02-11 03:40:00.000 042   16591.74     -629.22    45144.17    99999.00
1958-02-11 03:41:00.000 042   16665.44     -612.18    45130.02    99999.00
1958-02-11 03:42:00.000 042   16583.46     -616.59    45130.91    99999.00
1958-02-11 03:43:00.000 042   16682.16     -622.60    45136.36    99999.00
1958-02-11 03:44:00.000 042   16649.26     -626.72    45121.74    99999.00
1958-02-11 03:45:00.000 042   16621.20     -602.16    45130.39    99999.00
1958-02-11 03:46:00.000 042   16589.18     -613.45    45140.94    99999.00
1958-02-11 03:47:00.000 042   16655.32     -626.60    45136.25    99999.00
1958-02-11 03:48:00.000 042   16614.26     -633.08    45128.89    99999.00
1958-02-11 03:49:00.000 042   16542.84     -622.83    45130.87    99999.00
1958-02-11 03:50:00.000 042   16627.98     -608.31    45131.97    99999.00
1958-02-11 03:51:00.000 042   16703.82     -592.81    45131.04    99999.00
1958-02-11 03:52:00.000 042   16645.94     -605.10    45140.12    99999.00
1958-02-11 03:53:00.000 042   16548.00     -622.59    45154.13    99999.00
1958-02-11 03:54:00.000 042   16599.78     -622.06    45149.77    99999.00
1958-02-11 03:55:00.000 042   16690.70     -612.50    45168.31    99999.00
1958-02-11 03:56:00.000 042   16705.34     -605.87    45173.12    99999.00
1958-02-11 03:57:00.000 042   16627.12     -620.82    45176.39    99999.00
1958-02-11 03:58:00.000 042   16546.02     -618.80    45192.32    99999.00
1958-02-11 03:59:00.000 042   16635.45     -618.53    45194.26    99999.00
1958-02-11 04:00:00.000 042   16707.57     -632.24    45194.72    99999.00
1958-02-11 04:01:00.000 042   16680.54     -622.36    45193.10    99999.00
1958-02-11 04:02:00.000 042   16626.78     -623.29    45188.23    99999.00
1958-02-11 04:03:00.000 042   16670.65     -630.78    45192.01    99999.00
1958-02-11 04:04:00.000 042   16665.13     -637.18    45189.62    99999.00
1958-02-11 04:05:00.000 042   16635.51     -624.10    45188.22    99999.00
1958-02-11 04:06:00.000 042   16609.33     -627.72    45190.42    99999.00
1958-02-11 04:07:00.000 042   16608.62     -632.46    45187.82    99999.00
1958-02-11 04:08:00.000 042   16663.35     -637.36    45192.16    99999.00
1958-02-11 04:09:00.000 042   16586.42     -641.75    45184.78    99999.00
1958-02-11 04:10:00.000 042   16651.00     -643.11    45178.78    99999.00
1958-02-11 04:11:00.000 042   16712.19     -632.01    45184.41    99999.00
1958-02-11 04:12:00.000 042   16691.78     -635.49    45197.82    99999.00
1958-02-11 04:13:00.000 042   16602.67     -637.48    45197.54    99999.00
1958-02-11 04:14:00.000 042   16561.65     -629.88    45189.48    99999.00
1958-02-11 04:15:00.000 042   16613.25     -631.99    45184.54    99999.00
1958-02-11 04:16:00.000 042   16657.95     -639.87    45188.22    99999.00
1958-02-11 04:17:00.000 042   16619.11     -646.61    45196.16    99999.00
1958-02-11 04:18:00.000 042   16594.49     -627.02    45203.83    99999.00
1958-02-11 04:19:00.000 042   16644.84     -636.04    45208.58    99999.00
1958-02-11 04:20:00.000 042   16714.87     -646.42    45203.91    99999.00
1958-02-11 04:21:00.000 042   16660.61     -652.24    45195.49    99999.00
1958-02-11 04:22:00.000 042   16579.90     -648.23    45200.90    99999.00
1958-02-11 04:23:00.000 042   16709.13     -636.91    45210.36    99999.00
1958-02-11 04:24:00.000 042   16787.99     -628.55    45218.40    99999.00
1958-02-11 04:25:00.000 042   16741.94     -628.53    45219.02    99999.00
1958-02-11 04:26:00.000 042   16639.10     -633.66    45211.75    99999.00
1958-02-11 04:27:00.000 042   16559.31     -640.58    45212.75    99999.00
1958-02-11 04:28:00.000 042   16588.52     -641.68    45218.36    99999.00
1958-02-11 04:29:00.000 042   16705.08     -623.13    45217.29    99999.00
1958-02-11 04:30:00.000 042   16708.76     -626.51    45213.43    99999.00
1958-02-11 04:31:00.000 042   16749.61     -631.76    45213.71    99999.00
1958-02-11 04:32:00.000 042   16673.15     -637.11    45218.81    99999.00
1958-02-11 04:33:00.000 042   16595.24     -640.10    45223.81    99999.00
1958-02-11 04:34:00.000 042   16582.16     -628.83    45225.10    99999.00
1958-02-11 04:35:00.000 042   16734.13     -630.93    45211.84    99999.00
1958-02-11 04:36:00.000 042   16695.63     -635.67    45224.43    99999.00
1958-02-11 04:37:00.000 042   16679.82     -639.12    45231.36    99999.00
1958-02-11 04:38:00.000 042   16603.16     -639.30    45227.31    99999.00
1958-02-11 04:39:00.000 042   16577.31     -627.59    45232.46    99999.00
1958-02-11 04:40:00.000 042   16662.93     -633.96    45229.95    99999.00
1958-02-11 04:41:00.000 042   16652.83     -641.80    45242.12    99999.00
1958-02-11 04:42:00.000 042   16660.16     -642.91    45223.83    99999.00
1958-02-11 04:43:00.000 042   16613.72     -632.87    45232.98    99999.00
1958-02-11 04:44:00.000 042   16578.93     -637.48    45250.49    99999.00
1958-02-11 04:45:00.000 042   16664.52     -634.45    45236.16    99999.00
1958-02-11 04:46:00.000 042   16618.37     -637.26    45230.97    99999.00
1958-02-11 04:47:00.000 042   16563.57     -642.31    45233.94    99999.00
1958-02-11 04:48:00.000 042   16664.23     -643.64    45217.55    99999.00
1958-02-11 04:49:00.000 042   16633.34     -636.57    45211.03    99999.00
1958-02-11 04:50:00.000 042   16655.45     -636.58    45202.68    99999.00
1958-02-11 04:51:00.000 042   16651.98     -633.82    45192.09    99999.00
1958-02-11 04:52:00.000 042   16582.19     -647.10    45179.36    99999.00
1958-02-11 04:53:00.000 042   16627.92     -664.20    45168.66    99999.00
1958-02-11 04:54:00.000 042   16620.26     -657.41    45160.66    99999.00
1958-02-11 04:55:00.000 042   16642.00     -642.28    45161.07    99999.00
1958-02-11 04:56:00.000 042   16708.02     -645.81    45155.99    99999.00
1958-02-11 04:57:00.000 042   16606.24     -652.88    45139.88    99999.00
1958-02-11 04:58:00.000 042   16547.27     -654.65    45136.59    99999.00
1958-02-11 04:59:00.000 042   16583.86     -647.30    45141.18    99999.00
1958-02-11 05:00:00.000 042   16632.15     -651.39    45141.75    99999.00
1958-02-11 05:01:00.000 042   16599.46     -635.04    45129.70    99999.00
1958-02-11 05:02:00.000 042   16623.30     -635.06    45134.11    99999.00
1958-02-11 05:03:00.000 042   16660.35     -641.66    45129.28    99999.00
1958-02-11 05:04:00.000 042   16640.32     -644.55    45119.02    99999.00
1958-02-11 05:05:00.000 042   16595.63     -633.59    45131.09    99999.00
1958-02-11 05:06:00.000 042   16643.61     -633.51    45151.13    99999.00
1958-02-11 05:07:00.000 042   16628.81     -637.46    45156.01    99999.00
1958-02-11 05:08:00.000 042   16577.85     -641.56    45142.83    99999.00
1958-02-11 05:09:00.000 042   16557.84     -639.23    45128.66    99999.00
1958-02-11 05:10:00.000 042   16589.63     -644.15    45152.62    99999.00
1958-02-11 05:11:00.000 042   16644.95     -645.35    45161.56    99999.00
1958-02-11 05:12:00.000 042   16681.49     -629.40    45160.81    99999.00
1958-02-11 05:13:00.000 042   16619.51     -626.20    45163.19    99999.00
1958-02-11 05:14:00.000 042   16623.92     -638.27    45160.77    99999.00
1958-02-11 05:15:00.000 042   16643.82     -654.52    45157.57    99999.00
1958-02-11 05:16:00.000 042   16595.43     -663.21    45157.63    99999.00
1958-02-11 05:17:00.000 042   16678.16     -628.36    45157.32    99999.00
1958-02-11 05:18:00.000 042   16761.34     -638.86    45154.48    99999.00
1958-02-11 05:19:00.000 042   16656.92     -650.14    45156.43    99999.00
1958-02-11 05:20:00.000 042   16566.87     -656.93    45160.35    99999.00
1958-02-11 05:21:00.000 042   16570.07     -648.16    45160.40    99999.00
1958-02-11 05:22:00.000 042   16708.04     -636.77    45157.14    99999.00
1958-02-11 05:23:00.000 042   16773.70     -635.59    45153.79    99999.00
1958-02-11 05:24:00.000 042   16686.78     -645.23    45152.81    99999.00
1958-02-11 05:25:00.000 042   16570.35     -637.03    45156.27    99999.00
1958-02-11 05:26:00.000 042   16548.83     -636.35    45161.51    99999.00
1958-02-11 05:27:00.000 042   16608.81     -641.81    45163.85    99999.00
1958-02-11 05:28:00.000 042   16587.47     -646.77    45160.82    99999.00
1958-02-11 05:29:00.000 042   16633.52     -647.27    45154.76    99999.00
1958-02-11 05:30:00.000 042   16623.20     -643.78    45148.57    99999.00
1958-02-11 05:31:00.000 042   16615.87     -644.89    45149.28    99999.00
1958-02-11 05:32:00.000 042   16638.99     -640.41    45149.97    99999.00
1958-02-11 05:33:00.000 042   16603.37     -642.79    45142.23    99999.00
1958-02-11 05:34:00.000 042   16571.49     -650.64    45144.35    99999.00
1958-02-11 05:35:00.000 042   16555.75     -645.36    45151.44    99999.00
1958-02-11 05:36:00.000 042   16583.29     -632.39    45154.71    99999.00
1958-02-11 05:37:00.000 042   16632.63     -631.71    45145.83    99999.00
1958-02-11 05:38:00.000 042   16621.63     -635.71    45137.69    99999.00
1958-02-11 05:39:00.000 042   16569.68     -640.20    45143.77    99999.00
1958-02-11 05:40:00.000 042   16506.56     -629.25    45152.31    99999.00
1958-02-11 05:41:00.000 042   16452.41     -625.43    45154.84    99999.00
1958-02-11 05:42:00.000 042   16536.97     -629.83    45149.69    99999.00
1958-02-11 05:43:00.000 042   16509.52     -630.43    45141.42    99999.00
1958-02-11 05:44:00.000 042   16545.52     -628.23    45134.89    99999.00
1958-02-11 05:45:00.000 042   16454.87     -633.59    45137.20    99999.00
1958-02-11 05:46:00.000 042   16452.65     -639.14    45149.30    99999.00
1958-02-11 05:47:00.000 042   16496.68     -637.18    45147.38    99999.00
1958-02-11 05:48:00.000 042   16505.30     -635.62    45145.30    99999.00
1958-02-11 05:49:00.000 042   16467.81     -642.00    45149.24    99999.00
1958-02-11 05:50:00.000 042   16448.48     -643.71    45154.60    99999.00
1958-02-11 05:51:00.000 042   16486.54     -632.11    45159.85    99999.00
1958-02-11 05:52:00.000 042   16535.20     -627.91    45162.70    99999.00
1958-02-11 05:53:00.000 042   16546.79     -632.24    45159.78    99999.00
1958-02-11 05:54:00.000 042   16511.25     -636.89    45160.74    99999.00
1958-02-11 05:55:00.000 042   16459.48     -623.51    45163.67    99999.00
1958-02-11 05:56:00.000 042   16429.24     -624.93    45162.15    99999.00
1958-02-11 05:57:00.000 042   16497.50     -633.30    45157.62    99999.00
1958-02-11 05:58:00.000 042   16593.90     -638.53    45157.29    99999.00
1958-02-11 05:59:00.000 042   16580.47     -630.14    45160.34    99999.00
1958-02-11 06:00:00.000 042   16521.13     -628.51    45157.42    99999.00
1958-02-11 06:01:00.000 042   16476.60     -632.58    45157.46    99999.00
1958-02-11 06:02:00.000 042   16537.28     -637.77    45161.07    99999.00
1958-02-11 06:03:00.000 042   16509.31     -642.21    45166.13    99999.00
1958-02-11 06:04:00.000 042   16481.21     -639.41    45172.11    99999.00
1958-02-11 06:05:00.000 042   16466.21     -632.75    45176.45    99999.00
1958-02-11 06:06:00.000 042   16486.30     -637.23    45176.72    99999.00
1958-02-11 06:07:00.000 042   16553.45     -633.18    45174.66    99999.00
1958-02-11 06:08:00.000 042   16579.73     -636.74    45171.85    99999.00
1958-02-11 06:09:00.000 042   16491.01     -633.04    45169.02    99999.00
1958-02-11 06:10:00.000 042   16468.48     -630.51    45166.78    99999.00
1958-02-11 06:11:00.000 042   16500.07     -638.48    45166.62    99999.00
1958-02-11 06:12:00.000 042   16468.62     -641.72    45172.48    99999.00
1958-02-11 06:13:00.000 042   16444.58     -638.21    45172.03    99999.00
1958-02-11 06:14:00.000 042   16492.04     -634.22    45169.45    99999.00
1958-02-11 06:15:00.000 042   16471.82     -634.23    45174.40    99999.00
1958-02-11 06:16:00.000 042   16542.73     -639.04    45184.22    99999.00
1958-02-11 06:17:00.000 042   16509.27     -637.82    45198.40    99999.00
1958-02-11 06:18:00.000 042   16474.84     -631.98    45200.98    99999.00
1958-02-11 06:19:00.000 042   16483.75     -637.32    45196.61    99999.00
1958-02-11 06:20:00.000 042   16514.28     -638.81    45197.99    99999.00
1958-02-11 06:21:00.000 042   16542.54     -628.34    45199.41    99999.00
1958-02-11 06:22:00.000 042   16518.65     -620.36    45191.54    99999.00
1958-02-11 06:23:00.000 042   16527.38     -623.56    45180.04    99999.00
1958-02-11 06:24:00.000 042   16553.06     -630.00    45171.11    99999.00
1958-02-11 06:25:00.000 042   16560.28     -633.48    45171.02    99999.00
1958-02-11 06:26:00.000 042   16499.80     -627.18    45179.39    99999.00
1958-02-11 06:27:00.000 042   16508.02     -627.08    45182.14    99999.00
1958-02-11 06:28:00.000 042   16488.03     -630.50    45174.07    99999.00
1958-02-11 06:29:00.000 042   16516.14     -633.12    45174.07    99999.00
1958-02-11 06:30:00.000 042   16512.17     -624.11    45184.30    99999.00
1958-02-11 06:31:00.000 042   16431.01     -624.91    45182.44    99999.00
1958-02-11 06:32:00.000 042   16450.23     -626.74    45191.29    99999.00
1958-02-11 06:33:00.000 042   16471.25     -625.95    45199.65    99999.00
1958-02-11 06:34:00.000 042   16453.01     -621.66    45200.55    99999.00
1958-02-11 06:35:00.000 042   16427.86     -621.23    45194.03    99999.00
1958-02-11 06:36:00.000 042   16421.32     -629.77    45196.46    99999.00
1958-02-11 06:37:00.000 042   16455.80     -623.22    45202.12    99999.00
1958-02-11 06:38:00.000 042   16489.07     -626.60    45200.12    99999.00
1958-02-11 06:39:00.000 042   16468.59     -631.18    45187.26    99999.00
1958-02-11 06:40:00.000 042   16438.80     -632.02    45178.14    99999.00
1958-02-11 06:41:00.000 042   16517.28     -623.86    45177.45    99999.00
1958-02-11 06:42:00.000 042   16535.67     -618.78    45175.20    99999.00
1958-02-11 06:43:00.000 042   16510.20     -620.49    45168.63    99999.00
1958-02-11 06:44:00.000 042   16570.20     -615.04    45178.80    99999.00
1958-02-11 06:45:00.000 042   16563.11     -612.05    45180.97    99999.00
1958-02-11 06:46:00.000 042   16494.81     -614.59    45200.33    99999.00
1958-02-11 06:47:00.000 042   16422.19     -619.65    45211.18    99999.00
1958-02-11 06:48:00.000 042   16449.64     -625.57    45203.70    99999.00
1958-02-11 06:49:00.000 042   16397.75     -631.48    45203.74    99999.00
1958-02-11 06:50:00.000 042   16318.77     -635.69    45193.22    99999.00
1958-02-11 06:51:00.000 042   16260.99     -630.09    45181.68    99999.00
1958-02-11 06:52:00.000 042   16263.39     -631.29    45177.70    99999.00
1958-02-11 06:53:00.000 042   16373.37     -624.16    45187.42    99999.00
1958-02-11 06:54:00.000 042   16490.05     -624.85    45188.00    99999.00
1958-02-11 06:55:00.000 042   16457.65     -630.21    45187.70    99999.00
1958-02-11 06:56:00.000 042   16508.49     -624.93    45196.57    99999.00
1958-02-11 06:57:00.000 042   16495.19     -618.67    45213.56    99999.00
1958-02-11 06:58:00.000 042   16476.05     -624.06    45220.20    99999.00
1958-02-11 06:59:00.000 042   16269.69     -629.30    45221.71    99999.00
1958-02-11 07:00:00.000 042   16255.83     -628.54    45229.27    99999.00
1958-02-11 07:01:00.000 042   16342.30     -625.81    45233.81    99999.00
1958-02-11 07:02:00.000 042   16338.99     -633.27    45238.71    99999.00
1958-02-11 07:03:00.000 042   16354.00     -640.87    45261.83    99999.00
1958-02-11 07:04:00.000 042   16398.46     -641.99    45273.61    99999.00
1958-02-11 07:05:00.000 042   16370.46     -633.55    45265.86    99999.00
1958-02-11 07:06:00.000 042   16341.95     -631.62    45282.99    99999.00
1958-02-11 07:07:00.000 042   16368.31     -641.09    45290.81    99999.00
1958-02-11 07:08:00.000 042   16454.93     -650.37    45297.84    99999.00
1958-02-11 07:09:00.000 042   16435.67     -649.17    45290.95    99999.00
1958-02-11 07:10:00.000 042   16392.32     -650.88    45282.96    99999.00
1958-02-11 07:11:00.000 042   16410.70     -644.45    45283.31    99999.00
1958-02-11 07:12:00.000 042   16468.72     -651.25    45296.90    99999.00
1958-02-11 07:13:00.000 042   16532.01     -661.43    45294.71    99999.00
1958-02-11 07:14:00.000 042   16573.29     -668.66    45273.66    99999.00
1958-02-11 07:15:00.000 042   16547.19     -668.97    45261.55    99999.00
1958-02-11 07:16:00.000 042   16459.21     -657.66    45273.10    99999.00
1958-02-11 07:17:00.000 042   16454.78     -639.73    45263.55    99999.00
1958-02-11 07:18:00.000 042   16508.73     -631.51    45265.12    99999.00
1958-02-11 07:19:00.000 042   16448.47     -641.55    45273.35    99999.00
1958-02-11 07:20:00.000 042   16287.33     -655.82    45271.28    99999.00
1958-02-11 07:21:00.000 042   16211.92     -640.81    45257.56    99999.00
1958-02-11 07:22:00.000 042   16312.12     -644.24    45252.00    99999.00
1958-02-11 07:23:00.000 042   16375.17     -651.51    45249.93    99999.00
1958-02-11 07:24:00.000 042   16333.04     -643.60    45249.68    99999.00
1958-02-11 07:25:00.000 042   16277.46     -645.88    45247.01    99999.00
1958-02-11 07:26:00.000 042   16304.28     -654.51    45241.23    99999.00
1958-02-11 07:27:00.000 042   16415.58     -641.98    45235.23    99999.00
1958-02-11 07:28:00.000 042   16401.78     -642.74    45231.37    99999.00
1958-02-11 07:29:00.000 042   16319.46     -652.16    45233.08    99999.00
1958-02-11 07:30:00.000 042   16384.41     -660.74    45236.90    99999.00
1958-02-11 07:31:00.000 042   16381.19     -662.31    45239.85    99999.00
1958-02-11 07:32:00.000 042   16313.40     -651.49    45239.98    99999.00
1958-02-11 07:33:00.000 042   16293.68     -645.44    45235.39    99999.00
1958-02-11 07:34:00.000 042   16376.27     -650.41    45234.24    99999.00
1958-02-11 07:35:00.000 042   16388.34     -652.21    45240.14    99999.00
1958-02-11 07:36:00.000 042   16360.48     -650.81    45240.85    99999.00
1958-02-11 07:37:00.000 042   16370.29     -654.28    45239.20    99999.00
1958-02-11 07:38:00.000 042   16372.04     -657.09    45236.28    99999.00
1958-02-11 07:39:00.000 042   16347.38     -655.72    45232.12    99999.00
1958-02-11 07:40:00.000 042   16355.89     -653.24    45225.68    99999.00
1958-02-11 07:41:00.000 042   16375.75     -655.62    45217.30    99999.00
1958-02-11 07:42:00.000 042   16378.10     -661.57    45219.87    99999.00
1958-02-11 07:43:00.000 042   16339.59     -666.31    45219.86    99999.00
1958-02-11 07:44:00.000 042   16297.10     -660.54    45215.17    99999.00
1958-02-11 07:45:00.000 042   16314.97     -660.25    45210.57    99999.00
1958-02-11 07:46:00.000 042   16363.97     -654.84    45212.62    99999.00
1958-02-11 07:47:00.000 042   16355.12     -653.33    45222.32    99999.00
1958-02-11 07:48:00.000 042   16310.33     -652.33    45227.38    99999.00
1958-02-11 07:49:00.000 042   16336.60     -654.25    45229.26    99999.00
1958-02-11 07:50:00.000 042   16352.53     -639.73    45230.23    99999.00
1958-02-11 07:51:00.000 042   16273.51     -641.30    45231.22    99999.00
1958-02-11 07:52:00.000 042   16276.65     -644.02    45233.54    99999.00
1958-02-11 07:53:00.000 042   16258.58     -638.53    45239.58    99999.00
1958-02-11 07:54:00.000 042   16291.76     -634.70    45247.19    99999.00
1958-02-11 07:55:00.000 042   16231.19     -637.18    45250.93    99999.00
1958-02-11 07:56:00.000 042   16230.55     -641.81    45251.13    99999.00
1958-02-11 07:57:00.000 042   16276.42     -646.52    45246.30    99999.00
1958-02-11 07:58:00.000 042   16292.57     -647.98    45239.02    99999.00
1958-02-11 07:59:00.000 042   16269.60     -643.57    45239.96    99999.00
1958-02-11 08:00:00.000 042   16245.53     -648.94    45239.76    99999.00
1958-02-11 08:01:00.000 042   16251.50     -649.13    45242.33    99999.00
1958-02-11 08:02:00.000 042   16281.37     -652.14    45245.99    99999.00
1958-02-11 08:03:00.000 042   16309.91     -646.74    45250.61    99999.00
1958-02-11 08:04:00.000 042   16316.51     -644.62    45256.21    99999.00
1958-02-11 08:05:00.000 042   16297.91     -648.14    45252.53    99999.00
1958-02-11 08:06:00.000 042   16269.50     -649.95    45248.23    99999.00
1958-02-11 08:07:00.000 042   16268.11     -647.29    45249.25    99999.00
1958-02-11 08:08:00.000 042   16307.83     -648.85    45243.85    99999.00
1958-02-11 08:09:00.000 042   16291.09     -644.32    45240.41    99999.00
1958-02-11 08:10:00.000 042   16326.70     -647.40    45242.80    99999.00
1958-02-11 08:11:00.000 042   16323.30     -643.61    45236.24    99999.00
1958-02-11 08:12:00.000 042   16309.94     -644.27    45235.90    99999.00
1958-02-11 08:13:00.000 042   16324.08     -644.12    45231.54    99999.00
1958-02-11 08:14:00.000 042   16338.23     -642.13    45226.84    99999.00
1958-02-11 08:15:00.000 042   16293.75     -643.52    45222.38    99999.00
1958-02-11 08:16:00.000 042   16316.02     -635.69    45218.45    99999.00
1958-02-11 08:17:00.000 042   16285.30     -640.05    45215.36    99999.00
1958-02-11 08:18:00.000 042   16304.52     -637.92    45213.65    99999.00
1958-02-11 08:19:00.000 042   16278.60     -638.15    45213.82    99999.00
1958-02-11 08:20:00.000 042   16252.23     -639.50    45215.75    99999.00
1958-02-11 08:21:00.000 042   16274.71     -638.60    45218.66    99999.00
1958-02-11 08:22:00.000 042   16214.16     -638.80    45221.72    99999.00
1958-02-11 08:23:00.000 042   16219.48     -642.35    45224.49    99999.00
1958-02-11 08:24:00.000 042   16200.63     -641.67    45226.43    99999.00
1958-02-11 08:25:00.000 042   16202.42     -638.65    45224.40    99999.00
1958-02-11 08:26:00.000 042   16232.89     -637.35    45225.65    99999.00
1958-02-11 08:27:00.000 042   16225.43     -638.88    45228.53    99999.00
1958-02-11 08:28:00.000 042   16244.14     -641.97    45231.37    99999.00
1958-02-11 08:29:00.000 042   16267.47     -644.57    45233.12    99999.00
1958-02-11 08:30:00.000 042   16288.38     -643.35    45231.76    99999.00
1958-02-11 08:31:00.000 042   16291.25     -644.17    45226.63    99999.00
1958-02-11 08:32:00.000 042   16271.39     -645.38    45220.45    99999.00
1958-02-11 08:33:00.000 042   16274.61     -646.09    45216.99    99999.00
1958-02-11 08:34:00.000 042   16257.71     -644.69    45222.92    99999.00
1958-02-11 08:35:00.000 042   16300.71     -641.87    45223.30    99999.00
1958-02-11 08:36:00.000 042   16287.18     -643.57    45221.67    99999.00
1958-02-11 08:37:00.000 042   16301.85     -638.48    45223.39    99999.00
1958-02-11 08:38:00.000 042   16306.40     -639.68    45226.55    99999.00
1958-02-11 08:39:00.000 042   16292.10     -642.78    45230.02    99999.00
1958-02-11 08:40:00.000 042   16274.56     -646.09    45231.31    99999.00
1958-02-11 08:41:00.000 042   16256.84     -648.58    45231.41    99999.00
1958-02-11 08:42:00.000 042   16241.04     -641.88    45235.26    99999.00
1958-02-11 08:43:00.000 042   16232.26     -646.76    45238.63    99999.00
1958-02-11 08:44:00.000 042   16260.58     -652.48    45240.22    99999.00
1958-02-11 08:45:00.000 042   16265.92     -656.31    45236.55    99999.00
1958-02-11 08:46:00.000 042   16246.03     -654.64    45226.17    99999.00
1958-02-11 08:47:00.000 042   16247.25     -660.16    45231.96    99999.00
1958-02-11 08:48:00.000 042   16277.99     -658.24    45224.48    99999.00
1958-02-11 08:49:00.000 042   16245.65     -653.18    45218.66    99999.00
1958-02-11 08:50:00.000 042   16263.45     -655.51    45225.95    99999.00
1958-02-11 08:51:00.000 042   16287.88     -657.27    45222.51    99999.00
1958-02-11 08:52:00.000 042   16281.65     -640.77    45228.30    99999.00
1958-02-11 08:53:00.000 042   16307.84     -629.04    45241.17    99999.00
1958-02-11 08:54:00.000 042   16299.25     -636.63    45241.27    99999.00
1958-02-11 08:55:00.000 042   16213.95     -634.04    45236.42    99999.00
1958-02-11 08:56:00.000 042   16169.49     -635.11    45230.05    99999.00
1958-02-11 08:57:00.000 042   16198.04     -640.49    45222.23    99999.00
1958-02-11 08:58:00.000 042   16177.08     -635.01    45211.53    99999.00
1958-02-11 08:59:00.000 042   16142.63     -642.30    45197.30    99999.00
1958-02-11 09:00:00.000 042   16104.20     -641.68    45186.19    99999.00
1958-02-11 09:01:00.000 042   16065.90     -639.71    45183.11    99999.00
1958-02-11 09:02:00.000 042   16034.55     -646.36    45181.96    99999.00
1958-02-11 09:03:00.000 042   16078.31     -650.15    45179.55    99999.00
1958-02-11 09:04:00.000 042   16056.74     -639.35    45185.15    99999.00
1958-02-11 09:05:00.000 042   16097.24     -634.60    45173.85    99999.00
1958-02-11 09:06:00.000 042   16160.24     -638.24    45169.68    99999.00
1958-02-11 09:07:00.000 042   16149.55     -637.62    45168.05    99999.00
1958-02-11 09:08:00.000 042   16173.25     -632.45    45154.50    99999.00
1958-02-11 09:09:00.000 042   16228.96     -631.91    45162.04    99999.00
1958-02-11 09:10:00.000 042   16238.38     -639.45    45155.68    99999.00
1958-02-11 09:11:00.000 042   16202.66     -634.18    45165.37    99999.00
1958-02-11 09:12:00.000 042   16196.05     -642.28    45164.97    99999.00
1958-02-11 09:13:00.000 042   16166.63     -638.99    45172.79    99999.00
1958-02-11 09:14:00.000 042   16190.70     -623.70    45183.57    99999.00
1958-02-11 09:15:00.000 042   16144.74     -627.01    45191.08    99999.00
1958-02-11 09:16:00.000 042   16161.53     -632.84    45193.54    99999.00
1958-02-11 09:17:00.000 042   16257.52     -629.43    45211.57    99999.00
1958-02-11 09:18:00.000 042   16270.49     -624.84    45208.03    99999.00
1958-02-11 09:19:00.000 042   16352.58     -629.31    45214.97    99999.00
1958-02-11 09:20:00.000 042   16364.43     -628.38    45220.21    99999.00
1958-02-11 09:21:00.000 042   16327.56     -621.26    45225.45    99999.00
1958-02-11 09:22:00.000 042   16297.97     -622.53    45230.69    99999.00
1958-02-11 09:23:00.000 042   16301.07     -627.08    45235.93    99999.00
1958-02-11 09:24:00.000 042   99999.00    99999.00    99999.00    99999.00
1958-02-11 09:25:00.000 042   99999.00    99999.00    99999.00    99999.00
1958-02-11 09:26:00.000 042   16363.38    99999.00    45246.64    99999.00
1958-02-11 09:27:00.000 042   16294.83    99999.00    45244.77    99999.00
1958-02-11 09:28:00.000 042   16266.64    99999.00    45245.48    99999.00
1958-02-11 09:29:00.000 042   16298.41    99999.00    45250.06    99999.00
1958-02-11 09:30:00.000 042   16314.49     -638.47    45255.18    99999.00
1958-02-11 09:31:00.000 042   16282.82     -643.52    45259.83    99999.00
1958-02-11 09:32:00.000 042   16312.26     -658.12    45263.19    99999.00
1958-02-11 09:33:00.000 042   16294.78     -665.19    45265.80    99999.00
1958-02-11 09:34:00.000 042   16282.16     -664.40    45270.55    99999.00
1958-02-11 09:35:00.000 042   16321.23     -658.70    45280.63    99999.00
1958-02-11 09:36:00.000 042   16367.56     -650.94    45291.57    99999.00
1958-02-11 09:37:00.000 042   16328.51     -643.73    45295.83    99999.00
1958-02-11 09:38:00.000 042   16347.25     -648.34    45292.29    99999.00
1958-02-11 09:39:00.000 042   16325.59     -645.57    45294.88    99999.00
1958-02-11 09:40:00.000 042   16314.79     -639.61    45294.17    99999.00
1958-02-11 09:41:00.000 042   16356.45     -634.06    45285.27    99999.00
1958-02-11 09:42:00.000 042   16349.11     -631.01    45282.78    99999.00
1958-02-11 09:43:00.000 042   16364.44     -637.48    45276.06    99999.00
1958-02-11 09:44:00.000 042   16323.36     -652.48    45262.06    99999.00
1958-02-11 09:45:00.000 042   16309.41     -651.64    45267.51    99999.00
1958-02-11 09:46:00.000 042   16340.58     -644.13    45281.25    99999.00
1958-02-11 09:47:00.000 042   16357.42     -648.61    45281.30    99999.00
1958-02-11 09:48:00.000 042   16333.41     -651.11    45289.87    99999.00
1958-02-11 09:49:00.000 042   16289.59     -652.10    45273.98    99999.00
1958-02-11 09:50:00.000 042   16273.43     -651.42    45278.73    99999.00
1958-02-11 09:51:00.000 042   16354.36     -649.27    45267.41    99999.00
1958-02-11 09:52:00.000 042   16363.71     -646.40    45269.31    99999.00
1958-02-11 09:53:00.000 042   16335.85     -643.70    45289.11    99999.00
1958-02-11 09:54:00.000 042   16364.18     -642.64    45280.32    99999.00
1958-02-11 09:55:00.000 042   16381.04     -645.41    45295.97    99999.00
1958-02-11 09:56:00.000 042   16355.87     -648.92    45304.14    99999.00
1958-02-11 09:57:00.000 042   16388.36     -648.42    45297.04    99999.00
1958-02-11 09:58:00.000 042   16384.04     -644.25    45299.61    99999.00
1958-02-11 09:59:00.000 042   16360.08     -638.80    45306.10    99999.00
1958-02-11 10:00:00.000 042   16404.05     -633.38    45310.78    99999.00
1958-02-11 10:01:00.000 042   16380.96     -628.87    45304.76    99999.00
1958-02-11 10:02:00.000 042   16352.46     -626.28    45309.21    99999.00
1958-02-11 10:03:00.000 042   16327.55     -627.04    45316.17    99999.00
1958-02-11 10:04:00.000 042   16343.45     -631.33    45311.31    99999.00
1958-02-11 10:05:00.000 042   16314.44     -637.62    45311.77    99999.00
1958-02-11 10:06:00.000 042   16263.89     -641.89    45319.49    99999.00
1958-02-11 10:07:00.000 042   16242.15     -638.12    45318.37    99999.00
1958-02-11 10:08:00.000 042   16259.64     -632.36    45321.77    99999.00
1958-02-11 10:09:00.000 042   16223.72     -631.74    45327.13    99999.00
1958-02-11 10:10:00.000 042   16362.21     -636.27    45331.07    99999.00
1958-02-11 10:11:00.000 042   16370.03     -643.20    45327.36    99999.00
1958-02-11 10:12:00.000 042   16319.13     -650.76    45334.68    99999.00
1958-02-11 10:13:00.000 042   16362.02     -657.78    45335.86    99999.00
1958-02-11 10:14:00.000 042   16290.29     -662.84    45331.40    99999.00
1958-02-11 10:15:00.000 042   16379.25     -663.04    45341.06    99999.00
1958-02-11 10:16:00.000 042   16392.57     -654.80    45333.48    99999.00
1958-02-11 10:17:00.000 042   16427.29     -640.51    45333.72    99999.00
1958-02-11 10:18:00.000 042   16477.25     -634.31    45338.91    99999.00
1958-02-11 10:19:00.000 042   16381.20     -637.06    45332.30    99999.00
1958-02-11 10:20:00.000 042   16432.51     -641.69    45332.45    99999.00
1958-02-11 10:21:00.000 042   16396.78     -639.45    45335.05    99999.00
1958-02-11 10:22:00.000 042   16340.14     -636.79    45330.73    99999.00
1958-02-11 10:23:00.000 042   16289.46     -640.40    45330.90    99999.00
1958-02-11 10:24:00.000 042   16361.50     -644.03    45335.07    99999.00
1958-02-11 10:25:00.000 042   16325.62     -643.72    45330.53    99999.00
1958-02-11 10:26:00.000 042   16304.54     -641.46    45330.75    99999.00
1958-02-11 10:27:00.000 042   16382.95     -642.75    45332.89    99999.00
1958-02-11 10:28:00.000 042   16343.21     -645.35    45335.60    99999.00
1958-02-11 10:29:00.000 042   16388.61     -645.72    45338.40    99999.00
1958-02-11 10:30:00.000 042   16352.84     -643.17    45340.90    99999.00
1958-02-11 10:31:00.000 042   16390.34     -639.29    45342.25    99999.00
1958-02-11 10:32:00.000 042   16363.59     -635.62    45340.14    99999.00
1958-02-11 10:33:00.000 042   16362.23     -633.26    45338.23    99999.00
1958-02-11 10:34:00.000 042   16390.06     -633.30    45343.49    99999.00
1958-02-11 10:35:00.000 042   16340.97     -636.01    45340.67    99999.00
1958-02-11 10:36:00.000 042   16335.28     -640.24    45333.63    99999.00
1958-02-11 10:37:00.000 042   16347.37     -644.34    45340.45    99999.00
1958-02-11 10:38:00.000 042   16378.45     -645.51    45341.44    99999.00
1958-02-11 10:39:00.000 042   16295.97     -641.14    45336.33    99999.00
1958-02-11 10:40:00.000 042   16368.70     -634.84    45329.37    99999.00
1958-02-11 10:41:00.000 042   16401.18     -634.69    45322.47    99999.00
1958-02-11 10:42:00.000 042   16352.99     -640.12    45318.29    99999.00
1958-02-11 10:43:00.000 042   16404.67     -644.87    45322.29    99999.00
1958-02-11 10:44:00.000 042   16356.54     -644.64    45336.83    99999.00
1958-02-11 10:45:00.000 042   16387.05     -641.33    45339.56    99999.00
1958-02-11 10:46:00.000 042   16347.16     -646.24    45344.06    99999.00
1958-02-11 10:47:00.000 042   16321.57     -642.45    45348.01    99999.00
1958-02-11 10:48:00.000 042   16365.33     -640.74    45346.14    99999.00
1958-02-11 10:49:00.000 042   16359.56     -643.00    45349.15    99999.00
1958-02-11 10:50:00.000 042   16345.47     -644.97    45352.88    99999.00
1958-02-11 10:51:00.000 042   16378.75     -640.58    45349.67    99999.00
1958-02-11 10:52:00.000 042   16344.82     -634.06    45355.46    99999.00
1958-02-11 10:53:00.000 042   16376.16     -637.73    45359.86    99999.00
1958-02-11 10:54:00.000 042   16370.77     -645.24    45360.23    99999.00
1958-02-11 10:55:00.000 042   16362.12     -644.74    45363.42    99999.00
1958-02-11 10:56:00.000 042   16382.43     -637.58    45367.10    99999.00
1958-02-11 10:57:00.000 042   16318.73     -638.63    45370.70    99999.00
1958-02-11 10:58:00.000 042   16380.48     -646.03    45373.51    99999.00
1958-02-11 10:59:00.000 042   16349.82     -645.86    45372.87    99999.00
1958-02-11 11:00:00.000 042   16345.26     -642.83    45372.11    99999.00
1958-02-11 11:01:00.000 042   16359.58     -647.94    45372.71    99999.00
1958-02-11 11:02:00.000 042   16365.02     -651.61    45370.69    99999.00
1958-02-11 11:03:00.000 042   16365.63     -649.55    45372.20    99999.00
1958-02-11 11:04:00.000 042   16369.73     -645.12    45370.79    99999.00
1958-02-11 11:05:00.000 042   16370.18     -641.80    45370.59    99999.00
1958-02-11 11:06:00.000 042   16370.07     -642.91    45372.92    99999.00
1958-02-11 11:07:00.000 042   16351.86     -646.62    45375.70    99999.00
1958-02-11 11:08:00.000 042   16350.20     -648.35    45377.74    99999.00
1958-02-11 11:09:00.000 042   16302.33     -647.38    45377.72    99999.00
1958-02-11 11:10:00.000 042   16370.66     -645.60    45377.17    99999.00
1958-02-11 11:11:00.000 042   16359.28     -644.37    45377.99    99999.00
1958-02-11 11:12:00.000 042   16378.23     -644.86    45379.90    99999.00
1958-02-11 11:13:00.000 042   16366.87     -646.57    45382.17    99999.00
1958-02-11 11:14:00.000 042   16371.88     -647.44    45384.43    99999.00
1958-02-11 11:15:00.000 042   16348.24     -644.85    45386.39    99999.00
1958-02-11 11:16:00.000 042   16355.14     -640.94    45387.65    99999.00
1958-02-11 11:17:00.000 042   16387.26     -643.27    45387.77    99999.00
1958-02-11 11:18:00.000 042   16345.12     -642.30    45386.41    99999.00
1958-02-11 11:19:00.000 042   16375.76     -641.34    45383.42    99999.00
1958-02-11 11:20:00.000 042   16357.80     -644.06    45379.20    99999.00
1958-02-11 11:21:00.000 042   16351.68     -644.30    45374.91    99999.00
1958-02-11 11:22:00.000 042   16376.52     -643.47    45371.57    99999.00
1958-02-11 11:23:00.000 042   16361.84     -642.33    45369.76    99999.00
1958-02-11 11:24:00.000 042   16396.54     -641.12    45369.58    99999.00
1958-02-11 11:25:00.000 042   16383.61     -640.01    45370.51    99999.00
1958-02-11 11:26:00.000 042   16401.04     -639.24    45372.14    99999.00
1958-02-11 11:27:00.000 042   16399.71     -639.46    45374.15    99999.00
1958-02-11 11:28:00.000 042   16415.28     -640.99    45376.35    99999.00
1958-02-11 11:29:00.000 042   16400.51     -640.56    45378.58    99999.00
1958-02-11 11:30:00.000 042   16426.70     -639.26    45380.82    99999.00
1958-02-11 11:31:00.000 042   16411.37     -639.77    45383.12    99999.00
1958-02-11 11:32:00.000 042   16437.27     -642.00    45385.51    99999.00
1958-02-11 11:33:00.000 042   16419.58     -643.00    45388.05    99999.00
1958-02-11 11:34:00.000 042   16399.04     -641.45    45390.82    99999.00
1958-02-11 11:35:00.000 042   16417.76     -642.24    45393.99    99999.00
1958-02-11 11:36:00.000 042   16446.63     -643.65    45397.70    99999.00
1958-02-11 11:37:00.000 042   16446.06     -643.38    45401.65    99999.00
1958-02-11 11:38:00.000 042   16428.97     -641.77    45404.16    99999.00
1958-02-11 11:39:00.000 042   16447.03     -640.12    45400.14    99999.00
1958-02-11 11:40:00.000 042   16433.70     -639.15    45398.25    99999.00
1958-02-11 11:41:00.000 042   16467.21     -639.25    45399.63    99999.00
1958-02-11 11:42:00.000 042   16450.69     -640.51    45396.07    99999.00
1958-02-11 11:43:00.000 042   16467.39     -642.46    45396.00    99999.00
1958-02-11 11:44:00.000 042   16474.73     -644.69    45399.35    99999.00
1958-02-11 11:45:00.000 042   16458.68     -646.75    45401.54    99999.00
1958-02-11 11:46:00.000 042   16488.37     -647.86    45397.18    99999.00
1958-02-11 11:47:00.000 042   16475.92     -647.14    45399.13    99999.00
1958-02-11 11:48:00.000 042   16486.78     -645.49    45395.54    99999.00
1958-02-11 11:49:00.000 042   16488.03     -645.27    45392.75    99999.00
1958-02-11 11:50:00.000 042   16472.11     -646.79    45396.57    99999.00
1958-02-11 11:51:00.000 042   16500.53     -648.57    45394.28    99999.00
1958-02-11 11:52:00.000 042   16478.59     -649.80    45395.20    99999.00
1958-02-11 11:53:00.000 042   16476.48     -650.06    45400.92    99999.00
1958-02-11 11:54:00.000 042   16465.01     -649.11    45400.23    99999.00
1958-02-11 11:55:00.000 042   16489.94     -647.20    45404.49    99999.00
1958-02-11 11:56:00.000 042   16483.53     -644.81    45409.13    99999.00
1958-02-11 11:57:00.000 042   16495.64     -642.36    45413.26    99999.00
1958-02-11 11:58:00.000 042   16474.97     -640.30    45416.32    99999.00
1958-02-11 11:59:00.000 042   16484.06     -639.36    45417.29    99999.00
1958-02-11 12:00:00.000 042   16489.32     -640.82    45415.18    99999.00
1958-02-11 12:01:00.000 042   16461.90     -645.38    45410.73    99999.00
1958-02-11 12:02:00.000 042   16461.82     -651.20    45409.64    99999.00
1958-02-11 12:03:00.000 042   16472.77     -647.88    45415.82    99999.00
1958-02-11 12:04:00.000 042   16448.76     -647.40    45415.19    99999.00
1958-02-11 12:05:00.000 042   16512.76     -648.88    45415.88    99999.00
1958-02-11 12:06:00.000 042   16489.64     -649.69    45419.96    99999.00
1958-02-11 12:07:00.000 042   16483.86     -647.76    45424.62    99999.00
1958-02-11 12:08:00.000 042   16505.42     -644.33    45428.30    99999.00
1958-02-11 12:09:00.000 042   16518.18     -644.81    45426.76    99999.00
1958-02-11 12:10:00.000 042   16485.29     -648.85    45427.46    99999.00
1958-02-11 12:11:00.000 042   16466.42     -652.70    45427.53    99999.00
1958-02-11 12:12:00.000 042   16517.33     -654.44    45420.45    99999.00
1958-02-11 12:13:00.000 042   16495.48     -653.35    45417.30    99999.00
1958-02-11 12:14:00.000 042   16569.72     -650.72    45424.25    99999.00
1958-02-11 12:15:00.000 042   16555.03     -647.97    45417.43    99999.00
1958-02-11 12:16:00.000 042   16535.94     -646.20    45404.30    99999.00
1958-02-11 12:17:00.000 042   16570.25     -646.31    45408.09    99999.00
1958-02-11 12:18:00.000 042   16555.62     -648.21    45419.07    99999.00
1958-02-11 12:19:00.000 042   16541.04     -651.17    45431.05    99999.00
1958-02-11 12:20:00.000 042   16564.50     -654.40    45439.41    99999.00
1958-02-11 12:21:00.000 042   16561.52     -656.62    45430.12    99999.00
1958-02-11 12:22:00.000 042   16580.36     -656.01    45412.18    99999.00
1958-02-11 12:23:00.000 042   16610.71     -653.74    45423.30    99999.00
1958-02-11 12:24:00.000 042   16653.58     -655.11    45431.45    99999.00
1958-02-11 12:25:00.000 042   16661.47     -657.67    45426.95    99999.00
1958-02-11 12:26:00.000 042   16638.17     -656.90    45431.12    99999.00
1958-02-11 12:27:00.000 042   16661.20     -654.14    45421.07    99999.00
1958-02-11 12:28:00.000 042   16679.25     -653.34    45400.03    99999.00
1958-02-11 12:29:00.000 042   16670.94     -655.96    45397.98    99999.00
1958-02-11 12:30:00.000 042   16681.89     -650.99    45413.14    99999.00
1958-02-11 12:31:00.000 042   16659.47     -652.47    45411.30    99999.00
1958-02-11 12:32:00.000 042   16683.44     -657.48    45402.56    99999.00
1958-02-11 12:33:00.000 042   16670.59     -662.76    45401.46    99999.00
1958-02-11 12:34:00.000 042   16671.61     -667.66    45399.91    99999.00
1958-02-11 12:35:00.000 042   16692.76     -671.25    45394.01    99999.00
1958-02-11 12:36:00.000 042   16675.38     -668.63    45392.22    99999.00
1958-02-11 12:37:00.000 042   16726.69     -656.71    45399.79    99999.00
1958-02-11 12:38:00.000 042   16729.50     -657.42    45398.26    99999.00
1958-02-11 12:39:00.000 042   16905.67     -659.88    45388.41    99999.00
1958-02-11 12:40:00.000 042   17041.77     -661.45    45389.55    99999.00
1958-02-11 12:41:00.000 042   17039.58     -648.82    45398.63    99999.00
1958-02-11 12:42:00.000 042   16971.11     -643.77    45403.19    99999.00
1958-02-11 12:43:00.000 042   16878.59     -649.55    45396.78    99999.00
1958-02-11 12:44:00.000 042   16780.70     -651.84    45392.65    99999.00
1958-02-11 12:45:00.000 042   16700.31     -645.77    45408.73    99999.00
1958-02-11 12:46:00.000 042   16689.87     -650.58    45409.41    99999.00
1958-02-11 12:47:00.000 042   16728.07     -657.75    45397.88    99999.00
1958-02-11 12:48:00.000 042   16676.71     -665.28    45401.06    99999.00
1958-02-11 12:49:00.000 042   16636.01     -672.43    45412.81    99999.00
1958-02-11 12:50:00.000 042   16671.36     -678.31    45410.61    99999.00
1958-02-11 12:51:00.000 042   16659.66     -680.34    45411.34    99999.00
1958-02-11 12:52:00.000 042   16820.60     -671.45    45416.07    99999.00
1958-02-11 12:53:00.000 042   16925.29     -664.14    45409.40    99999.00
1958-02-11 12:54:00.000 042   16868.05     -666.85    45406.43    99999.00
1958-02-11 12:55:00.000 042   16774.32     -670.72    45408.56    99999.00
1958-02-11 12:56:00.000 042   16720.19     -672.14    45411.83    99999.00
1958-02-11 12:57:00.000 042   16770.08     -668.10    45413.69    99999.00
1958-02-11 12:58:00.000 042   16778.23     -662.15    45409.71    99999.00
1958-02-11 12:59:00.000 042   16734.56     -659.12    45412.06    99999.00
1958-02-11 13:00:00.000 042   16735.79     -659.11    45412.87    99999.00
1958-02-11 13:01:00.000 042   16757.65     -660.25    45409.91    99999.00
1958-02-11 13:02:00.000 042   16720.52     -661.41    45412.44    99999.00
1958-02-11 13:03:00.000 042   16737.50     -661.43    45417.76    99999.00
1958-02-11 13:04:00.000 042   16724.46     -658.98    45420.24    99999.00
1958-02-11 13:05:00.000 042   16748.55     -654.98    45414.41    99999.00
1958-02-11 13:06:00.000 042   16687.92     -652.18    45408.96    99999.00
1958-02-11 13:07:00.000 042   16626.50     -651.98    45414.12    99999.00
1958-02-11 13:08:00.000 042   16633.32     -653.03    45416.83    99999.00
1958-02-11 13:09:00.000 042   16699.94     -654.15    45408.33    99999.00
1958-02-11 13:10:00.000 042   16637.86     -654.48    45399.29    99999.00
1958-02-11 13:11:00.000 042   16586.98     -653.54    45402.00    99999.00
1958-02-11 13:12:00.000 042   16622.19     -651.86    45410.49    99999.00
1958-02-11 13:13:00.000 042   16612.04     -650.20    45409.41    99999.00
1958-02-11 13:14:00.000 042   16566.81     -649.23    45409.04    99999.00
1958-02-11 13:15:00.000 042   16572.05     -649.31    45409.89    99999.00
1958-02-11 13:16:00.000 042   16557.83     -649.95    45406.74    99999.00
1958-02-11 13:17:00.000 042   16519.02     -650.63    45409.55    99999.00
1958-02-11 13:18:00.000 042   16542.21     -650.98    45399.56    99999.00
1958-02-11 13:19:00.000 042   16524.70     -650.80    45401.48    99999.00
1958-02-11 13:20:00.000 042   16543.76     -650.01    45409.82    99999.00
1958-02-11 13:21:00.000 042   16543.37     -648.82    45414.87    99999.00
1958-02-11 13:22:00.000 042   16521.38     -647.42    45411.53    99999.00
1958-02-11 13:23:00.000 042   16496.78     -645.99    45405.44    99999.00
1958-02-11 13:24:00.000 042   16486.76     -644.69    45407.58    99999.00
1958-02-11 13:25:00.000 042   16517.10     -643.76    45413.86    99999.00
1958-02-11 13:26:00.000 042   16531.92     -643.56    45413.69    99999.00
1958-02-11 13:27:00.000 042   16505.78     -644.32    45410.90    99999.00
1958-02-11 13:28:00.000 042   16478.57     -645.83    45414.95    99999.00
1958-02-11 13:29:00.000 042   16470.08     -647.43    45420.14    99999.00
1958-02-11 13:30:00.000 042   16485.95     -648.25    45420.14    99999.00
1958-02-11 13:31:00.000 042   16510.90     -648.09    45413.20    99999.00
1958-02-11 13:32:00.000 042   16518.78     -647.61    45411.50    99999.00
1958-02-11 13:33:00.000 042   16488.83     -647.30    45415.10    99999.00
1958-02-11 13:34:00.000 042   16503.42     -647.53    45412.24    99999.00
1958-02-11 13:35:00.000 042   16561.78     -648.57    45413.58    99999.00
1958-02-11 13:36:00.000 042   16522.84     -650.34    45415.48    99999.00
1958-02-11 13:37:00.000 042   16534.54     -652.48    45414.28    99999.00
1958-02-11 13:38:00.000 042   16525.38     -654.65    45411.51    99999.00
1958-02-11 13:39:00.000 042   16511.44     -656.43    45408.50    99999.00
1958-02-11 13:40:00.000 042   16547.56     -657.19    45406.14    99999.00
1958-02-11 13:41:00.000 042   16531.56     -656.04    45405.74    99999.00
1958-02-11 13:42:00.000 042   16575.26     -653.21    45408.38    99999.00
1958-02-11 13:43:00.000 042   16619.16     -650.52    45411.95    99999.00
1958-02-11 13:44:00.000 042   16610.06     -650.45    45412.73    99999.00
1958-02-11 13:45:00.000 042   16579.06     -652.22    45411.21    99999.00
1958-02-11 13:46:00.000 042   16546.10     -654.05    45409.24    99999.00
1958-02-11 13:47:00.000 042   16541.55     -654.85    45409.82    99999.00
1958-02-11 13:48:00.000 042   16587.51     -654.32    45410.84    99999.00
1958-02-11 13:49:00.000 042   16565.79     -653.05    45409.57    99999.00
1958-02-11 13:50:00.000 042   16584.41     -651.61    45407.45    99999.00
1958-02-11 13:51:00.000 042   16564.69     -650.56    45405.09    99999.00
1958-02-11 13:52:00.000 042   16569.92     -650.70    45402.72    99999.00
1958-02-11 13:53:00.000 042   16561.72     -652.26    45400.67    99999.00
1958-02-11 13:54:00.000 042   16569.66     -654.26    45400.64    99999.00
1958-02-11 13:55:00.000 042   16563.44     -654.92    45400.11    99999.00
1958-02-11 13:56:00.000 042   16582.50     -654.31    45395.90    99999.00
1958-02-11 13:57:00.000 042   16584.06     -653.87    45393.79    99999.00
1958-02-11 13:58:00.000 042   16594.85     -654.34    45395.62    99999.00
1958-02-11 13:59:00.000 042   16573.43     -655.47    45399.29    99999.00
1958-02-11 14:00:00.000 042   16570.12     -656.70    45398.79    99999.00
1958-02-11 14:01:00.000 042   16594.90     -657.59    45401.74    99999.00
1958-02-11 14:02:00.000 042   16571.85     -657.64    45404.12    99999.00
1958-02-11 14:03:00.000 042   16579.46     -656.42    45403.27    99999.00
1958-02-11 14:04:00.000 042   16604.76     -654.66    45406.02    99999.00
1958-02-11 14:05:00.000 042   16614.80     -653.28    45409.51    99999.00
1958-02-11 14:06:00.000 042   16602.76     -652.64    45411.78    99999.00
1958-02-11 14:07:00.000 042   16578.65     -652.71    45411.41    99999.00
1958-02-11 14:08:00.000 042   16560.26     -653.29    45409.11    99999.00
1958-02-11 14:09:00.000 042   16571.44     -654.16    45407.77    99999.00
1958-02-11 14:10:00.000 042   16592.25     -655.18    45409.74    99999.00
1958-02-11 14:11:00.000 042   16583.71     -656.28    45409.19    99999.00
1958-02-11 14:12:00.000 042   16598.84     -657.37    45406.16    99999.00
1958-02-11 14:13:00.000 042   16592.84     -658.34    45406.53    99999.00
1958-02-11 14:14:00.000 042   16614.99     -659.00    45409.66    99999.00
1958-02-11 14:15:00.000 042   16624.78     -658.76    45413.94    99999.00
1958-02-11 14:16:00.000 042   16613.89     -656.41    45418.62    99999.00
1958-02-11 14:17:00.000 042   16639.41     -655.39    45423.09    99999.00
1958-02-11 14:18:00.000 042   16620.82     -657.52    45427.92    99999.00
1958-02-11 14:19:00.000 042   16611.49     -659.30    45434.18    99999.00
1958-02-11 14:20:00.000 042   16630.43     -659.69    45441.87    99999.00
1958-02-11 14:21:00.000 042   16642.75     -658.29    45451.39    99999.00
1958-02-11 14:22:00.000 042   16621.83     -655.92    45458.70    99999.00
1958-02-11 14:23:00.000 042   16623.21     -653.65    45457.24    99999.00
1958-02-11 14:24:00.000 042   16633.07     -652.63    45452.78    99999.00
1958-02-11 14:25:00.000 042   16615.00     -653.55    45448.59    99999.00
1958-02-11 14:26:00.000 042   16630.24     -655.69    45446.44    99999.00
1958-02-11 14:27:00.000 042   16620.65     -656.90    45447.49    99999.00
1958-02-11 14:28:00.000 042   16635.50     -653.74    45450.08    99999.00
1958-02-11 14:29:00.000 042   16642.96     -653.47    45451.75    99999.00
1958-02-11 14:30:00.000 042   16619.61     -654.58    45451.16    99999.00
1958-02-11 14:31:00.000 042   16638.77     -656.10    45448.85    99999.00
1958-02-11 14:32:00.000 042   16667.65     -657.68    45445.41    99999.00
1958-02-11 14:33:00.000 042   16678.92     -659.17    45441.23    99999.00
1958-02-11 14:34:00.000 042   16658.76     -660.48    45436.61    99999.00
1958-02-11 14:35:00.000 042   16636.43     -661.48    45432.05    99999.00
1958-02-11 14:36:00.000 042   16645.09     -662.04    45428.62    99999.00
1958-02-11 14:37:00.000 042   16668.10     -661.96    45429.53    99999.00
1958-02-11 14:38:00.000 042   16662.74     -661.10    45430.87    99999.00
1958-02-11 14:39:00.000 042   16669.48     -659.51    45424.34    99999.00
1958-02-11 14:40:00.000 042   16671.60     -657.39    45418.63    99999.00
1958-02-11 14:41:00.000 042   16658.19     -655.06    45420.65    99999.00
1958-02-11 14:42:00.000 042   16646.59     -653.04    45420.82    99999.00
1958-02-11 14:43:00.000 042   16651.72     -652.09    45416.75    99999.00
1958-02-11 14:44:00.000 042   16667.11     -652.68    45419.76    99999.00
1958-02-11 14:45:00.000 042   16640.36     -654.48    45418.45    99999.00
1958-02-11 14:46:00.000 042   16647.19     -656.79    45412.86    99999.00
1958-02-11 14:47:00.000 042   16641.28     -649.58    45408.31    99999.00
1958-02-11 14:48:00.000 042   16670.39     -650.53    45409.90    99999.00
1958-02-11 14:49:00.000 042   16705.23     -652.05    45408.11    99999.00
1958-02-11 14:50:00.000 042   16682.59     -649.12    45404.17    99999.00
1958-02-11 14:51:00.000 042   16650.64     -646.46    45404.85    99999.00
1958-02-11 14:52:00.000 042   16657.46     -647.75    45407.14    99999.00
1958-02-11 14:53:00.000 042   16633.04     -648.60    45408.27    99999.00
1958-02-11 14:54:00.000 042   16639.40     -645.94    45406.20    99999.00
1958-02-11 14:55:00.000 042   16652.65     -647.20    45407.38    99999.00
1958-02-11 14:56:00.000 042   16642.80     -648.31    45404.20    99999.00
1958-02-11 14:57:00.000 042   16645.58     -648.17    45404.68    99999.00
1958-02-11 14:58:00.000 042   16660.52     -646.08    45406.61    99999.00
1958-02-11 14:59:00.000 042   16670.68     -648.52    45408.18    99999.00
1958-02-11 15:00:00.000 042   16661.07     -649.61    45407.76    99999.00
1958-02-11 15:01:00.000 042   16637.03     -647.66    45404.65    99999.00
1958-02-11 15:02:00.000 042   16645.55     -645.14    45402.93    99999.00
1958-02-11 15:03:00.000 042   16655.85     -643.56    45403.48    99999.00
1958-02-11 15:04:00.000 042   16638.83     -643.18    45405.16    99999.00
1958-02-11 15:05:00.000 042   16655.37     -643.83    45407.30    99999.00
1958-02-11 15:06:00.000 042   16651.33     -645.04    45409.56    99999.00
1958-02-11 15:07:00.000 042   16632.31     -646.57    45411.63    99999.00
1958-02-11 15:08:00.000 042   16619.57     -648.20    45412.45    99999.00
1958-02-11 15:09:00.000 042   16635.65     -649.72    45410.21    99999.00
1958-02-11 15:10:00.000 042   16649.80     -650.53    45410.53    99999.00
1958-02-11 15:11:00.000 042   16645.99     -648.95    45412.00    99999.00
1958-02-11 15:12:00.000 042   16669.52     -646.92    45413.34    99999.00
1958-02-11 15:13:00.000 042   16666.17     -647.90    45413.81    99999.00
1958-02-11 15:14:00.000 042   16654.49     -648.31    45412.88    99999.00
1958-02-11 15:15:00.000 042   16640.27     -646.52    45411.51    99999.00
1958-02-11 15:16:00.000 042   16625.58     -646.01    45411.47    99999.00
1958-02-11 15:17:00.000 042   16612.55     -647.29    45412.51    99999.00
1958-02-11 15:18:00.000 042   16609.98     -647.69    45413.31    99999.00
1958-02-11 15:19:00.000 042   16634.19     -646.27    45412.73    99999.00
1958-02-11 15:20:00.000 042   16626.97     -645.73    45410.93    99999.00
1958-02-11 15:21:00.000 042   16615.08     -646.93    45410.16    99999.00
1958-02-11 15:22:00.000 042   16603.99     -648.62    45411.30    99999.00
1958-02-11 15:23:00.000 042   16597.37     -649.85    45410.26    99999.00
1958-02-11 15:24:00.000 042   16603.27     -649.67    45408.60    99999.00
1958-02-11 15:25:00.000 042   16621.35     -647.93    45406.77    99999.00
1958-02-11 15:26:00.000 042   16625.59     -645.83    45404.94    99999.00
1958-02-11 15:27:00.000 042   16612.90     -644.96    45403.19    99999.00
1958-02-11 15:28:00.000 042   16596.14     -645.53    45401.62    99999.00
1958-02-11 15:29:00.000 042   16581.49     -646.55    45400.36    99999.00
1958-02-11 15:30:00.000 042   16574.44     -646.45    45399.68    99999.00
1958-02-11 15:31:00.000 042   16579.80     -645.48    45399.85    99999.00
1958-02-11 15:32:00.000 042   16594.51     -645.54    45400.95    99999.00
1958-02-11 15:33:00.000 042   16608.83     -646.08    45402.54    99999.00
1958-02-11 15:34:00.000 042   16606.66     -646.64    45402.91    99999.00
1958-02-11 15:35:00.000 042   16595.35     -646.84    45402.04    99999.00
1958-02-11 15:36:00.000 042   16603.91     -646.38    45401.67    99999.00
1958-02-11 15:37:00.000 042   16620.91     -645.92    45402.41    99999.00
1958-02-11 15:38:00.000 042   16620.06     -645.87    45402.55    99999.00
1958-02-11 15:39:00.000 042   16607.48     -646.14    45401.30    99999.00
1958-02-11 15:40:00.000 042   16598.19     -646.55    45399.33    99999.00
1958-02-11 15:41:00.000 042   16607.23     -647.00    45397.52    99999.00
1958-02-11 15:42:00.000 042   16626.02     -647.44    45396.60    99999.00
1958-02-11 15:43:00.000 042   16621.79     -647.81    45397.16    99999.00
1958-02-11 15:44:00.000 042   16621.82     -647.93    45398.60    99999.00
1958-02-11 15:45:00.000 042   16611.95     -647.47    45399.84    99999.00
1958-02-11 15:46:00.000 042   16609.48     -646.91    45400.11    99999.00
1958-02-11 15:47:00.000 042   16626.49     -647.39    45399.56    99999.00
1958-02-11 15:48:00.000 042   16642.83     -648.31    45398.56    99999.00
1958-02-11 15:49:00.000 042   16634.48     -649.23    45397.34    99999.00
1958-02-11 15:50:00.000 042   16627.39     -649.92    45396.08    99999.00
1958-02-11 15:51:00.000 042   16645.40     -650.03    45394.89    99999.00
1958-02-11 15:52:00.000 042   16644.54     -649.06    45393.89    99999.00
1958-02-11 15:53:00.000 042   16633.43     -647.27    45393.19    99999.00
1958-02-11 15:54:00.000 042   16620.83     -646.79    45393.03    99999.00
1958-02-11 15:55:00.000 042   16611.18     -647.54    45393.39    99999.00
1958-02-11 15:56:00.000 042   16615.60     -646.82    45393.70    99999.00
1958-02-11 15:57:00.000 042   16630.98     -645.96    45392.92    99999.00
1958-02-11 15:58:00.000 042   16622.59     -646.20    45390.69    99999.00
1958-02-11 15:59:00.000 042   16609.13     -647.07    45388.70    99999.00
1958-02-11 16:00:00.000 042   16600.27     -648.11    45389.22    99999.00
1958-02-11 16:01:00.000 042   16601.18     -649.07    45390.98    99999.00
1958-02-11 16:02:00.000 042   16611.98     -649.75    45389.48    99999.00
1958-02-11 16:03:00.000 042   16626.98     -649.85    45389.04    99999.00
1958-02-11 16:04:00.000 042   16639.06     -649.30    45390.58    99999.00
1958-02-11 16:05:00.000 042   16638.91     -648.50    45388.97    99999.00
1958-02-11 16:06:00.000 042   16626.51     -647.90    45388.66    99999.00
1958-02-11 16:07:00.000 042   16616.80     -647.75    45389.92    99999.00
1958-02-11 16:08:00.000 042   16625.98     -648.05    45391.56    99999.00
1958-02-11 16:09:00.000 042   16613.10     -648.59    45393.14    99999.00
1958-02-11 16:10:00.000 042   16609.18     -649.26    45393.96    99999.00
1958-02-11 16:11:00.000 042   16614.89     -649.98    45393.93    99999.00
1958-02-11 16:12:00.000 042   16624.36     -650.65    45394.59    99999.00
1958-02-11 16:13:00.000 042   16634.59     -651.14    45395.72    99999.00
1958-02-11 16:14:00.000 042   16643.77     -651.21    45396.87    99999.00
1958-02-11 16:15:00.000 042   16649.44     -650.76    45395.09    99999.00
1958-02-11 16:16:00.000 042   16647.03     -650.31    45394.46    99999.00
1958-02-11 16:17:00.000 042   16634.97     -651.09    45395.11    99999.00
1958-02-11 16:18:00.000 042   16626.59     -652.28    45396.42    99999.00
1958-02-11 16:19:00.000 042   16634.38     -652.47    45396.89    99999.00
1958-02-11 16:20:00.000 042   16636.26     -651.67    45395.89    99999.00
1958-02-11 16:21:00.000 042   16622.63     -651.95    45394.50    99999.00
1958-02-11 16:22:00.000 042   16632.56     -653.24    45393.76    99999.00
1958-02-11 16:23:00.000 042   16648.72     -653.93    45394.09    99999.00
1958-02-11 16:24:00.000 042   16647.61     -654.00    45395.10    99999.00
1958-02-11 16:25:00.000 042   16642.28     -653.62    45396.39    99999.00
1958-02-11 16:26:00.000 042   16650.14     -652.99    45397.55    99999.00
1958-02-11 16:27:00.000 042   16643.21     -652.22    45398.20    99999.00
1958-02-11 16:28:00.000 042   16633.46     -651.40    45397.87    99999.00
1958-02-11 16:29:00.000 042   16625.11     -650.56    45396.05    99999.00
1958-02-11 16:30:00.000 042   16622.52     -649.75    45393.33    99999.00
1958-02-11 16:31:00.000 042   16629.25     -649.02    45391.31    99999.00
1958-02-11 16:32:00.000 042   16635.63     -648.46    45391.38    99999.00
1958-02-11 16:33:00.000 042   16624.87     -648.29    45392.95    99999.00
1958-02-11 16:34:00.000 042   16619.26     -648.83    45394.19    99999.00
1958-02-11 16:35:00.000 042   16630.67     -650.38    45392.61    99999.00
1958-02-11 16:36:00.000 042   16647.35     -651.05    45388.48    99999.00
1958-02-11 16:37:00.000 042   16658.56     -650.15    45386.92    99999.00
1958-02-11 16:38:00.000 042   16655.93     -649.25    45389.55    99999.00
1958-02-11 16:39:00.000 042   16639.75     -649.00    45393.20    99999.00
1958-02-11 16:40:00.000 042   16620.72     -649.39    45394.75    99999.00
1958-02-11 16:41:00.000 042   16615.19     -650.05    45391.35    99999.00
1958-02-11 16:42:00.000 042   16631.98     -650.43    45387.32    99999.00
1958-02-11 16:43:00.000 042   16645.20     -647.89    45390.18    99999.00
1958-02-11 16:44:00.000 042   16624.91     -647.94    45388.70    99999.00
1958-02-11 16:45:00.000 042   16625.37     -648.58    45391.25    99999.00
1958-02-11 16:46:00.000 042   16641.88     -649.13    45392.23    99999.00
1958-02-11 16:47:00.000 042   16658.66     -647.66    45391.13    99999.00
1958-02-11 16:48:00.000 042   16662.95     -647.17    45388.83    99999.00
1958-02-11 16:49:00.000 042   16647.51     -647.61    45386.29    99999.00
1958-02-11 16:50:00.000 042   16647.70     -648.15    45384.33    99999.00
1958-02-11 16:51:00.000 042   16650.63     -648.59    45384.47    99999.00
1958-02-11 16:52:00.000 042   16650.20     -648.59    45387.27    99999.00
1958-02-11 16:53:00.000 042   16660.32     -646.97    45388.83    99999.00
1958-02-11 16:54:00.000 042   16649.87     -646.86    45387.39    99999.00
1958-02-11 16:55:00.000 042   16665.87     -647.90    45384.63    99999.00
1958-02-11 16:56:00.000 042   16679.61     -646.93    45381.63    99999.00
1958-02-11 16:57:00.000 042   16680.10     -645.11    45379.22    99999.00
1958-02-11 16:58:00.000 042   16664.82     -645.52    45378.95    99999.00
1958-02-11 16:59:00.000 042   16641.66     -647.16    45381.33    99999.00
1958-02-11 17:00:00.000 042   16640.42     -648.46    45382.47    99999.00
1958-02-11 17:01:00.000 042   16630.82     -648.35    45380.89    99999.00
1958-02-11 17:02:00.000 042   16632.73     -646.22    45378.61    99999.00
1958-02-11 17:03:00.000 042   16652.31     -643.33    45377.35    99999.00
1958-02-11 17:04:00.000 042   16666.89     -641.49    45378.04    99999.00
1958-02-11 17:05:00.000 042   16653.32     -642.07    45376.36    99999.00
1958-02-11 17:06:00.000 042   16643.33     -644.37    45375.13    99999.00
1958-02-11 17:07:00.000 042   16659.77     -646.94    45376.22    99999.00
1958-02-11 17:08:00.000 042   16630.05     -648.24    45377.58    99999.00
1958-02-11 17:09:00.000 042   16640.30     -647.35    45377.53    99999.00
1958-02-11 17:10:00.000 042   16670.09     -645.63    45375.17    99999.00
1958-02-11 17:11:00.000 042   16688.95     -645.17    45375.74    99999.00
1958-02-11 17:12:00.000 042   16666.24     -646.70    45376.77    99999.00
1958-02-11 17:13:00.000 042   16657.62     -648.69    45374.42    99999.00
1958-02-11 17:14:00.000 042   16658.39     -649.91    45373.50    99999.00
1958-02-11 17:15:00.000 042   16639.29     -649.74    45374.33    99999.00
1958-02-11 17:16:00.000 042   16650.17     -648.62    45375.74    99999.00
1958-02-11 17:17:00.000 042   16668.76     -647.21    45377.21    99999.00
1958-02-11 17:18:00.000 042   16666.97     -646.02    45377.81    99999.00
1958-02-11 17:19:00.000 042   16643.00     -645.57    45376.03    99999.00
1958-02-11 17:20:00.000 042   16627.84     -646.12    45373.62    99999.00
1958-02-11 17:21:00.000 042   16641.57     -647.28    45373.32    99999.00
1958-02-11 17:22:00.000 042   16649.89     -648.51    45374.67    99999.00
1958-02-11 17:23:00.000 042   16642.97     -649.10    45375.10    99999.00
1958-02-11 17:24:00.000 042   16631.88     -648.58    45371.54    99999.00
1958-02-11 17:25:00.000 042   16627.19     -647.57    45369.27    99999.00
1958-02-11 17:26:00.000 042   16648.29     -646.97    45371.46    99999.00
1958-02-11 17:27:00.000 042   16635.07     -647.43    45374.29    99999.00
1958-02-11 17:28:00.000 042   16654.61     -648.75    45374.15    99999.00
1958-02-11 17:29:00.000 042   16645.53     -650.30    45370.88    99999.00
1958-02-11 17:30:00.000 042   16614.28     -651.55    45371.40    99999.00
1958-02-11 17:31:00.000 042   16598.01     -651.96    45372.79    99999.00
1958-02-11 17:32:00.000 042   16620.67     -651.22    45370.52    99999.00
1958-02-11 17:33:00.000 042   16625.59     -649.69    45370.50    99999.00
1958-02-11 17:34:00.000 042   16617.75     -648.09    45371.77    99999.00
1958-02-11 17:35:00.000 042   16632.26     -648.18    45372.53    99999.00
1958-02-11 17:36:00.000 042   16622.72     -650.12    45372.29    99999.00
1958-02-11 17:37:00.000 042   16603.31     -649.41    45371.39    99999.00
1958-02-11 17:38:00.000 042   16609.61     -648.56    45370.35    99999.00
1958-02-11 17:39:00.000 042   16634.52     -649.47    45369.90    99999.00
1958-02-11 17:40:00.000 042   16629.94     -651.05    45371.41    99999.00
1958-02-11 17:41:00.000 042   16604.61     -651.40    45372.84    99999.00
1958-02-11 17:42:00.000 042   16586.36     -649.76    45372.25    99999.00
1958-02-11 17:43:00.000 042   16613.51     -648.26    45371.22    99999.00
1958-02-11 17:44:00.000 042   16647.23     -647.72    45370.57    99999.00
1958-02-11 17:45:00.000 042   16622.41     -647.97    45371.12    99999.00
1958-02-11 17:46:00.000 042   16598.03     -648.58    45372.81    99999.00
1958-02-11 17:47:00.000 042   16615.59     -649.33    45373.81    99999.00
1958-02-11 17:48:00.000 042   16595.42     -650.05    45372.15    99999.00
1958-02-11 17:49:00.000 042   16606.04     -650.59    45372.43    99999.00
1958-02-11 17:50:00.000 042   16622.97     -650.59    45373.69    99999.00
1958-02-11 17:51:00.000 042   16613.32     -649.47    45374.89    99999.00
1958-02-11 17:52:00.000 042   16598.44     -647.31    45374.97    99999.00
1958-02-11 17:53:00.000 042   16604.42     -646.57    45373.92    99999.00
1958-02-11 17:54:00.000 042   16615.24     -647.65    45375.12    99999.00
1958-02-11 17:55:00.000 042   16615.87     -648.79    45377.21    99999.00
1958-02-11 17:56:00.000 042   16619.86     -648.04    45378.38    99999.00
1958-02-11 17:57:00.000 042   16635.65     -647.07    45377.27    99999.00
1958-02-11 17:58:00.000 042   16617.72     -647.50    45374.63    99999.00
1958-02-11 17:59:00.000 042   16606.49     -648.54    45375.47    99999.00
1958-02-11 18:00:00.000 042   16619.13     -649.68    45373.02    99999.00
1958-02-11 18:01:00.000 042   16631.33     -650.61    45371.03    99999.00
1958-02-11 18:02:00.000 042   16627.28     -650.50    45372.30    99999.00
1958-02-11 18:03:00.000 042   16609.34     -647.33    45375.04    99999.00
1958-02-11 18:04:00.000 042   16599.70     -647.34    45374.60    99999.00
1958-02-11 18:05:00.000 042   16618.99     -648.55    45373.91    99999.00
1958-02-11 18:06:00.000 042   16639.55     -648.34    45374.56    99999.00
1958-02-11 18:07:00.000 042   16633.70     -646.55    45376.10    99999.00
1958-02-11 18:08:00.000 042   16617.72     -647.14    45377.91    99999.00
1958-02-11 18:09:00.000 042   16615.05     -648.69    45379.64    99999.00
1958-02-11 18:10:00.000 042   16633.80     -649.64    45381.05    99999.00
1958-02-11 18:11:00.000 042   16633.38     -648.44    45381.79    99999.00
1958-02-11 18:12:00.000 042   16604.85     -646.33    45381.39    99999.00
1958-02-11 18:13:00.000 042   16598.37     -646.66    45379.81    99999.00
1958-02-11 18:14:00.000 042   16609.86     -647.99    45377.64    99999.00
1958-02-11 18:15:00.000 042   16628.58     -648.13    45376.75    99999.00
1958-02-11 18:16:00.000 042   16649.54     -646.79    45379.59    99999.00
1958-02-11 18:17:00.000 042   16669.38     -646.17    45383.91    99999.00
1958-02-11 18:18:00.000 042   16681.17     -647.85    45382.45    99999.00
1958-02-11 18:19:00.000 042   16652.47     -650.47    45382.93    99999.00
1958-02-11 18:20:00.000 042   16648.30     -651.99    45385.05    99999.00
1958-02-11 18:21:00.000 042   16662.81     -651.16    45382.79    99999.00
1958-02-11 18:22:00.000 042   16632.30     -648.86    45383.71    99999.00
1958-02-11 18:23:00.000 042   16645.56     -646.69    45385.99    99999.00
1958-02-11 18:24:00.000 042   16634.15     -645.99    45388.82    99999.00
1958-02-11 18:25:00.000 042   16652.70     -647.21    45392.12    99999.00
1958-02-11 18:26:00.000 042   16666.01     -649.35    45396.28    99999.00
1958-02-11 18:27:00.000 042   16634.49     -651.08    45400.62    99999.00
1958-02-11 18:28:00.000 042   16624.82     -650.17    45400.80    99999.00
1958-02-11 18:29:00.000 042   16638.17     -647.02    45403.21    99999.00
1958-02-11 18:30:00.000 042   16656.77     -645.52    45406.19    99999.00
1958-02-11 18:31:00.000 042   16673.98     -646.33    45409.39    99999.00
1958-02-11 18:32:00.000 042   16679.02     -648.11    45412.70    99999.00
1958-02-11 18:33:00.000 042   16643.10     -650.12    45416.03    99999.00
1958-02-11 18:34:00.000 042   16660.29     -651.69    45419.26    99999.00
1958-02-11 18:35:00.000 042   16657.29     -651.42    45420.58    99999.00
1958-02-11 18:36:00.000 042   16644.72     -649.21    45418.54    99999.00
1958-02-11 18:37:00.000 042   16661.46     -649.16    45419.81    99999.00
1958-02-11 18:38:00.000 042   16678.31     -650.91    45422.44    99999.00
1958-02-11 18:39:00.000 042   16668.38     -652.66    45427.42    99999.00
1958-02-11 18:40:00.000 042   16646.25     -652.61    45432.73    99999.00
1958-02-11 18:41:00.000 042   16651.33     -648.07    45433.46    99999.00
1958-02-11 18:42:00.000 042   16646.21     -645.99    45430.97    99999.00
1958-02-11 18:43:00.000 042   16640.07     -647.08    45427.88    99999.00
1958-02-11 18:44:00.000 042   16639.71     -649.18    45425.36    99999.00
1958-02-11 18:45:00.000 042   16639.18     -651.50    45424.22    99999.00
1958-02-11 18:46:00.000 042   16648.43     -653.53    45425.25    99999.00
1958-02-11 18:47:00.000 042   16621.75     -653.76    45428.44    99999.00
1958-02-11 18:48:00.000 042   16605.63     -648.39    45433.25    99999.00
1958-02-11 18:49:00.000 042   16620.87     -648.82    45438.83    99999.00
1958-02-11 18:50:00.000 042   16639.64     -650.63    45439.54    99999.00
1958-02-11 18:51:00.000 042   16644.52     -651.61    45440.04    99999.00
1958-02-11 18:52:00.000 042   16621.16     -650.69    45442.61    99999.00
1958-02-11 18:53:00.000 042   16640.85     -648.11    45445.38    99999.00
1958-02-11 18:54:00.000 042   16624.54     -645.41    45447.76    99999.00
1958-02-11 18:55:00.000 042   16609.78     -644.86    45448.70    99999.00
1958-02-11 18:56:00.000 042   16623.26     -648.04    45447.47    99999.00
1958-02-11 18:57:00.000 042   16648.28     -652.56    45449.94    99999.00
1958-02-11 18:58:00.000 042   16670.33     -653.40    45451.32    99999.00
1958-02-11 18:59:00.000 042   16658.55     -651.37    45450.81    99999.00
1958-02-11 19:00:00.000 042   16673.96     -650.57    45449.32    99999.00
1958-02-11 19:01:00.000 042   16690.35     -651.25    45447.39    99999.00
1958-02-11 19:02:00.000 042   16681.04     -652.51    45445.25    99999.00
1958-02-11 19:03:00.000 042   16664.02     -653.90    45443.04    99999.00
1958-02-11 19:04:00.000 042   16654.77     -655.07    45440.85    99999.00
1958-02-11 19:05:00.000 042   16663.25     -655.55    45438.80    99999.00
1958-02-11 19:06:00.000 042   16654.32     -654.96    45437.13    99999.00
1958-02-11 19:07:00.000 042   16655.89     -653.52    45436.56    99999.00
1958-02-11 19:08:00.000 042   16663.32     -654.61    45438.26    99999.00
1958-02-11 19:09:00.000 042   16640.81     -654.76    45436.95    99999.00
1958-02-11 19:10:00.000 042   16634.64     -654.09    45432.86    99999.00
1958-02-11 19:11:00.000 042   16646.69     -653.24    45428.80    99999.00
1958-02-11 19:12:00.000 042   16645.81     -652.38    45425.60    99999.00
1958-02-11 19:13:00.000 042   16634.73     -651.59    45424.03    99999.00
1958-02-11 19:14:00.000 042   16626.00     -650.97    45424.57    99999.00
1958-02-11 19:15:00.000 042   16635.35     -650.68    45427.11    99999.00
1958-02-11 19:16:00.000 042   16646.96     -651.03    45431.65    99999.00
1958-02-11 19:17:00.000 042   16637.65     -652.42    45437.27    99999.00
1958-02-11 19:18:00.000 042   16646.87     -654.61    45438.60    99999.00
1958-02-11 19:19:00.000 042   16664.40     -655.63    45440.40    99999.00
1958-02-11 19:20:00.000 042   16671.52     -654.76    45443.12    99999.00
1958-02-11 19:21:00.000 042   16660.83     -653.18    45446.27    99999.00
1958-02-11 19:22:00.000 042   16653.77     -652.18    45449.24    99999.00
1958-02-11 19:23:00.000 042   16672.35     -655.90    45450.93    99999.00
1958-02-11 19:24:00.000 042   16663.72     -655.08    45446.28    99999.00
1958-02-11 19:25:00.000 042   16654.45     -653.87    45452.91    99999.00
1958-02-11 19:26:00.000 042   16668.94     -653.39    45460.26    99999.00
1958-02-11 19:27:00.000 042   16657.28     -654.54    45460.23    99999.00
1958-02-11 19:28:00.000 042   16672.24     -653.91    45465.69    99999.00
1958-02-11 19:29:00.000 042   16674.22     -652.69    45471.12    99999.00
1958-02-11 19:30:00.000 042   16662.86     -652.65    45475.44    99999.00
1958-02-11 19:31:00.000 042   16673.41     -653.17    45477.79    99999.00
1958-02-11 19:32:00.000 042   16691.45     -653.93    45479.25    99999.00
1958-02-11 19:33:00.000 042   16686.17     -654.76    45482.17    99999.00
1958-02-11 19:34:00.000 042   16693.08     -655.59    45487.76    99999.00
1958-02-11 19:35:00.000 042   16703.68     -656.36    45494.61    99999.00
1958-02-11 19:36:00.000 042   16690.64     -657.01    45500.87    99999.00
1958-02-11 19:37:00.000 042   16702.31     -657.47    45503.61    99999.00
1958-02-11 19:38:00.000 042   16717.43     -657.61    45501.80    99999.00
1958-02-11 19:39:00.000 042   16711.86     -657.19    45498.33    99999.00
1958-02-11 19:40:00.000 042   16698.27     -656.03    45497.86    99999.00
1958-02-11 19:41:00.000 042   16690.08     -654.00    45500.31    99999.00
1958-02-11 19:42:00.000 042   16704.87     -651.52    45498.73    99999.00
1958-02-11 19:43:00.000 042   16689.67     -651.30    45496.17    99999.00
1958-02-11 19:44:00.000 042   16667.74     -652.53    45493.29    99999.00
1958-02-11 19:45:00.000 042   16662.20     -651.06    45490.32    99999.00
1958-02-11 19:46:00.000 042   16670.06     -647.99    45487.37    99999.00
1958-02-11 19:47:00.000 042   16684.08     -645.22    45484.67    99999.00
1958-02-11 19:48:00.000 042   16700.20     -643.70    45482.93    99999.00
1958-02-11 19:49:00.000 042   16712.03     -644.07    45485.54    99999.00
1958-02-11 19:50:00.000 042   16700.57     -646.13    45483.64    99999.00
1958-02-11 19:51:00.000 042   16715.63     -649.15    45481.75    99999.00
1958-02-11 19:52:00.000 042   16735.77     -652.28    45482.61    99999.00
1958-02-11 19:53:00.000 042   16753.82     -653.25    45484.75    99999.00
1958-02-11 19:54:00.000 042   16761.65     -650.69    45486.23    99999.00
1958-02-11 19:55:00.000 042   16743.16     -650.34    45486.80    99999.00
1958-02-11 19:56:00.000 042   16740.87     -651.44    45485.83    99999.00
1958-02-11 19:57:00.000 042   16745.81     -652.67    45488.17    99999.00
1958-02-11 19:58:00.000 042   16743.31     -653.51    45488.03    99999.00
1958-02-11 19:59:00.000 042   16735.39     -653.56    45485.99    99999.00
1958-02-11 20:00:00.000 042   16725.02     -652.73    45485.33    99999.00
1958-02-11 20:01:00.000 042   16713.71     -651.38    45488.17    99999.00
1958-02-11 20:02:00.000 042   16702.43     -649.99    45491.89    99999.00
1958-02-11 20:03:00.000 042   16692.38     -649.06    45494.97    99999.00
1958-02-11 20:04:00.000 042   16687.03     -649.00    45497.59    99999.00
1958-02-11 20:05:00.000 042   16699.89     -649.54    45499.92    99999.00
1958-02-11 20:06:00.000 042   16695.59     -650.17    45501.95    99999.00
1958-02-11 20:07:00.000 042   16686.86     -649.64    45503.56    99999.00
1958-02-11 20:08:00.000 042   16699.41     -646.64    45503.76    99999.00
1958-02-11 20:09:00.000 042   16684.71     -645.24    45503.46    99999.00
1958-02-11 20:10:00.000 042   16686.31     -645.79    45505.47    99999.00
1958-02-11 20:11:00.000 042   16700.14     -646.93    45504.03    99999.00
1958-02-11 20:12:00.000 042   16716.33     -648.15    45499.87    99999.00
1958-02-11 20:13:00.000 042   16731.92     -649.09    45497.59    99999.00
1958-02-11 20:14:00.000 042   16742.35     -649.17    45499.55    99999.00
1958-02-11 20:15:00.000 042   16717.72     -648.10    45502.55    99999.00
1958-02-11 20:16:00.000 042   16736.05     -647.25    45503.85    99999.00
1958-02-11 20:17:00.000 042   16731.22     -649.07    45502.68    99999.00
1958-02-11 20:18:00.000 042   16712.39     -648.23    45500.10    99999.00
1958-02-11 20:19:00.000 042   16696.55     -645.76    45497.15    99999.00
1958-02-11 20:20:00.000 042   16702.63     -644.41    45496.49    99999.00
1958-02-11 20:21:00.000 042   16722.52     -646.82    45494.85    99999.00
1958-02-11 20:22:00.000 042   16709.17     -648.87    45493.09    99999.00
1958-02-11 20:23:00.000 042   16684.03     -648.21    45494.47    99999.00
1958-02-11 20:24:00.000 042   16682.23     -646.68    45496.30    99999.00
1958-02-11 20:25:00.000 042   16707.88     -645.29    45496.68    99999.00
1958-02-11 20:26:00.000 042   16707.94     -645.28    45491.28    99999.00
1958-02-11 20:27:00.000 042   16705.22     -647.45    45492.42    99999.00
1958-02-11 20:28:00.000 042   16724.76     -648.80    45490.55    99999.00
1958-02-11 20:29:00.000 042   16725.41     -647.99    45488.37    99999.00
1958-02-11 20:30:00.000 042   16707.85     -648.36    45486.74    99999.00
1958-02-11 20:31:00.000 042   16692.82     -654.11    45486.60    99999.00
1958-02-11 20:32:00.000 042   16703.24     -653.44    45488.20    99999.00
1958-02-11 20:33:00.000 042   16694.86     -652.27    45489.54    99999.00
1958-02-11 20:34:00.000 042   16690.65     -653.19    45487.81    99999.00
1958-02-11 20:35:00.000 042   16700.42     -654.31    45487.38    99999.00
1958-02-11 20:36:00.000 042   16690.55     -651.85    45489.36    99999.00
1958-02-11 20:37:00.000 042   16672.58     -652.73    45489.59    99999.00
1958-02-11 20:38:00.000 042   16652.86     -654.63    45488.14    99999.00
1958-02-11 20:39:00.000 042   16634.08     -655.63    45486.76    99999.00
1958-02-11 20:40:00.000 042   16618.25     -653.16    45486.78    99999.00
1958-02-11 20:41:00.000 042   16607.84     -647.62    45488.56    99999.00
1958-02-11 20:42:00.000 042   16606.59     -645.09    45490.41    99999.00
1958-02-11 20:43:00.000 042   16616.18     -645.79    45490.15    99999.00
1958-02-11 20:44:00.000 042   16635.30     -647.20    45488.44    99999.00
1958-02-11 20:45:00.000 042   16658.02     -647.29    45488.22    99999.00
1958-02-11 20:46:00.000 042   16663.36     -645.20    45488.93    99999.00
1958-02-11 20:47:00.000 042   16650.90     -644.51    45487.79    99999.00
1958-02-11 20:48:00.000 042   16667.72     -646.01    45485.56    99999.00
1958-02-11 20:49:00.000 042   16682.18     -646.71    45483.13    99999.00
1958-02-11 20:50:00.000 042   16669.16     -644.37    45480.94    99999.00
1958-02-11 20:51:00.000 042   16683.38     -642.36    45479.40    99999.00
1958-02-11 20:52:00.000 042   16662.26     -642.54    45478.62    99999.00
1958-02-11 20:53:00.000 042   16658.39     -643.61    45478.17    99999.00
1958-02-11 20:54:00.000 042   16674.60     -644.50    45477.38    99999.00
1958-02-11 20:55:00.000 042   16661.05     -643.62    45475.71    99999.00
1958-02-11 20:56:00.000 042   16665.21     -642.89    45473.43    99999.00
1958-02-11 20:57:00.000 042   16673.37     -643.15    45470.95    99999.00
1958-02-11 20:58:00.000 042   16658.60     -643.64    45468.73    99999.00
1958-02-11 20:59:00.000 042   16639.66     -644.08    45466.98    99999.00
1958-02-11 21:00:00.000 042   16638.42     -644.29    45465.70    99999.00
1958-02-11 21:01:00.000 042   16645.06     -644.08    45464.60    99999.00
1958-02-11 21:02:00.000 042   16647.69     -643.33    45462.39    99999.00
1958-02-11 21:03:00.000 042   16633.04     -642.20    45459.11    99999.00
1958-02-11 21:04:00.000 042   16626.93     -641.04    45455.30    99999.00
1958-02-11 21:05:00.000 042   16637.44     -640.30    45451.36    99999.00
1958-02-11 21:06:00.000 042   16632.02     -640.41    45447.48    99999.00
1958-02-11 21:07:00.000 042   16626.10     -641.24    45443.82    99999.00
1958-02-11 21:08:00.000 042   16634.46     -642.31    45440.57    99999.00
1958-02-11 21:09:00.000 042   16643.80     -643.13    45438.12    99999.00
1958-02-11 21:10:00.000 042   16650.32     -643.34    45437.08    99999.00
1958-02-11 21:11:00.000 042   16651.62     -642.98    45437.38    99999.00
1958-02-11 21:12:00.000 042   16646.39     -642.35    45437.63    99999.00
1958-02-11 21:13:00.000 042   16637.15     -641.79    45436.43    99999.00
1958-02-11 21:14:00.000 042   16627.42     -641.91    45434.10    99999.00
1958-02-11 21:15:00.000 042   16621.08     -642.89    45431.29    99999.00
1958-02-11 21:16:00.000 042   16622.17     -642.92    45428.37    99999.00
1958-02-11 21:17:00.000 042   16630.34     -641.64    45425.80    99999.00
1958-02-11 21:18:00.000 042   16641.95     -641.21    45424.64    99999.00
1958-02-11 21:19:00.000 042   16650.77     -641.78    45424.30    99999.00
1958-02-11 21:20:00.000 042   16645.16     -642.69    45422.95    99999.00
1958-02-11 21:21:00.000 042   16632.88     -643.42    45420.89    99999.00
1958-02-11 21:22:00.000 042   16642.31     -642.73    45418.63    99999.00
1958-02-11 21:23:00.000 042   16643.66     -642.02    45416.38    99999.00
1958-02-11 21:24:00.000 042   16631.43     -642.11    45414.32    99999.00
1958-02-11 21:25:00.000 042   16629.64     -642.50    45412.75    99999.00
1958-02-11 21:26:00.000 042   16636.30     -642.99    45412.30    99999.00
1958-02-11 21:27:00.000 042   16644.52     -643.48    45413.48    99999.00
1958-02-11 21:28:00.000 042   16647.86     -643.93    45414.25    99999.00
1958-02-11 21:29:00.000 042   16634.39     -644.28    45413.64    99999.00
1958-02-11 21:30:00.000 042   16636.88     -644.48    45415.43    99999.00
1958-02-11 21:31:00.000 042   16647.38     -644.42    45416.36    99999.00
1958-02-11 21:32:00.000 042   16645.18     -644.08    45414.92    99999.00
1958-02-11 21:33:00.000 042   16635.04     -643.50    45412.61    99999.00
1958-02-11 21:34:00.000 042   16627.07     -642.86    45410.32    99999.00
1958-02-11 21:35:00.000 042   16629.58     -642.50    45408.68    99999.00
1958-02-11 21:36:00.000 042   16640.37     -642.79    45408.76    99999.00
1958-02-11 21:37:00.000 042   16648.02     -643.53    45410.65    99999.00
1958-02-11 21:38:00.000 042   16644.36     -643.54    45412.13    99999.00
1958-02-11 21:39:00.000 042   16635.34     -642.79    45411.60    99999.00
1958-02-11 21:40:00.000 042   16629.33     -643.05    45410.40    99999.00
1958-02-11 21:41:00.000 042   16632.17     -643.54    45410.91    99999.00
1958-02-11 21:42:00.000 042   16641.31     -644.06    45411.50    99999.00
1958-02-11 21:43:00.000 042   16650.03     -644.48    45410.53    99999.00
1958-02-11 21:44:00.000 042   16647.79     -643.71    45409.09    99999.00
1958-02-11 21:45:00.000 042   16634.20     -643.06    45407.61    99999.00
1958-02-11 21:46:00.000 042   16634.43     -643.65    45406.30    99999.00
1958-02-11 21:47:00.000 042   16647.28     -644.00    45405.36    99999.00
1958-02-11 21:48:00.000 042   16645.90     -643.39    45405.21    99999.00
1958-02-11 21:49:00.000 042   16623.53     -641.63    45406.21    99999.00
1958-02-11 21:50:00.000 042   16621.32     -641.42    45407.87    99999.00
1958-02-11 21:51:00.000 042   16633.49     -641.95    45408.55    99999.00
1958-02-11 21:52:00.000 042   16632.96     -641.78    45407.37    99999.00
1958-02-11 21:53:00.000 042   16619.80     -641.00    45405.22    99999.00
1958-02-11 21:54:00.000 042   16603.17     -640.15    45402.88    99999.00
1958-02-11 21:55:00.000 042   16593.14     -639.87    45401.15    99999.00
1958-02-11 21:56:00.000 042   16615.61     -640.70    45400.92    99999.00
1958-02-11 21:57:00.000 042   16614.96     -640.74    45401.86    99999.00
1958-02-11 21:58:00.000 042   16612.84     -639.74    45402.69    99999.00
1958-02-11 21:59:00.000 042   16624.48     -639.20    45402.81    99999.00
1958-02-11 22:00:00.000 042   16613.87     -639.62    45402.26    99999.00
1958-02-11 22:01:00.000 042   16627.15     -640.45    45401.02    99999.00
1958-02-11 22:02:00.000 042   16612.21     -640.92    45399.04    99999.00
1958-02-11 22:03:00.000 042   16597.12     -640.20    45396.41    99999.00
1958-02-11 22:04:00.000 042   16604.55     -639.21    45393.30    99999.00
1958-02-11 22:05:00.000 042   16622.45     -639.25    45389.82    99999.00
1958-02-11 22:06:00.000 042   16632.66     -639.83    45386.33    99999.00
1958-02-11 22:07:00.000 042   16632.15     -638.61    45384.06    99999.00
1958-02-11 22:08:00.000 042   16625.92     -638.56    45382.93    99999.00
1958-02-11 22:09:00.000 042   16617.77     -639.10    45382.10    99999.00
1958-02-11 22:10:00.000 042   16610.57     -639.74    45381.30    99999.00
1958-02-11 22:11:00.000 042   16608.71     -640.39    45380.42    99999.00
1958-02-11 22:12:00.000 042   16616.54     -641.00    45379.51    99999.00
1958-02-11 22:13:00.000 042   16627.73     -641.52    45378.61    99999.00
1958-02-11 22:14:00.000 042   16624.91     -641.89    45377.77    99999.00
1958-02-11 22:15:00.000 042   16614.60     -641.95    45377.16    99999.00
1958-02-11 22:16:00.000 042   16615.84     -641.55    45378.56    99999.00
1958-02-11 22:17:00.000 042   16620.55     -640.62    45383.15    99999.00
1958-02-11 22:18:00.000 042   16605.67     -639.64    45387.13    99999.00
1958-02-11 22:19:00.000 042   16613.59     -639.57    45389.83    99999.00
1958-02-11 22:20:00.000 042   16616.04     -640.09    45391.81    99999.00
1958-02-11 22:21:00.000 042   16600.11     -640.51    45394.18    99999.00
1958-02-11 22:22:00.000 042   16603.60     -639.94    45397.84    99999.00
1958-02-11 22:23:00.000 042   16608.43     -638.43    45402.93    99999.00
1958-02-11 22:24:00.000 042   16590.07     -638.72    45408.23    99999.00
1958-02-11 22:25:00.000 042   16601.26     -640.29    45412.50    99999.00
1958-02-11 22:26:00.000 042   16620.94     -640.41    45414.95    99999.00
1958-02-11 22:27:00.000 042   16621.36     -639.38    45416.42    99999.00
1958-02-11 22:28:00.000 042   16609.15     -637.59    45418.32    99999.00
1958-02-11 22:29:00.000 042   16595.87     -635.29    45421.80    99999.00
1958-02-11 22:30:00.000 042   16593.29     -632.69    45427.69    99999.00
1958-02-11 22:31:00.000 042   16608.19     -629.96    45435.16    99999.00
1958-02-11 22:32:00.000 042   16609.01     -627.16    45442.44    99999.00
1958-02-11 22:33:00.000 042   16585.18     -624.35    45447.90    99999.00
1958-02-11 22:34:00.000 042   16587.90     -621.58    45449.98    99999.00
1958-02-11 22:35:00.000 042   16591.19     -618.89    45448.06    99999.00
1958-02-11 22:36:00.000 042   16576.07     -616.33    45443.62    99999.00
1958-02-11 22:37:00.000 042   16576.31     -613.95    45438.59    99999.00
1958-02-11 22:38:00.000 042   16602.90     -611.83    45435.74    99999.00
1958-02-11 22:39:00.000 042   16617.09     -610.07    45439.00    99999.00
1958-02-11 22:40:00.000 042   16596.79     -608.82    45444.88    99999.00
1958-02-11 22:41:00.000 042   16598.69     -608.19    45446.91    99999.00
1958-02-11 22:42:00.000 042   16584.73     -608.24    45444.03    99999.00
1958-02-11 22:43:00.000 042   16585.28     -609.01    45438.28    99999.00
1958-02-11 22:44:00.000 042   16592.95     -610.53    45431.25    99999.00
1958-02-11 22:45:00.000 042   16602.56     -612.51    45423.74    99999.00
1958-02-11 22:46:00.000 042   16612.64     -609.84    45416.45    99999.00
1958-02-11 22:47:00.000 042   16622.47     -609.43    45410.42    99999.00
1958-02-11 22:48:00.000 042   16631.54     -610.69    45407.60    99999.00
1958-02-11 22:49:00.000 042   16639.27     -612.45    45409.82    99999.00
1958-02-11 22:50:00.000 042   16644.89     -614.41    45412.25    99999.00
1958-02-11 22:51:00.000 042   16647.12     -616.47    45411.90    99999.00
1958-02-11 22:52:00.000 042   16644.89     -618.58    45413.49    99999.00
1958-02-11 22:53:00.000 042   16637.94     -620.69    45411.94    99999.00
1958-02-11 22:54:00.000 042   16626.64     -622.77    45409.39    99999.00
1958-02-11 22:55:00.000 042   16613.88     -624.77    45406.57    99999.00
1958-02-11 22:56:00.000 042   16611.24     -626.59    45403.75    99999.00
1958-02-11 22:57:00.000 042   16621.73     -627.94    45401.15    99999.00
1958-02-11 22:58:00.000 042   16616.41     -628.00    45399.06    99999.00
1958-02-11 22:59:00.000 042   16602.94     -625.54    45398.20    99999.00
1958-02-11 23:00:00.000 042   16598.39     -626.80    45399.62    99999.00
1958-02-11 23:01:00.000 042   16605.93     -628.35    45402.47    99999.00
1958-02-11 23:02:00.000 042   16606.78     -629.07    45402.14    99999.00
1958-02-11 23:03:00.000 042   16594.69     -628.23    45399.31    99999.00
1958-02-11 23:04:00.000 042   16586.34     -627.00    45395.75    99999.00
1958-02-11 23:05:00.000 042   16588.66     -628.32    45392.69    99999.00
1958-02-11 23:06:00.000 042   16594.60     -629.82    45391.32    99999.00
1958-02-11 23:07:00.000 042   16594.81     -628.03    45390.36    99999.00
1958-02-11 23:08:00.000 042   16585.60     -626.53    45388.61    99999.00
1958-02-11 23:09:00.000 042   16583.34     -627.18    45386.32    99999.00
1958-02-11 23:10:00.000 042   16589.38     -628.97    45383.59    99999.00
1958-02-11 23:11:00.000 042   16597.72     -630.52    45380.02    99999.00
1958-02-11 23:12:00.000 042   16605.05     -630.19    45377.29    99999.00
1958-02-11 23:13:00.000 042   16606.39     -628.33    45378.75    99999.00
1958-02-11 23:14:00.000 042   16596.10     -627.53    45378.93    99999.00
1958-02-11 23:15:00.000 042   16594.13     -628.15    45375.83    99999.00
1958-02-11 23:16:00.000 042   16603.06     -629.36    45371.50    99999.00
1958-02-11 23:17:00.000 042   16593.92     -630.68    45370.57    99999.00
1958-02-11 23:18:00.000 042   16600.45     -631.71    45373.49    99999.00
1958-02-11 23:19:00.000 042   16606.26     -631.62    45375.49    99999.00
1958-02-11 23:20:00.000 042   16600.46     -629.86    45373.53    99999.00
1958-02-11 23:21:00.000 042   16591.55     -628.91    45374.03    99999.00
1958-02-11 23:22:00.000 042   16585.42     -629.78    45375.90    99999.00
1958-02-11 23:23:00.000 042   16589.72     -631.02    45377.65    99999.00
1958-02-11 23:24:00.000 042   16601.98     -631.97    45378.62    99999.00
1958-02-11 23:25:00.000 042   16603.18     -632.31    45378.48    99999.00
1958-02-11 23:26:00.000 042   16596.55     -631.91    45377.52    99999.00
1958-02-11 23:27:00.000 042   16597.66     -631.00    45376.09    99999.00
1958-02-11 23:28:00.000 042   16609.85     -629.85    45374.54    99999.00
1958-02-11 23:29:00.000 042   16612.22     -628.78    45373.21    99999.00
1958-02-11 23:30:00.000 042   16607.17     -628.65    45372.22    99999.00
1958-02-11 23:31:00.000 042   16606.74     -630.03    45371.70    99999.00
1958-02-11 23:32:00.000 042   16616.55     -630.33    45371.78    99999.00
1958-02-11 23:33:00.000 042   16604.90     -629.79    45372.51    99999.00
1958-02-11 23:34:00.000 042   16615.16     -628.82    45373.91    99999.00
1958-02-11 23:35:00.000 042   16618.76     -627.61    45375.91    99999.00
1958-02-11 23:36:00.000 042   16614.57     -626.28    45378.24    99999.00
1958-02-11 23:37:00.000 042   16607.99     -624.89    45380.48    99999.00
1958-02-11 23:38:00.000 042   16600.73     -623.45    45382.19    99999.00
1958-02-11 23:39:00.000 042   16593.55     -622.00    45382.89    99999.00
1958-02-11 23:40:00.000 042   16587.12     -620.54    45382.46    99999.00
1958-02-11 23:41:00.000 042   16582.49     -619.10    45381.01    99999.00
1958-02-11 23:42:00.000 042   16582.34     -617.68    45378.94    99999.00
1958-02-11 23:43:00.000 042   16591.27     -616.32    45376.87    99999.00
1958-02-11 23:44:00.000 042   16602.85     -615.04    45375.57    99999.00
1958-02-11 23:45:00.000 042   16595.13     -613.89    45376.00    99999.00
1958-02-11 23:46:00.000 042   16599.94     -613.01    45375.86    99999.00
1958-02-11 23:47:00.000 042   16612.33     -612.52    45372.86    99999.00
1958-02-11 23:48:00.000 042   16625.87     -612.72    45369.03    99999.00
1958-02-11 23:49:00.000 042   16637.34     -613.91    45366.63    99999.00
1958-02-11 23:50:00.000 042   16642.97     -611.73    45367.79    99999.00
1958-02-11 23:51:00.000 042   16640.70     -610.81    45368.55    99999.00
1958-02-11 23:52:00.000 042   16635.28     -611.34    45367.34    99999.00
1958-02-11 23:53:00.000 042   16641.63     -612.39    45365.46    99999.00
1958-02-11 23:54:00.000 042   16657.69     -613.59    45363.25    99999.00
1958-02-11 23:55:00.000 042   16659.83     -614.66    45360.79    99999.00
1958-02-11 23:56:00.000 042   16652.99     -615.01    45357.99    99999.00
1958-02-11 23:57:00.000 042   16647.39     -613.15    45354.86    99999.00
1958-02-11 23:58:00.000 042   16647.12     -613.45    45352.60    99999.00
1958-02-11 23:59:00.000 042   16653.07     -615.45    45351.15    99999.00
1958-02-12 00:00:00.000 043   16661.39     -617.78    45350.73    99999.00
1958-02-12 00:01:00.000 043   16668.96     -620.13    45351.69    99999.00
1958-02-12 00:02:00.000 043   16674.35     -622.32    45351.06    99999.00
1958-02-12 00:03:00.000 043   16677.10     -624.21    45347.40    99999.00
1958-02-12 00:04:00.000 043   16677.15     -625.53    45344.73    99999.00
1958-02-12 00:05:00.000 043   16674.76     -625.99    45345.33    99999.00
1958-02-12 00:06:00.000 043   16670.66     -625.57    45348.02    99999.00
1958-02-12 00:07:00.000 043   16665.45     -624.64    45350.05    99999.00
1958-02-12 00:08:00.000 043   16659.50     -624.26    45346.48    99999.00
1958-02-12 00:09:00.000 043   16653.13     -625.71    45343.93    99999.00
1958-02-12 00:10:00.000 043   16646.62     -628.02    45345.51    99999.00
1958-02-12 00:11:00.000 043   16640.32     -629.29    45344.70    99999.00
1958-02-12 00:12:00.000 043   16634.75     -628.78    45342.70    99999.00
1958-02-12 00:13:00.000 043   16631.09     -628.08    45343.30    99999.00
1958-02-12 00:14:00.000 043   16632.90     -630.97    45341.95    99999.00
1958-02-12 00:15:00.000 043   16650.83     -634.14    45338.17    99999.00
1958-02-12 00:16:00.000 043   16654.10     -632.95    45333.67    99999.00
1958-02-12 00:17:00.000 043   16642.46     -631.12    45330.05    99999.00
1958-02-12 00:18:00.000 043   16632.90     -629.76    45328.52    99999.00
1958-02-12 00:19:00.000 043   16628.21     -629.12    45329.17    99999.00
1958-02-12 00:20:00.000 043   16629.78     -629.22    45331.52    99999.00
1958-02-12 00:21:00.000 043   16636.86     -630.03    45334.62    99999.00
1958-02-12 00:22:00.000 043   16646.63     -631.32    45337.79    99999.00
1958-02-12 00:23:00.000 043   16656.71     -632.88    45340.48    99999.00
1958-02-12 00:24:00.000 043   16664.98     -634.59    45342.00    99999.00
1958-02-12 00:25:00.000 043   16669.30     -636.31    45341.54    99999.00
1958-02-12 00:26:00.000 043   16667.27     -637.95    45339.28    99999.00
1958-02-12 00:27:00.000 043   16658.06     -639.38    45336.39    99999.00
1958-02-12 00:28:00.000 043   16643.69     -640.40    45334.69    99999.00
1958-02-12 00:29:00.000 043   16626.89     -640.70    45335.20    99999.00
1958-02-12 00:30:00.000 043   16611.18     -639.92    45337.15    99999.00
1958-02-12 00:31:00.000 043   16601.33     -637.88    45339.10    99999.00
1958-02-12 00:32:00.000 043   16602.02     -634.59    45337.26    99999.00
1958-02-12 00:33:00.000 043   16611.32     -631.13    45338.78    99999.00
1958-02-12 00:34:00.000 043   16623.64     -630.66    45340.88    99999.00
1958-02-12 00:35:00.000 043   16631.64     -632.39    45343.10    99999.00
1958-02-12 00:36:00.000 043   16629.10     -630.56    45345.28    99999.00
1958-02-12 00:37:00.000 043   16618.20     -630.80    45347.24    99999.00
1958-02-12 00:38:00.000 043   16603.68     -631.56    45348.51    99999.00
1958-02-12 00:39:00.000 043   16592.75     -632.46    45347.61    99999.00
1958-02-12 00:40:00.000 043   16596.63     -633.41    45346.90    99999.00
1958-02-12 00:41:00.000 043   16604.52     -634.34    45348.42    99999.00
1958-02-12 00:42:00.000 043   16599.80     -635.21    45350.02    99999.00
1958-02-12 00:43:00.000 043   16591.79     -635.99    45351.31    99999.00
1958-02-12 00:44:00.000 043   16593.08     -636.63    45352.21    99999.00
1958-02-12 00:45:00.000 043   16604.93     -637.10    45352.76    99999.00
1958-02-12 00:46:00.000 043   16594.56     -637.33    45353.05    99999.00
1958-02-12 00:47:00.000 043   16589.20     -637.28    45353.13    99999.00
1958-02-12 00:48:00.000 043   16589.15     -636.95    45353.01    99999.00
1958-02-12 00:49:00.000 043   16592.31     -636.37    45352.68    99999.00
1958-02-12 00:50:00.000 043   16596.94     -635.59    45352.03    99999.00
1958-02-12 00:51:00.000 043   16602.19     -634.68    45350.72    99999.00
1958-02-12 00:52:00.000 043   16607.58     -633.79    45348.69    99999.00
1958-02-12 00:53:00.000 043   16612.64     -633.44    45348.14    99999.00
1958-02-12 00:54:00.000 043   16616.65     -634.69    45348.48    99999.00
1958-02-12 00:55:00.000 043   16617.81     -636.30    45348.95    99999.00
1958-02-12 00:56:00.000 043   16611.32     -635.75    45349.28    99999.00
1958-02-12 00:57:00.000 043   16601.57     -635.48    45349.20    99999.00
1958-02-12 00:58:00.000 043   16619.63     -638.01    45348.48    99999.00
1958-02-12 00:59:00.000 043   16632.81     -641.05    45347.23    99999.00
1958-02-12 01:00:00.000 043   16624.95     -640.79    45345.81    99999.00
1958-02-12 01:01:00.000 043   16611.32     -639.37    45344.60    99999.00
1958-02-12 01:02:00.000 043   16620.32     -637.96    45343.71    99999.00
1958-02-12 01:03:00.000 043   16617.75     -637.31    45343.06    99999.00
1958-02-12 01:04:00.000 043   16612.94     -637.74    45342.64    99999.00
1958-02-12 01:05:00.000 043   16626.70     -638.61    45342.45    99999.00
1958-02-12 01:06:00.000 043   16634.19     -638.79    45342.61    99999.00
1958-02-12 01:07:00.000 043   16627.38     -637.86    45343.09    99999.00
1958-02-12 01:08:00.000 043   16619.86     -636.98    45343.30    99999.00
1958-02-12 01:09:00.000 043   16634.19     -637.08    45342.97    99999.00
1958-02-12 01:10:00.000 043   16628.90     -637.86    45342.39    99999.00
1958-02-12 01:11:00.000 043   16620.85     -638.66    45341.77    99999.00
1958-02-12 01:12:00.000 043   16632.72     -638.74    45341.21    99999.00
1958-02-12 01:13:00.000 043   16637.69     -637.77    45340.75    99999.00
1958-02-12 01:14:00.000 043   16637.86     -636.97    45340.47    99999.00
1958-02-12 01:15:00.000 043   16635.83     -637.75    45340.40    99999.00
1958-02-12 01:16:00.000 043   16632.86     -638.62    45340.57    99999.00
1958-02-12 01:17:00.000 043   16629.48     -638.32    45340.98    99999.00
1958-02-12 01:18:00.000 043   16625.99     -637.25    45341.64    99999.00
1958-02-12 01:19:00.000 043   16622.72     -636.17    45342.51    99999.00
1958-02-12 01:20:00.000 043   16620.14     -635.65    45343.50    99999.00
1958-02-12 01:21:00.000 043   16619.46     -635.96    45344.55    99999.00
1958-02-12 01:22:00.000 043   16623.24     -636.59    45345.58    99999.00
1958-02-12 01:23:00.000 043   16629.71     -637.01    45346.43    99999.00
1958-02-12 01:24:00.000 043   16628.94     -636.96    45346.39    99999.00
1958-02-12 01:25:00.000 043   16623.99     -636.51    45345.07    99999.00
1958-02-12 01:26:00.000 043   16618.07     -635.89    45345.85    99999.00
1958-02-12 01:27:00.000 043   16612.27     -635.27    45347.04    99999.00
1958-02-12 01:28:00.000 043   16607.50     -634.85    45348.18    99999.00
1958-02-12 01:29:00.000 043   16605.38     -634.95    45349.02    99999.00
1958-02-12 01:30:00.000 043   16610.04     -635.83    45349.19    99999.00
1958-02-12 01:31:00.000 043   16623.26     -636.97    45348.49    99999.00
1958-02-12 01:32:00.000 043   16627.94     -636.89    45347.58    99999.00
1958-02-12 01:33:00.000 043   16621.33     -635.52    45347.35    99999.00
1958-02-12 01:34:00.000 043   16612.18     -634.24    45347.96    99999.00
1958-02-12 01:35:00.000 043   16605.30     -633.94    45349.02    99999.00
1958-02-12 01:36:00.000 043   16608.40     -634.51    45350.28    99999.00
1958-02-12 01:37:00.000 043   16616.55     -635.26    45351.57    99999.00
1958-02-12 01:38:00.000 043   16615.17     -633.35    45352.77    99999.00
1958-02-12 01:39:00.000 043   16610.59     -633.26    45353.73    99999.00
1958-02-12 01:40:00.000 043   16607.75     -633.45    45354.39    99999.00
1958-02-12 01:41:00.000 043   16608.81     -633.78    45354.73    99999.00
1958-02-12 01:42:00.000 043   16613.44     -634.16    45354.73    99999.00
1958-02-12 01:43:00.000 043   16619.81     -634.56    45354.39    99999.00
1958-02-12 01:44:00.000 043   16625.69     -634.97    45353.82    99999.00
1958-02-12 01:45:00.000 043   16621.60     -635.37    45353.21    99999.00
1958-02-12 01:46:00.000 043   16617.08     -635.76    45352.77    99999.00
1958-02-12 01:47:00.000 043   16620.41     -636.14    45352.67    99999.00
1958-02-12 01:48:00.000 043   16624.99     -636.48    45353.03    99999.00
1958-02-12 01:49:00.000 043   16629.16     -636.79    45353.78    99999.00
1958-02-12 01:50:00.000 043   16631.30     -637.05    45354.74    99999.00
1958-02-12 01:51:00.000 043   16627.69     -637.24    45355.75    99999.00
1958-02-12 01:52:00.000 043   16618.09     -637.34    45356.62    99999.00
1958-02-12 01:53:00.000 043   16621.85     -637.32    45357.17    99999.00
1958-02-12 01:54:00.000 043   16627.12     -637.10    45357.22    99999.00
1958-02-12 01:55:00.000 043   16615.36     -636.65    45356.87    99999.00
1958-02-12 01:56:00.000 043   16606.52     -635.92    45356.37    99999.00
1958-02-12 01:57:00.000 043   16605.30     -634.90    45356.01    99999.00
1958-02-12 01:58:00.000 043   16608.68     -633.65    45356.04    99999.00
1958-02-12 01:59:00.000 043   16614.26     -632.59    45356.41    99999.00
1958-02-12 02:00:00.000 043   16620.86     -632.50    45356.82    99999.00
1958-02-12 02:01:00.000 043   16627.89     -633.42    45357.03    99999.00
1958-02-12 02:02:00.000 043   16634.89     -634.90    45356.86    99999.00
1958-02-12 02:03:00.000 043   16641.33     -636.50    45356.16    99999.00
1958-02-12 02:04:00.000 043   16646.10     -637.53    45354.96    99999.00
1958-02-12 02:05:00.000 043   16646.20     -637.23    45353.48    99999.00
1958-02-12 02:06:00.000 043   16635.97     -637.43    45351.90    99999.00
1958-02-12 02:07:00.000 043   16642.55     -638.91    45350.47    99999.00
1958-02-12 02:08:00.000 043   16656.15     -639.33    45349.47    99999.00
1958-02-12 02:09:00.000 043   16653.11     -639.16    45349.36    99999.00
1958-02-12 02:10:00.000 043   16640.61     -638.69    45350.15    99999.00
1958-02-12 02:11:00.000 043   16655.02     -638.09    45351.33    99999.00
1958-02-12 02:12:00.000 043   16641.07     -637.45    45352.15    99999.00
1958-02-12 02:13:00.000 043   16644.59     -636.81    45352.14    99999.00
1958-02-12 02:14:00.000 043   16652.08     -636.19    45351.56    99999.00
1958-02-12 02:15:00.000 043   16637.26     -635.63    45350.73    99999.00
1958-02-12 02:16:00.000 043   16642.94     -635.14    45349.95    99999.00
1958-02-12 02:17:00.000 043   16652.58     -634.73    45349.89    99999.00
1958-02-12 02:18:00.000 043   16643.20     -634.44    45350.57    99999.00
1958-02-12 02:19:00.000 043   16640.07     -634.27    45350.33    99999.00
1958-02-12 02:20:00.000 043   16646.21     -634.24    45349.39    99999.00
1958-02-12 02:21:00.000 043   16654.24     -634.34    45348.16    99999.00
1958-02-12 02:22:00.000 043   16661.08     -634.57    45346.85    99999.00
1958-02-12 02:23:00.000 043   16660.22     -634.91    45345.55    99999.00
1958-02-12 02:24:00.000 043   16649.67     -635.38    45344.30    99999.00
1958-02-12 02:25:00.000 043   16662.14     -635.98    45343.17    99999.00
1958-02-12 02:26:00.000 043   16663.26     -636.70    45342.20    99999.00
1958-02-12 02:27:00.000 043   16647.37     -637.56    45341.47    99999.00
1958-02-12 02:28:00.000 043   16659.67     -638.58    45341.07    99999.00
1958-02-12 02:29:00.000 043   16657.61     -639.76    45341.00    99999.00
1958-02-12 02:30:00.000 043   16646.56     -641.13    45341.21    99999.00
1958-02-12 02:31:00.000 043   16635.54     -642.61    45341.60    99999.00
1958-02-12 02:32:00.000 043   16638.07     -644.11    45341.98    99999.00
1958-02-12 02:33:00.000 043   16648.85     -645.41    45341.93    99999.00
1958-02-12 02:34:00.000 043   16645.08     -646.19    45340.79    99999.00
1958-02-12 02:35:00.000 043   16636.30     -646.11    45338.98    99999.00
1958-02-12 02:36:00.000 043   16626.12     -645.26    45337.48    99999.00
1958-02-12 02:37:00.000 043   16615.72     -644.10    45336.51    99999.00
1958-02-12 02:38:00.000 043   16605.85     -643.11    45335.98    99999.00
1958-02-12 02:39:00.000 043   16597.41     -642.79    45335.73    99999.00
1958-02-12 02:40:00.000 043   16592.18     -643.39    45335.61    99999.00
1958-02-12 02:41:00.000 043   16595.00     -644.49    45335.59    99999.00
1958-02-12 02:42:00.000 043   16613.91     -645.56    45335.62    99999.00
1958-02-12 02:43:00.000 043   16608.43     -645.63    45335.67    99999.00
1958-02-12 02:44:00.000 043   16585.51     -642.55    45335.73    99999.00
1958-02-12 02:45:00.000 043   16579.22     -637.59    45335.77    99999.00
1958-02-12 02:46:00.000 043   16584.81     -636.23    45335.76    99999.00
1958-02-12 02:47:00.000 043   16595.03     -637.08    45335.66    99999.00
1958-02-12 02:48:00.000 043   16605.76     -637.39    45335.44    99999.00
1958-02-12 02:49:00.000 043   16603.27     -636.43    45335.10    99999.00
1958-02-12 02:50:00.000 043   16591.72     -636.63    45334.63    99999.00
1958-02-12 02:51:00.000 043   16597.05     -637.15    45334.06    99999.00
1958-02-12 02:52:00.000 043   16606.49     -637.82    45333.44    99999.00
1958-02-12 02:53:00.000 043   16617.19     -638.57    45332.87    99999.00
1958-02-12 02:54:00.000 043   16628.28     -639.37    45332.36    99999.00
1958-02-12 02:55:00.000 043   16639.19     -640.19    45331.84    99999.00
1958-02-12 02:56:00.000 043   16649.17     -641.03    45331.19    99999.00
1958-02-12 02:57:00.000 043   16656.14     -641.87    45330.20    99999.00
1958-02-12 02:58:00.000 043   16652.17     -642.71    45328.54    99999.00
1958-02-12 02:59:00.000 043   16643.66     -643.55    45326.51    99999.00
1958-02-12 03:00:00.000 043   16649.13     -644.37    45324.69    99999.00
1958-02-12 03:01:00.000 043   16657.59     -645.17    45323.16    99999.00
1958-02-12 03:02:00.000 043   16666.27     -645.94    45321.84    99999.00
1958-02-12 03:03:00.000 043   16673.59     -646.67    45320.67    99999.00
1958-02-12 03:04:00.000 043   16676.42     -647.34    45319.67    99999.00
1958-02-12 03:05:00.000 043   16667.87     -647.92    45318.89    99999.00
1958-02-12 03:06:00.000 043   16657.24     -648.35    45318.54    99999.00
1958-02-12 03:07:00.000 043   16666.87     -648.54    45319.22    99999.00
1958-02-12 03:08:00.000 043   16671.03     -648.32    45319.93    99999.00
1958-02-12 03:09:00.000 043   16665.14     -647.28    45319.14    99999.00
1958-02-12 03:10:00.000 043   16653.66     -645.37    45317.84    99999.00
1958-02-12 03:11:00.000 043   16641.22     -645.61    45316.41    99999.00
1958-02-12 03:12:00.000 043   16631.35     -646.32    45315.02    99999.00
1958-02-12 03:13:00.000 043   16629.92     -646.90    45313.90    99999.00
1958-02-12 03:14:00.000 043   16643.28     -647.27    45313.56    99999.00
1958-02-12 03:15:00.000 043   16659.77     -647.43    45314.28    99999.00
1958-02-12 03:16:00.000 043   16653.80     -647.41    45314.09    99999.00
1958-02-12 03:17:00.000 043   16634.09     -647.25    45313.06    99999.00
1958-02-12 03:18:00.000 043   16620.23     -646.99    45312.03    99999.00
1958-02-12 03:19:00.000 043   16632.19     -646.64    45311.17    99999.00
1958-02-12 03:20:00.000 043   16628.07     -646.21    45310.51    99999.00
1958-02-12 03:21:00.000 043   16617.93     -645.70    45310.02    99999.00
1958-02-12 03:22:00.000 043   16626.91     -645.11    45309.67    99999.00
1958-02-12 03:23:00.000 043   16611.68     -644.41    45309.43    99999.00
1958-02-12 03:24:00.000 043   16612.47     -643.57    45309.28    99999.00
1958-02-12 03:25:00.000 043   16624.31     -642.48    45309.19    99999.00
1958-02-12 03:26:00.000 043   16622.50     -640.89    45309.18    99999.00
1958-02-12 03:27:00.000 043   16611.50     -638.68    45309.23    99999.00
1958-02-12 03:28:00.000 043   16603.84     -638.02    45309.35    99999.00
1958-02-12 03:29:00.000 043   16604.14     -638.47    45309.55    99999.00
1958-02-12 03:30:00.000 043   16611.51     -639.15    45309.85    99999.00
1958-02-12 03:31:00.000 043   16622.08     -639.78    45310.29    99999.00
1958-02-12 03:32:00.000 043   16632.73     -639.85    45310.90    99999.00
1958-02-12 03:33:00.000 043   16637.07     -637.94    45311.74    99999.00
1958-02-12 03:34:00.000 043   16615.59     -639.24    45312.77    99999.00
1958-02-12 03:35:00.000 043   16618.86     -639.42    45313.90    99999.00
1958-02-12 03:36:00.000 043   16634.73     -637.97    45314.94    99999.00
1958-02-12 03:37:00.000 043   16637.44     -636.03    45315.78    99999.00
1958-02-12 03:38:00.000 043   16606.68     -634.61    45316.45    99999.00
1958-02-12 03:39:00.000 043   16616.07     -634.37    45317.00    99999.00
1958-02-12 03:40:00.000 043   16633.76     -634.97    45317.46    99999.00
1958-02-12 03:41:00.000 043   16623.70     -635.69    45317.83    99999.00
1958-02-12 03:42:00.000 043   16621.58     -635.92    45318.13    99999.00
1958-02-12 03:43:00.000 043   16634.00     -635.39    45318.37    99999.00
1958-02-12 03:44:00.000 043   16639.78     -634.44    45318.55    99999.00
1958-02-12 03:45:00.000 043   16632.79     -633.48    45318.68    99999.00
1958-02-12 03:46:00.000 043   16624.51     -633.17    45318.79    99999.00
1958-02-12 03:47:00.000 043   16622.99     -633.81    45318.90    99999.00
1958-02-12 03:48:00.000 043   16628.28     -634.37    45319.04    99999.00
1958-02-12 03:49:00.000 043   16636.13     -634.49    45319.23    99999.00
1958-02-12 03:50:00.000 043   16642.93     -634.30    45319.49    99999.00
1958-02-12 03:51:00.000 043   16641.51     -633.95    45319.83    99999.00
1958-02-12 03:52:00.000 043   16626.82     -633.56    45320.22    99999.00
1958-02-12 03:53:00.000 043   16629.32     -633.15    45320.65    99999.00
1958-02-12 03:54:00.000 043   16639.38     -632.79    45321.10    99999.00
1958-02-12 03:55:00.000 043   16637.50     -632.51    45321.55    99999.00
1958-02-12 03:56:00.000 043   16627.70     -632.40    45321.96    99999.00
1958-02-12 03:57:00.000 043   16628.76     -632.58    45322.29    99999.00
1958-02-12 03:58:00.000 043   16643.13     -633.16    45322.56    99999.00
1958-02-12 03:59:00.000 043   16637.99     -634.16    45322.86    99999.00
1958-02-12 04:00:00.000 043   16627.94     -635.13    45323.40    99999.00
1958-02-12 04:01:00.000 043   16627.73     -634.37    45324.17    99999.00
1958-02-12 04:02:00.000 043   16639.45     -633.67    45324.85    99999.00
1958-02-12 04:03:00.000 043   16635.45     -633.70    45324.94    99999.00
1958-02-12 04:04:00.000 043   16626.53     -634.11    45324.74    99999.00
1958-02-12 04:05:00.000 043   16621.65     -634.67    45325.07    99999.00
1958-02-12 04:06:00.000 043   16626.84     -635.29    45325.81    99999.00
1958-02-12 04:07:00.000 043   16637.66     -635.91    45326.67    99999.00
1958-02-12 04:08:00.000 043   16640.91     -636.49    45327.54    99999.00
1958-02-12 04:09:00.000 043   16631.07     -636.90    45328.31    99999.00
1958-02-12 04:10:00.000 043   16625.31     -636.80    45328.92    99999.00
1958-02-12 04:11:00.000 043   16636.86     -635.81    45329.26    99999.00
1958-02-12 04:12:00.000 043   16624.35     -636.08    45329.21    99999.00
1958-02-12 04:13:00.000 043   16624.54     -637.11    45328.77    99999.00
1958-02-12 04:14:00.000 043   16632.66     -638.01    45328.06    99999.00
1958-02-12 04:15:00.000 043   16641.43     -638.40    45327.29    99999.00
1958-02-12 04:16:00.000 043   16648.05     -638.06    45326.68    99999.00
1958-02-12 04:17:00.000 043   16646.90     -637.40    45326.36    99999.00
1958-02-12 04:18:00.000 043   16632.36     -636.93    45326.28    99999.00
1958-02-12 04:19:00.000 043   16630.71     -637.02    45326.40    99999.00
1958-02-12 04:20:00.000 043   16643.67     -637.55    45326.71    99999.00
1958-02-12 04:21:00.000 043   16651.23     -638.21    45327.21    99999.00
1958-02-12 04:22:00.000 043   16642.76     -638.70    45327.93    99999.00
1958-02-12 04:23:00.000 043   16634.16     -638.55    45328.68    99999.00
1958-02-12 04:24:00.000 043   16643.37     -637.52    45328.91    99999.00
1958-02-12 04:25:00.000 043   16653.12     -636.47    45328.36    99999.00
1958-02-12 04:26:00.000 043   16646.55     -636.25    45327.83    99999.00
1958-02-12 04:27:00.000 043   16632.90     -636.72    45327.57    99999.00
1958-02-12 04:28:00.000 043   16629.38     -637.35    45327.54    99999.00
1958-02-12 04:29:00.000 043   16639.79     -637.76    45327.63    99999.00
1958-02-12 04:30:00.000 043   16645.80     -637.37    45327.81    99999.00
1958-02-12 04:31:00.000 043   16630.75     -634.73    45328.06    99999.00
1958-02-12 04:32:00.000 043   16611.70     -630.98    45328.39    99999.00
1958-02-12 04:33:00.000 043   16622.24     -629.58    45328.80    99999.00
1958-02-12 04:34:00.000 043   16603.20     -629.79    45329.28    99999.00
1958-02-12 04:35:00.000 043   16608.43     -630.59    45329.77    99999.00
1958-02-12 04:36:00.000 043   16623.02     -631.59    45330.14    99999.00
1958-02-12 04:37:00.000 043   16639.36     -632.58    45330.27    99999.00
1958-02-12 04:38:00.000 043   16652.95     -633.16    45330.15    99999.00
1958-02-12 04:39:00.000 043   16652.97     -632.79    45329.94    99999.00
1958-02-12 04:40:00.000 043   16633.71     -631.71    45329.78    99999.00
1958-02-12 04:41:00.000 043   16646.25     -631.52    45329.80    99999.00
1958-02-12 04:42:00.000 043   16649.37     -632.16    45330.06    99999.00
1958-02-12 04:43:00.000 043   16638.29     -632.97    45330.39    99999.00
1958-02-12 04:44:00.000 043   16641.75     -633.59    45330.60    99999.00
1958-02-12 04:45:00.000 043   16652.96     -633.54    45330.60    99999.00
1958-02-12 04:46:00.000 043   16662.80     -632.89    45330.39    99999.00
1958-02-12 04:47:00.000 043   16663.12     -632.67    45330.08    99999.00
1958-02-12 04:48:00.000 043   16650.39     -633.82    45329.76    99999.00
1958-02-12 04:49:00.000 043   16642.26     -635.14    45329.49    99999.00
1958-02-12 04:50:00.000 043   16652.85     -635.59    45329.28    99999.00
1958-02-12 04:51:00.000 043   16669.46     -635.14    45329.18    99999.00
1958-02-12 04:52:00.000 043   16675.38     -634.45    45329.17    99999.00
1958-02-12 04:53:00.000 043   16654.92     -634.26    45329.22    99999.00
1958-02-12 04:54:00.000 043   16642.30     -635.85    45329.31    99999.00
1958-02-12 04:55:00.000 043   16662.06     -636.46    45329.41    99999.00
1958-02-12 04:56:00.000 043   16674.95     -634.38    45329.50    99999.00
1958-02-12 04:57:00.000 043   16666.43     -633.17    45329.57    99999.00
1958-02-12 04:58:00.000 043   16648.87     -633.67    45329.57    99999.00
1958-02-12 04:59:00.000 043   16635.34     -634.53    45329.48    99999.00
1958-02-12 05:00:00.000 043   16639.69     -634.44    45329.30    99999.00
1958-02-12 05:01:00.000 043   16657.55     -633.28    45329.08    99999.00
1958-02-12 05:02:00.000 043   16643.40     -632.31    45328.91    99999.00
1958-02-12 05:03:00.000 043   16660.08     -632.18    45328.89    99999.00
1958-02-12 05:04:00.000 043   16639.48     -632.81    45329.14    99999.00
1958-02-12 05:05:00.000 043   16644.20     -633.77    45329.66    99999.00
1958-02-12 05:06:00.000 043   16657.03     -634.73    45330.34    99999.00
1958-02-12 05:07:00.000 043   16664.14     -635.26    45331.06    99999.00
1958-02-12 05:08:00.000 043   16647.94     -634.16    45331.48    99999.00
1958-02-12 05:09:00.000 043   16662.90     -631.86    45330.85    99999.00
1958-02-12 05:10:00.000 043   16672.20     -632.24    45330.58    99999.00
1958-02-12 05:11:00.000 043   16637.21     -633.53    45331.16    99999.00
1958-02-12 05:12:00.000 043   16645.23     -634.54    45331.81    99999.00
1958-02-12 05:13:00.000 043   16664.08     -634.54    45332.36    99999.00
1958-02-12 05:14:00.000 043   16667.46     -633.50    45332.76    99999.00
1958-02-12 05:15:00.000 043   16645.42     -632.09    45333.01    99999.00
1958-02-12 05:16:00.000 043   16657.97     -632.30    45333.11    99999.00
1958-02-12 05:17:00.000 043   16650.06     -632.46    45333.11    99999.00
1958-02-12 05:18:00.000 043   16636.20     -632.05    45333.02    99999.00
1958-02-12 05:19:00.000 043   16654.78     -632.95    45332.85    99999.00
1958-02-12 05:20:00.000 043   16651.86     -633.80    45332.59    99999.00
1958-02-12 05:21:00.000 043   16635.76     -633.99    45332.23    99999.00
1958-02-12 05:22:00.000 043   16646.35     -632.63    45331.69    99999.00
1958-02-12 05:23:00.000 043   16659.87     -630.41    45330.76    99999.00
1958-02-12 05:24:00.000 043   16653.33     -629.63    45330.00    99999.00
1958-02-12 05:25:00.000 043   16639.37     -630.60    45330.45    99999.00
1958-02-12 05:26:00.000 043   16638.17     -632.19    45330.47    99999.00
1958-02-12 05:27:00.000 043   16653.59     -633.48    45329.49    99999.00
1958-02-12 05:28:00.000 043   16671.61     -630.16    45328.57    99999.00
1958-02-12 05:29:00.000 043   16661.62     -629.89    45329.39    99999.00
1958-02-12 05:30:00.000 043   16645.63     -631.02    45330.50    99999.00
1958-02-12 05:31:00.000 043   16667.41     -630.70    45330.27    99999.00
1958-02-12 05:32:00.000 043   16649.09     -628.93    45329.60    99999.00
1958-02-12 05:33:00.000 043   16661.14     -629.33    45329.04    99999.00
1958-02-12 05:34:00.000 043   16663.79     -630.05    45328.72    99999.00
1958-02-12 05:35:00.000 043   16651.41     -630.85    45328.56    99999.00
1958-02-12 05:36:00.000 043   16672.13     -631.66    45328.52    99999.00
1958-02-12 05:37:00.000 043   16656.13     -632.42    45328.55    99999.00
1958-02-12 05:38:00.000 043   16663.54     -633.03    45328.65    99999.00
1958-02-12 05:39:00.000 043   16675.26     -633.25    45328.81    99999.00
1958-02-12 05:40:00.000 043   16678.85     -632.19    45329.01    99999.00
1958-02-12 05:41:00.000 043   16670.13     -630.85    45329.21    99999.00
1958-02-12 05:42:00.000 043   16657.46     -632.61    45329.39    99999.00
1958-02-12 05:43:00.000 043   16652.09     -634.13    45329.45    99999.00
1958-02-12 05:44:00.000 043   16659.63     -632.91    45329.30    99999.00
1958-02-12 05:45:00.000 043   16670.94     -630.05    45329.09    99999.00
1958-02-12 05:46:00.000 043   16669.39     -630.16    45328.91    99999.00
1958-02-12 05:47:00.000 043   16648.60     -631.35    45328.78    99999.00
1958-02-12 05:48:00.000 043   16645.71     -632.79    45328.67    99999.00
1958-02-12 05:49:00.000 043   16663.74     -633.86    45328.58    99999.00
1958-02-12 05:50:00.000 043   16668.98     -630.82    45328.50    99999.00
1958-02-12 05:51:00.000 043   16650.82     -631.11    45328.42    99999.00
1958-02-12 05:52:00.000 043   16660.60     -632.19    45328.34    99999.00
1958-02-12 05:53:00.000 043   16674.06     -633.34    45328.26    99999.00
1958-02-12 05:54:00.000 043   16674.85     -634.37    45328.17    99999.00
1958-02-12 05:55:00.000 043   16661.15     -635.16    45328.08    99999.00
1958-02-12 05:56:00.000 043   16657.18     -635.50    45327.96    99999.00
1958-02-12 05:57:00.000 043   16668.51     -635.28    45327.81    99999.00
1958-02-12 05:58:00.000 043   16678.81     -634.57    45327.57    99999.00
1958-02-12 05:59:00.000 043   16656.35     -633.61    45327.18    99999.00
1958-02-12 06:00:00.000 043   16669.02     -632.97    45327.24    99999.00
1958-02-12 06:01:00.000 043   16660.48     -633.94    45327.32    99999.00
1958-02-12 06:02:00.000 043   16666.20     -635.73    45326.96    99999.00
1958-02-12 06:03:00.000 043   16669.26     -632.89    45325.66    99999.00
1958-02-12 06:04:00.000 043   16654.22     -631.04    45323.14    99999.00
1958-02-12 06:05:00.000 043   16668.01     -634.11    45321.68    99999.00
1958-02-12 06:06:00.000 043   16659.98     -639.38    45324.33    99999.00
1958-02-12 06:07:00.000 043   16655.66     -643.98    45328.10    99999.00
1958-02-12 06:08:00.000 043   16684.74     -645.15    45328.58    99999.00
1958-02-12 06:09:00.000 043   16719.11     -640.73    45326.47    99999.00
1958-02-12 06:10:00.000 043   16708.15     -634.93    45324.66    99999.00
1958-02-12 06:11:00.000 043   16661.99     -631.88    45323.67    99999.00
1958-02-12 06:12:00.000 043   16628.99     -631.61    45323.13    99999.00
1958-02-12 06:13:00.000 043   16645.06     -632.65    45322.87    99999.00
1958-02-12 06:14:00.000 043   16654.35     -634.22    45322.79    99999.00
1958-02-12 06:15:00.000 043   16642.78     -635.67    45322.82    99999.00
1958-02-12 06:16:00.000 043   16649.65     -635.77    45322.88    99999.00
1958-02-12 06:17:00.000 043   16665.40     -633.71    45322.87    99999.00
1958-02-12 06:18:00.000 043   16679.17     -633.52    45322.66    99999.00
1958-02-12 06:19:00.000 043   16660.19     -635.68    45321.95    99999.00
1958-02-12 06:20:00.000 043   16679.00     -636.49    45320.74    99999.00
1958-02-12 06:21:00.000 043   16685.03     -635.09    45320.08    99999.00
1958-02-12 06:22:00.000 043   16658.07     -633.49    45320.57    99999.00
1958-02-12 06:23:00.000 043   16651.44     -637.79    45321.61    99999.00
1958-02-12 06:24:00.000 043   16676.10     -637.18    45322.68    99999.00
1958-02-12 06:25:00.000 043   16700.96     -635.90    45323.03    99999.00
1958-02-12 06:26:00.000 043   16691.22     -635.79    45321.56    99999.00
1958-02-12 06:27:00.000 043   16664.85     -636.96    45322.19    99999.00
1958-02-12 06:28:00.000 043   16683.75     -638.56    45323.22    99999.00
1958-02-12 06:29:00.000 043   16663.21     -639.41    45322.60    99999.00
1958-02-12 06:30:00.000 043   16680.76     -637.11    45321.69    99999.00
1958-02-12 06:31:00.000 043   16662.87     -635.22    45321.48    99999.00
1958-02-12 06:32:00.000 043   16654.85     -635.66    45321.70    99999.00
1958-02-12 06:33:00.000 043   16667.44     -636.66    45322.13    99999.00
1958-02-12 06:34:00.000 043   16679.28     -637.38    45322.67    99999.00
1958-02-12 06:35:00.000 043   16673.68     -636.23    45323.26    99999.00
1958-02-12 06:36:00.000 043   16654.57     -634.76    45323.87    99999.00
1958-02-12 06:37:00.000 043   16660.20     -635.99    45324.39    99999.00
1958-02-12 06:38:00.000 043   16667.65     -636.97    45324.46    99999.00
1958-02-12 06:39:00.000 043   16654.13     -634.46    45322.86    99999.00
1958-02-12 06:40:00.000 043   16667.16     -631.10    45319.44    99999.00
1958-02-12 06:41:00.000 043   16655.69     -632.37    45319.73    99999.00
1958-02-12 06:42:00.000 043   16666.97     -635.33    45322.11    99999.00
1958-02-12 06:43:00.000 043   16651.13     -638.35    45323.94    99999.00
1958-02-12 06:44:00.000 043   16670.69     -639.09    45321.65    99999.00
1958-02-12 06:45:00.000 043   16688.99     -632.62    45323.77    99999.00
1958-02-12 06:46:00.000 043   16657.17     -637.00    45325.19    99999.00
1958-02-12 06:47:00.000 043   16659.19     -633.25    45321.81    99999.00
1958-02-12 06:48:00.000 043   16680.19     -632.54    45320.16    99999.00
1958-02-12 06:49:00.000 043   16630.85     -636.70    45322.93    99999.00
1958-02-12 06:50:00.000 043   16679.05     -639.42    45324.44    99999.00
1958-02-12 06:51:00.000 043   16686.90     -639.61    45324.93    99999.00
1958-02-12 06:52:00.000 043   16707.90     -637.70    45324.95    99999.00
1958-02-12 06:53:00.000 043   16658.12     -634.95    45324.66    99999.00
1958-02-12 06:54:00.000 043   16637.94     -632.55    45324.08    99999.00
1958-02-12 06:55:00.000 043   16652.15     -631.94    45322.98    99999.00
1958-02-12 06:56:00.000 043   16667.68     -633.48    45322.55    99999.00
1958-02-12 06:57:00.000 043   16660.56     -635.70    45324.32    99999.00
1958-02-12 06:58:00.000 043   16652.89     -633.77    45323.82    99999.00
1958-02-12 06:59:00.000 043   16666.76     -630.91    45320.53    99999.00
1958-02-12 07:00:00.000 043   16671.67     -633.44    45319.97    99999.00
1958-02-12 07:01:00.000 043   16649.68     -636.62    45323.22    99999.00
1958-02-12 07:02:00.000 043   16664.59     -636.93    45320.23    99999.00
1958-02-12 07:03:00.000 043   16693.17     -632.86    45320.40    99999.00
1958-02-12 07:04:00.000 043   16672.72     -633.56    45323.50    99999.00
1958-02-12 07:05:00.000 043   16662.07     -637.35    45323.65    99999.00
1958-02-12 07:06:00.000 043   16692.99     -637.81    45325.26    99999.00
1958-02-12 07:07:00.000 043   16666.71     -634.55    45326.58    99999.00
1958-02-12 07:08:00.000 043   16652.53     -633.24    45327.23    99999.00
1958-02-12 07:09:00.000 043   16671.85     -635.05    45327.26    99999.00
1958-02-12 07:10:00.000 043   16630.81     -636.80    45326.83    99999.00
1958-02-12 07:11:00.000 043   16645.10     -633.91    45325.95    99999.00
1958-02-12 07:12:00.000 043   16620.05     -634.25    45324.36    99999.00
1958-02-12 07:13:00.000 043   16661.60     -636.32    45322.51    99999.00
1958-02-12 07:14:00.000 043   16627.96     -635.24    45322.14    99999.00
1958-02-12 07:15:00.000 043   16646.58     -634.66    45322.45    99999.00
1958-02-12 07:16:00.000 043   16638.13     -636.04    45322.96    99999.00
1958-02-12 07:17:00.000 043   16671.21     -636.34    45323.52    99999.00
1958-02-12 07:18:00.000 043   16663.05     -634.63    45324.04    99999.00
1958-02-12 07:19:00.000 043   16652.78     -632.55    45324.43    99999.00
1958-02-12 07:20:00.000 043   16661.28     -633.41    45324.51    99999.00
1958-02-12 07:21:00.000 043   16642.83     -636.24    45324.18    99999.00
1958-02-12 07:22:00.000 043   16655.31     -633.67    45323.42    99999.00
1958-02-12 07:23:00.000 043   16636.99     -633.47    45322.48    99999.00
1958-02-12 07:24:00.000 043   16663.31     -635.99    45321.69    99999.00
1958-02-12 07:25:00.000 043   16641.56     -636.58    45321.58    99999.00
1958-02-12 07:26:00.000 043   16662.13     -633.66    45322.49    99999.00
1958-02-12 07:27:00.000 043   16647.41     -632.22    45323.26    99999.00
1958-02-12 07:28:00.000 043   16674.62     -632.91    45322.97    99999.00
1958-02-12 07:29:00.000 043   16658.65     -634.29    45321.42    99999.00
1958-02-12 07:30:00.000 043   16649.11     -635.51    45319.10    99999.00
1958-02-12 07:31:00.000 043   16669.41     -635.66    45317.96    99999.00
1958-02-12 07:32:00.000 043   16659.87     -633.68    45320.86    99999.00
1958-02-12 07:33:00.000 043   16656.77     -631.41    45328.06    99999.00
1958-02-12 07:34:00.000 043   16682.13     -632.33    45330.15    99999.00
1958-02-12 07:35:00.000 043   16682.04     -635.74    45324.20    99999.00
1958-02-12 07:36:00.000 043   16619.10     -639.28    45318.56    99999.00
1958-02-12 07:37:00.000 043   16575.58     -640.68    45318.92    99999.00
1958-02-12 07:38:00.000 043   16643.66     -637.82    45322.56    99999.00
1958-02-12 07:39:00.000 043   16678.95     -634.50    45323.64    99999.00
1958-02-12 07:40:00.000 043   16663.21     -634.29    45320.98    99999.00
1958-02-12 07:41:00.000 043   16637.25     -635.96    45319.59    99999.00
1958-02-12 07:42:00.000 043   16627.08     -637.99    45321.16    99999.00
1958-02-12 07:43:00.000 043   16644.02     -636.25    45323.28    99999.00
1958-02-12 07:44:00.000 043   16665.39     -631.10    45324.58    99999.00
1958-02-12 07:45:00.000 043   16653.10     -632.17    45325.05    99999.00
1958-02-12 07:46:00.000 043   16626.27     -633.61    45324.94    99999.00
1958-02-12 07:47:00.000 043   16635.38     -633.93    45324.42    99999.00
1958-02-12 07:48:00.000 043   16642.66     -631.06    45323.72    99999.00
1958-02-12 07:49:00.000 043   16624.28     -633.26    45323.10    99999.00
1958-02-12 07:50:00.000 043   16617.87     -635.92    45322.90    99999.00
1958-02-12 07:51:00.000 043   16638.00     -636.22    45324.03    99999.00
1958-02-12 07:52:00.000 043   16646.50     -633.29    45326.41    99999.00
1958-02-12 07:53:00.000 043   16632.27     -629.57    45325.91    99999.00
1958-02-12 07:54:00.000 043   16668.96     -629.66    45324.12    99999.00
1958-02-12 07:55:00.000 043   16622.43     -633.89    45324.99    99999.00
1958-02-12 07:56:00.000 043   16622.32     -632.47    45325.80    99999.00
1958-02-12 07:57:00.000 043   16652.85     -631.21    45324.42    99999.00
1958-02-12 07:58:00.000 043   16646.62     -633.70    45323.03    99999.00
1958-02-12 07:59:00.000 043   16628.37     -636.51    45322.62    99999.00
1958-02-12 08:00:00.000 043   16641.84     -637.48    45323.42    99999.00
1958-02-12 08:01:00.000 043   16659.10     -635.08    45324.71    99999.00
1958-02-12 08:02:00.000 043   16663.37     -631.65    45325.77    99999.00
1958-02-12 08:03:00.000 043   16650.31     -631.32    45326.15    99999.00
1958-02-12 08:04:00.000 043   16633.74     -633.04    45326.02    99999.00
1958-02-12 08:05:00.000 043   16646.62     -633.74    45325.61    99999.00
1958-02-12 08:06:00.000 043   16647.92     -632.80    45325.08    99999.00
1958-02-12 08:07:00.000 043   16635.87     -631.71    45324.53    99999.00
1958-02-12 08:08:00.000 043   16650.67     -632.78    45324.00    99999.00
1958-02-12 08:09:00.000 043   16655.76     -634.98    45323.52    99999.00
1958-02-12 08:10:00.000 043   16645.07     -634.53    45323.15    99999.00
1958-02-12 08:11:00.000 043   16650.32     -633.42    45322.98    99999.00
1958-02-12 08:12:00.000 043   16659.73     -633.80    45323.25    99999.00
1958-02-12 08:13:00.000 043   16647.30     -635.24    45324.05    99999.00
1958-02-12 08:14:00.000 043   16644.02     -634.33    45324.54    99999.00
1958-02-12 08:15:00.000 043   16651.97     -632.91    45324.20    99999.00
1958-02-12 08:16:00.000 043   16656.40     -633.42    45323.49    99999.00
1958-02-12 08:17:00.000 043   16645.41     -635.16    45322.72    99999.00
1958-02-12 08:18:00.000 043   16640.25     -635.33    45322.08    99999.00
1958-02-12 08:19:00.000 043   16648.22     -634.14    45321.80    99999.00
1958-02-12 08:20:00.000 043   16657.57     -634.45    45322.10    99999.00
1958-02-12 08:21:00.000 043   16661.73     -636.66    45322.86    99999.00
1958-02-12 08:22:00.000 043   16657.75     -635.28    45323.53    99999.00
1958-02-12 08:23:00.000 043   16649.98     -633.33    45323.44    99999.00
1958-02-12 08:24:00.000 043   16643.95     -632.78    45322.94    99999.00
1958-02-12 08:25:00.000 043   16644.35     -633.25    45322.49    99999.00
1958-02-12 08:26:00.000 043   16650.34     -634.12    45322.22    99999.00
1958-02-12 08:27:00.000 043   16657.46     -635.09    45322.11    99999.00
1958-02-12 08:28:00.000 043   16657.75     -635.94    45322.10    99999.00
1958-02-12 08:29:00.000 043   16647.15     -636.41    45322.17    99999.00
1958-02-12 08:30:00.000 043   16643.86     -636.19    45322.31    99999.00
1958-02-12 08:31:00.000 043   16649.10     -635.37    45322.53    99999.00
1958-02-12 08:32:00.000 043   16656.02     -634.49    45322.82    99999.00
1958-02-12 08:33:00.000 043   16659.91     -635.04    45323.15    99999.00
1958-02-12 08:34:00.000 043   16651.76     -637.17    45323.46    99999.00
1958-02-12 08:35:00.000 043   16647.83     -637.29    45323.62    99999.00
1958-02-12 08:36:00.000 043   16658.89     -635.37    45323.04    99999.00
1958-02-12 08:37:00.000 043   16653.29     -634.77    45322.18    99999.00
1958-02-12 08:38:00.000 043   16644.47     -635.48    45322.25    99999.00
1958-02-12 08:39:00.000 043   16646.26     -636.59    45322.66    99999.00
1958-02-12 08:40:00.000 043   16656.61     -637.53    45323.15    99999.00
1958-02-12 08:41:00.000 043   16656.31     -637.51    45323.64    99999.00
1958-02-12 08:42:00.000 043   16646.66     -635.96    45324.07    99999.00
1958-02-12 08:43:00.000 043   16638.73     -634.77    45324.42    99999.00
1958-02-12 08:44:00.000 043   16640.35     -635.50    45324.62    99999.00
1958-02-12 08:45:00.000 043   16649.04     -636.76    45324.71    99999.00
1958-02-12 08:46:00.000 043   16639.93     -636.28    45324.69    99999.00
1958-02-12 08:47:00.000 043   16638.54     -635.24    45324.60    99999.00
1958-02-12 08:48:00.000 043   16646.89     -636.56    45324.46    99999.00
1958-02-12 08:49:00.000 043   16639.48     -636.15    45324.31    99999.00
1958-02-12 08:50:00.000 043   16633.16     -634.52    45324.18    99999.00
1958-02-12 08:51:00.000 043   16644.40     -634.87    45324.07    99999.00
1958-02-12 08:52:00.000 043   16648.28     -635.61    45323.98    99999.00
1958-02-12 08:53:00.000 043   16631.67     -636.21    45323.90    99999.00
1958-02-12 08:54:00.000 043   16637.16     -635.95    45323.80    99999.00
1958-02-12 08:55:00.000 043   16644.38     -633.99    45323.70    99999.00
1958-02-12 08:56:00.000 043   16631.81     -633.72    45323.58    99999.00
1958-02-12 08:57:00.000 043   16638.67     -634.72    45323.46    99999.00
1958-02-12 08:58:00.000 043   16645.40     -635.96    45323.34    99999.00
1958-02-12 08:59:00.000 043   16638.30     -637.04    45323.23    99999.00
1958-02-12 09:00:00.000 043   16629.26     -637.27    45323.13    99999.00
1958-02-12 09:01:00.000 043   16637.83     -635.90    45323.05    99999.00
1958-02-12 09:02:00.000 043   16634.26     -634.96    45322.99    99999.00
1958-02-12 09:03:00.000 043   16631.02     -635.04    45322.96    99999.00
1958-02-12 09:04:00.000 043   16641.78     -635.53    45322.95    99999.00
1958-02-12 09:05:00.000 043   16647.62     -636.19    45322.95    99999.00
1958-02-12 09:06:00.000 043   16640.61     -636.90    45322.96    99999.00
1958-02-12 09:07:00.000 043   16630.19     -637.51    45322.98    99999.00
1958-02-12 09:08:00.000 043   16628.66     -637.59    45322.98    99999.00
1958-02-12 09:09:00.000 043   16635.29     -636.54    45322.97    99999.00
1958-02-12 09:10:00.000 043   16636.74     -637.19    45322.94    99999.00
1958-02-12 09:11:00.000 043   16630.25     -637.99    45322.88    99999.00
1958-02-12 09:12:00.000 043   16625.30     -638.27    45322.77    99999.00
1958-02-12 09:13:00.000 043   16629.49     -637.45    45322.63    99999.00
1958-02-12 09:14:00.000 043   16638.48     -635.83    45322.47    99999.00
1958-02-12 09:15:00.000 043   16631.62     -635.02    45322.29    99999.00
1958-02-12 09:16:00.000 043   16628.82     -636.20    45322.10    99999.00
1958-02-12 09:17:00.000 043   16637.16     -638.47    45321.91    99999.00
1958-02-12 09:18:00.000 043   16623.43     -640.39    45321.76    99999.00
1958-02-12 09:19:00.000 043   16613.97     -640.41    45321.64    99999.00
1958-02-12 09:20:00.000 043   16632.68     -636.52    45321.54    99999.00
1958-02-12 09:21:00.000 043   16658.52     -628.50    45321.47    99999.00
