 Format                 IAGA-2002                                        |
 Source of Data         USGS                                             |
 Station Name           Fredericksburg                                   |
 IAGA Code              FRD                                              |
 Geodetic Latitude      38.21                                            |
 Geodetic Longitude     282.633                                          |
 Elevation              69.0                                             |
 Reported               HDZF                                             |
 Sensor Orientation                                                      |
 Digital Sampling                                                        |
 Data Interval Type     1-minute                                         |
 Data Type              quasi definitive                                 |
 # Digitised using Engauge Digitizer from USGS magnetogram               |
 # photographs of the Feb 1958 geomagnetic storm.                        |
 # Missing data are denoted by 99999.00                                  |
DATE       TIME         DOY   FRDH        FRDD        FRDZ        FRDF   |
1958-02-10 12:00:00.000 041   19048.03     -390.25    53237.55    99999.00
1958-02-10 12:01:00.000 041   19047.88     -390.25    53237.50    99999.00
1958-02-10 12:02:00.000 041   19047.61     -390.25    53237.41    99999.00
1958-02-10 12:03:00.000 041   19047.33     -390.25    53237.33    99999.00
1958-02-10 12:04:00.000 041   19047.05     -390.25    53237.24    99999.00
1958-02-10 12:05:00.000 041   19046.77     -390.25    53237.15    99999.00
1958-02-10 12:06:00.000 041   19046.49     -390.25    53237.06    99999.00
1958-02-10 12:07:00.000 041   19046.20     -390.25    53236.98    99999.00
1958-02-10 12:08:00.000 041   19045.91     -390.25    53236.89    99999.00
1958-02-10 12:09:00.000 041   19045.61     -390.25    53236.80    99999.00
1958-02-10 12:10:00.000 041   19045.31     -390.25    53236.72    99999.00
1958-02-10 12:11:00.000 041   19045.00     -390.24    53236.64    99999.00
1958-02-10 12:12:00.000 041   19044.69     -390.24    53236.55    99999.00
1958-02-10 12:13:00.000 041   19044.35     -390.24    53236.46    99999.00
1958-02-10 12:14:00.000 041   19044.01     -390.23    53236.37    99999.00
1958-02-10 12:15:00.000 041   19043.66     -390.23    53236.29    99999.00
1958-02-10 12:16:00.000 041   19043.28     -390.23    53236.20    99999.00
1958-02-10 12:17:00.000 041   19042.89     -390.22    53236.11    99999.00
1958-02-10 12:18:00.000 041   19042.49     -390.21    53236.02    99999.00
1958-02-10 12:19:00.000 041   19042.07     -390.21    53235.94    99999.00
1958-02-10 12:20:00.000 041   19041.64     -390.20    53235.85    99999.00
1958-02-10 12:21:00.000 041   19041.19     -390.19    53235.77    99999.00
1958-02-10 12:22:00.000 041   19040.74     -390.18    53235.68    99999.00
1958-02-10 12:23:00.000 041   19040.29     -390.17    53235.59    99999.00
1958-02-10 12:24:00.000 041   19039.84     -390.15    53235.50    99999.00
1958-02-10 12:25:00.000 041   19039.40     -390.14    53235.41    99999.00
1958-02-10 12:26:00.000 041   19038.97     -390.12    53235.32    99999.00
1958-02-10 12:27:00.000 041   19038.54     -390.10    53235.23    99999.00
1958-02-10 12:28:00.000 041   19038.11     -390.08    53235.15    99999.00
1958-02-10 12:29:00.000 041   19037.65     -390.06    53235.06    99999.00
1958-02-10 12:30:00.000 041   19037.18     -390.03    53234.97    99999.00
1958-02-10 12:31:00.000 041   19036.68     -390.00    53234.88    99999.00
1958-02-10 12:32:00.000 041   19036.17     -389.97    53234.79    99999.00
1958-02-10 12:33:00.000 041   19035.63     -389.93    53234.70    99999.00
1958-02-10 12:34:00.000 041   19035.07     -389.88    53234.61    99999.00
1958-02-10 12:35:00.000 041   19034.51     -389.83    53234.53    99999.00
1958-02-10 12:36:00.000 041   19033.91     -389.77    53234.44    99999.00
1958-02-10 12:37:00.000 041   19033.32     -389.71    53234.34    99999.00
1958-02-10 12:38:00.000 041   19032.72     -389.64    53234.25    99999.00
1958-02-10 12:39:00.000 041   19032.12     -389.56    53234.16    99999.00
1958-02-10 12:40:00.000 041   19031.52     -389.49    53234.08    99999.00
1958-02-10 12:41:00.000 041   19030.92     -389.40    53233.99    99999.00
1958-02-10 12:42:00.000 041   19030.32     -389.32    53233.89    99999.00
1958-02-10 12:43:00.000 041   19029.74     -389.24    53233.80    99999.00
1958-02-10 12:44:00.000 041   19029.16     -389.17    53233.71    99999.00
1958-02-10 12:45:00.000 041   19028.60     -389.10    53233.62    99999.00
1958-02-10 12:46:00.000 041   19028.05     -389.06    53233.53    99999.00
1958-02-10 12:47:00.000 041   19027.52     -389.04    53233.43    99999.00
1958-02-10 12:48:00.000 041   19027.00     -389.04    53233.34    99999.00
1958-02-10 12:49:00.000 041   19026.51     -389.06    53233.25    99999.00
1958-02-10 12:50:00.000 041   19026.04     -389.10    53233.16    99999.00
1958-02-10 12:51:00.000 041   19025.60     -389.15    53233.06    99999.00
1958-02-10 12:52:00.000 041   19025.20     -389.22    53232.97    99999.00
1958-02-10 12:53:00.000 041   19024.82     -389.29    53232.88    99999.00
1958-02-10 12:54:00.000 041   19024.49     -389.37    53232.79    99999.00
1958-02-10 12:55:00.000 041   19024.19     -389.46    53232.69    99999.00
1958-02-10 12:56:00.000 041   19023.92     -389.54    53232.59    99999.00
1958-02-10 12:57:00.000 041   19023.70     -389.63    53232.50    99999.00
1958-02-10 12:58:00.000 041   19023.50     -389.72    53232.41    99999.00
1958-02-10 12:59:00.000 041   19023.34     -389.80    53232.31    99999.00
1958-02-10 13:00:00.000 041   19023.20     -389.89    53232.22    99999.00
1958-02-10 13:01:00.000 041   19023.09     -389.96    53232.12    99999.00
1958-02-10 13:02:00.000 041   19023.01     -390.04    53232.02    99999.00
1958-02-10 13:03:00.000 041   19022.94     -390.11    53231.93    99999.00
1958-02-10 13:04:00.000 041   19022.88     -390.18    53231.83    99999.00
1958-02-10 13:05:00.000 041   19022.83     -390.23    53231.73    99999.00
1958-02-10 13:06:00.000 041   19022.79     -390.29    53231.64    99999.00
1958-02-10 13:07:00.000 041   19022.76     -390.33    53231.54    99999.00
1958-02-10 13:08:00.000 041   19022.72     -390.37    53231.44    99999.00
1958-02-10 13:09:00.000 041   19022.68     -390.40    53231.34    99999.00
1958-02-10 13:10:00.000 041   19022.63     -390.43    53231.24    99999.00
1958-02-10 13:11:00.000 041   19022.56     -390.45    53231.15    99999.00
1958-02-10 13:12:00.000 041   19022.47     -390.47    53231.04    99999.00
1958-02-10 13:13:00.000 041   19022.37     -390.48    53230.94    99999.00
1958-02-10 13:14:00.000 041   19022.24     -390.49    53230.84    99999.00
1958-02-10 13:15:00.000 041   19022.07     -390.50    53230.74    99999.00
1958-02-10 13:16:00.000 041   19021.86     -390.50    53230.64    99999.00
1958-02-10 13:17:00.000 041   19021.60     -390.51    53230.53    99999.00
1958-02-10 13:18:00.000 041   19021.26     -390.52    53230.44    99999.00
1958-02-10 13:19:00.000 041   19020.85     -390.52    53230.33    99999.00
1958-02-10 13:20:00.000 041   19020.32     -390.53    53230.23    99999.00
1958-02-10 13:21:00.000 041   19019.62     -390.54    53230.12    99999.00
1958-02-10 13:22:00.000 041   19018.74     -390.55    53230.02    99999.00
1958-02-10 13:23:00.000 041   19017.65     -390.57    53229.92    99999.00
1958-02-10 13:24:00.000 041   19016.40     -390.59    53229.82    99999.00
1958-02-10 13:25:00.000 041   19015.08     -390.62    53229.71    99999.00
1958-02-10 13:26:00.000 041   19013.86     -390.66    53229.61    99999.00
1958-02-10 13:27:00.000 041   19012.91     -390.71    53229.50    99999.00
1958-02-10 13:28:00.000 041   19012.37     -390.78    53229.39    99999.00
1958-02-10 13:29:00.000 041   19012.24     -390.87    53229.29    99999.00
1958-02-10 13:30:00.000 041   19012.44     -390.98    53229.18    99999.00
1958-02-10 13:31:00.000 041   19012.85     -391.11    53229.08    99999.00
1958-02-10 13:32:00.000 041   19013.39     -391.25    53228.97    99999.00
1958-02-10 13:33:00.000 041   19014.01     -391.40    53228.87    99999.00
1958-02-10 13:34:00.000 041   19014.67     -391.56    53228.76    99999.00
1958-02-10 13:35:00.000 041   19015.35     -391.70    53228.66    99999.00
1958-02-10 13:36:00.000 041   19016.02     -391.78    53228.55    99999.00
1958-02-10 13:37:00.000 041   19016.67     -391.76    53228.45    99999.00
1958-02-10 13:38:00.000 041   19017.29     -391.63    53228.34    99999.00
1958-02-10 13:39:00.000 041   19017.88     -391.42    53228.24    99999.00
1958-02-10 13:40:00.000 041   19018.40     -391.17    53228.13    99999.00
1958-02-10 13:40:00.000 041   19018.88     -390.95    53228.03    99999.00
1958-02-10 13:41:00.000 041   19019.30     -390.91    53227.93    99999.00
1958-02-10 13:42:00.000 041   19019.67     -391.26    53227.83    99999.00
1958-02-10 13:43:00.000 041   19020.01     -391.68    53227.72    99999.00
1958-02-10 13:44:00.000 041   19020.29     -391.96    53227.63    99999.00
1958-02-10 13:45:00.000 041   19020.54     -392.11    53227.52    99999.00
1958-02-10 13:46:00.000 041   19020.75     -392.16    53227.43    99999.00
1958-02-10 13:47:00.000 041   19020.94     -392.15    53227.33    99999.00
1958-02-10 13:48:00.000 041   19021.08     -392.11    53227.23    99999.00
1958-02-10 13:49:00.000 041   19021.19     -392.04    53227.14    99999.00
1958-02-10 13:50:00.000 041   19021.27     -391.96    53227.04    99999.00
1958-02-10 13:51:00.000 041   19021.32     -391.88    53226.94    99999.00
1958-02-10 13:52:00.000 041   19021.34     -391.79    53226.85    99999.00
1958-02-10 13:53:00.000 041   19021.33     -391.70    53226.76    99999.00
1958-02-10 13:54:00.000 041   19021.28     -391.61    53226.67    99999.00
1958-02-10 13:55:00.000 041   19021.20     -391.52    53226.57    99999.00
1958-02-10 13:56:00.000 041   19021.09     -391.44    53226.48    99999.00
1958-02-10 13:57:00.000 041   19020.94     -391.37    53226.40    99999.00
1958-02-10 13:58:00.000 041   19020.75     -391.31    53226.31    99999.00
1958-02-10 13:59:00.000 041   19020.51     -391.27    53226.23    99999.00
1958-02-10 14:00:00.000 041   19020.25     -391.25    53226.14    99999.00
1958-02-10 14:01:00.000 041   19019.96     -391.24    53226.06    99999.00
1958-02-10 14:02:00.000 041   19019.63     -391.25    53225.98    99999.00
1958-02-10 14:03:00.000 041   19019.28     -391.28    53225.90    99999.00
1958-02-10 14:04:00.000 041   19018.92     -391.33    53225.82    99999.00
1958-02-10 14:05:00.000 041   19018.54     -391.38    53225.74    99999.00
1958-02-10 14:06:00.000 041   19018.15     -391.45    53225.66    99999.00
1958-02-10 14:07:00.000 041   19017.77     -391.52    53225.59    99999.00
1958-02-10 14:08:00.000 041   19017.40     -391.61    53225.52    99999.00
1958-02-10 14:09:00.000 041   19017.05     -391.69    53225.45    99999.00
1958-02-10 14:10:00.000 041   19016.72     -391.77    53225.37    99999.00
1958-02-10 14:11:00.000 041   19016.41     -391.85    53225.31    99999.00
1958-02-10 14:12:00.000 041   19016.12     -391.93    53225.24    99999.00
1958-02-10 14:13:00.000 041   19015.88     -392.00    53225.18    99999.00
1958-02-10 14:14:00.000 041   19015.67     -392.07    53225.12    99999.00
1958-02-10 14:15:00.000 041   19015.48     -392.13    53225.05    99999.00
1958-02-10 14:16:00.000 041   19015.31     -392.19    53225.00    99999.00
1958-02-10 14:17:00.000 041   19015.16     -392.25    53224.94    99999.00
1958-02-10 14:18:00.000 041   19015.02     -392.30    53224.88    99999.00
1958-02-10 14:19:00.000 041   19014.89     -392.36    53224.83    99999.00
1958-02-10 14:20:00.000 041   19014.76     -392.42    53224.78    99999.00
1958-02-10 14:21:00.000 041   19014.64     -392.48    53224.73    99999.00
1958-02-10 14:22:00.000 041   19014.51     -392.55    53224.68    99999.00
1958-02-10 14:23:00.000 041   19014.37     -392.62    53224.64    99999.00
1958-02-10 14:24:00.000 041   19014.23     -392.69    53224.59    99999.00
1958-02-10 14:25:00.000 041   19014.06     -392.78    53224.55    99999.00
1958-02-10 14:26:00.000 041   19013.88     -392.87    53224.52    99999.00
1958-02-10 14:27:00.000 041   19013.67     -392.97    53224.48    99999.00
1958-02-10 14:28:00.000 041   19013.42     -393.09    53224.45    99999.00
1958-02-10 14:29:00.000 041   19013.12     -393.21    53224.42    99999.00
1958-02-10 14:30:00.000 041   19012.76     -393.36    53224.38    99999.00
1958-02-10 14:31:00.000 041   19012.35     -393.52    53224.35    99999.00
1958-02-10 14:32:00.000 041   19011.91     -393.70    53224.33    99999.00
1958-02-10 14:33:00.000 041   19011.44     -393.89    53224.30    99999.00
1958-02-10 14:34:00.000 041   19010.98     -394.09    53224.29    99999.00
1958-02-10 14:35:00.000 041   19010.55     -394.30    53224.26    99999.00
1958-02-10 14:36:00.000 041   19010.18     -394.51    53224.25    99999.00
1958-02-10 14:37:00.000 041   19009.91     -394.72    53224.24    99999.00
1958-02-10 14:38:00.000 041   19009.74     -394.92    53224.22    99999.00
1958-02-10 14:39:00.000 041   19009.71     -395.12    53224.21    99999.00
1958-02-10 14:40:00.000 041   19009.81     -395.30    53224.21    99999.00
1958-02-10 14:41:00.000 041   19010.03     -395.46    53224.20    99999.00
1958-02-10 14:42:00.000 041   19010.34     -395.60    53224.20    99999.00
1958-02-10 14:43:00.000 041   19010.70     -395.73    53224.20    99999.00
1958-02-10 14:44:00.000 041   19011.11     -395.82    53224.20    99999.00
1958-02-10 14:45:00.000 041   19011.52     -395.90    53224.21    99999.00
1958-02-10 14:46:00.000 041   19011.93     -395.97    53224.21    99999.00
1958-02-10 14:47:00.000 041   19012.33     -396.01    53224.22    99999.00
1958-02-10 14:48:00.000 041   19012.69     -396.04    53224.23    99999.00
1958-02-10 14:49:00.000 041   19013.00     -396.06    53224.25    99999.00
1958-02-10 14:50:00.000 041   19013.25     -396.07    53224.26    99999.00
1958-02-10 14:51:00.000 041   19013.41     -396.07    53224.28    99999.00
1958-02-10 14:52:00.000 041   19013.49     -396.06    53224.30    99999.00
1958-02-10 14:53:00.000 041   19013.44     -396.05    53224.32    99999.00
1958-02-10 14:54:00.000 041   19013.27     -396.03    53224.34    99999.00
1958-02-10 14:55:00.000 041   19012.96     -396.00    53224.38    99999.00
1958-02-10 14:56:00.000 041   19012.53     -395.97    53224.40    99999.00
1958-02-10 14:57:00.000 041   19012.01     -395.94    53224.43    99999.00
1958-02-10 14:58:00.000 041   19011.41     -395.91    53224.46    99999.00
1958-02-10 14:59:00.000 041   19010.76     -395.87    53224.49    99999.00
1958-02-10 15:00:00.000 041   19010.07     -395.84    53224.53    99999.00
1958-02-10 15:01:00.000 041   19009.36     -395.80    53224.56    99999.00
1958-02-10 15:02:00.000 041   19008.68     -395.77    53224.60    99999.00
1958-02-10 15:03:00.000 041   19008.02     -395.74    53224.63    99999.00
1958-02-10 15:04:00.000 041   19007.40     -395.71    53224.67    99999.00
1958-02-10 15:05:00.000 041   19006.84     -395.68    53224.72    99999.00
1958-02-10 15:06:00.000 041   19006.34     -395.66    53224.76    99999.00
1958-02-10 15:07:00.000 041   19005.91     -395.64    53224.80    99999.00
1958-02-10 15:08:00.000 041   19005.57     -395.63    53224.85    99999.00
1958-02-10 15:09:00.000 041   19005.30     -395.63    53224.90    99999.00
1958-02-10 15:10:00.000 041   19005.10     -395.63    53224.95    99999.00
1958-02-10 15:11:00.000 041   19004.94     -395.65    53225.00    99999.00
1958-02-10 15:12:00.000 041   19004.84     -395.68    53225.04    99999.00
1958-02-10 15:13:00.000 041   19004.78     -395.73    53225.10    99999.00
1958-02-10 15:14:00.000 041   19004.74     -395.81    53225.15    99999.00
1958-02-10 15:15:00.000 041   19004.73     -395.93    53225.20    99999.00
1958-02-10 15:16:00.000 041   19004.74     -396.11    53225.26    99999.00
1958-02-10 15:17:00.000 041   19004.78     -396.33    53225.32    99999.00
1958-02-10 15:18:00.000 041   19004.81     -396.58    53225.37    99999.00
1958-02-10 15:19:00.000 041   19004.86     -396.78    53225.43    99999.00
1958-02-10 15:20:00.000 041   19004.92     -396.89    53225.49    99999.00
1958-02-10 15:21:00.000 041   19004.97     -396.91    53225.55    99999.00
1958-02-10 15:22:00.000 041   19005.01     -396.87    53225.61    99999.00
1958-02-10 15:23:00.000 041   19005.04     -396.80    53225.67    99999.00
1958-02-10 15:24:00.000 041   19005.08     -396.72    53225.74    99999.00
1958-02-10 15:25:00.000 041   19005.09     -396.64    53225.79    99999.00
1958-02-10 15:26:00.000 041   19005.08     -396.56    53225.86    99999.00
1958-02-10 15:27:00.000 041   19005.04     -396.49    53225.92    99999.00
1958-02-10 15:28:00.000 041   19004.98     -396.44    53225.99    99999.00
1958-02-10 15:29:00.000 041   19004.90     -396.40    53226.06    99999.00
1958-02-10 15:30:00.000 041   19004.79     -396.38    53226.12    99999.00
1958-02-10 15:31:00.000 041   19004.66     -396.38    53226.19    99999.00
1958-02-10 15:32:00.000 041   19004.49     -396.40    53226.26    99999.00
1958-02-10 15:33:00.000 041   19004.32     -396.44    53226.32    99999.00
1958-02-10 15:34:00.000 041   19004.12     -396.50    53226.39    99999.00
1958-02-10 15:35:00.000 041   19003.91     -396.57    53226.46    99999.00
1958-02-10 15:36:00.000 041   19003.68     -396.65    53226.53    99999.00
1958-02-10 15:37:00.000 041   19003.44     -396.73    53226.60    99999.00
1958-02-10 15:38:00.000 041   19003.18     -396.83    53226.67    99999.00
1958-02-10 15:39:00.000 041   19002.92     -396.92    53226.74    99999.00
1958-02-10 15:40:00.000 041   19002.65     -397.02    53226.81    99999.00
1958-02-10 15:41:00.000 041   19002.37     -397.12    53226.88    99999.00
1958-02-10 15:42:00.000 041   19002.09     -397.22    53226.95    99999.00
1958-02-10 15:43:00.000 041   19001.81     -397.31    53227.02    99999.00
1958-02-10 15:44:00.000 041   19001.52     -397.40    53227.10    99999.00
1958-02-10 15:45:00.000 041   19001.24     -397.48    53227.17    99999.00
1958-02-10 15:46:00.000 041   19000.96     -397.55    53227.24    99999.00
1958-02-10 15:47:00.000 041   19000.68     -397.62    53227.31    99999.00
1958-02-10 15:48:00.000 041   19000.41     -397.67    53227.39    99999.00
1958-02-10 15:49:00.000 041   19000.16     -397.71    53227.45    99999.00
1958-02-10 15:50:00.000 041   18999.91     -397.74    53227.52    99999.00
1958-02-10 15:51:00.000 041   18999.66     -397.77    53227.60    99999.00
1958-02-10 15:52:00.000 041   18999.43     -397.78    53227.67    99999.00
1958-02-10 15:53:00.000 041   18999.20     -397.79    53227.74    99999.00
1958-02-10 15:54:00.000 041   18998.99     -397.79    53227.81    99999.00
1958-02-10 15:55:00.000 041   18998.78     -397.78    53227.88    99999.00
1958-02-10 15:56:00.000 041   18998.59     -397.77    53227.95    99999.00
1958-02-10 15:57:00.000 041   18998.41     -397.75    53228.01    99999.00
1958-02-10 15:58:00.000 041   18998.24     -397.72    53228.09    99999.00
1958-02-10 15:59:00.000 041   18998.09     -397.69    53228.15    99999.00
1958-02-10 16:00:00.000 041   18997.95     -397.66    53228.22    99999.00
1958-02-10 16:01:00.000 041   18997.83     -397.62    53228.29    99999.00
1958-02-10 16:02:00.000 041   18997.72     -397.58    53228.35    99999.00
1958-02-10 16:03:00.000 041   18997.62     -397.54    53228.42    99999.00
1958-02-10 16:04:00.000 041   18997.54     -397.50    53228.48    99999.00
1958-02-10 16:05:00.000 041   18997.48     -397.46    53228.55    99999.00
1958-02-10 16:06:00.000 041   18997.45     -397.42    53228.61    99999.00
1958-02-10 16:07:00.000 041   18997.42     -397.37    53228.67    99999.00
1958-02-10 16:08:00.000 041   18997.42     -397.34    53228.73    99999.00
1958-02-10 16:09:00.000 041   18997.44     -397.30    53228.79    99999.00
1958-02-10 16:10:00.000 041   18997.47     -397.26    53228.84    99999.00
1958-02-10 16:11:00.000 041   18997.51     -397.23    53228.90    99999.00
1958-02-10 16:12:00.000 041   18997.57     -397.19    53228.96    99999.00
1958-02-10 16:13:00.000 041   18997.64     -397.16    53229.00    99999.00
1958-02-10 16:14:00.000 041   18997.73     -397.14    53229.06    99999.00
1958-02-10 16:15:00.000 041   18997.81     -397.13    53229.11    99999.00
1958-02-10 16:16:00.000 041   18997.91     -397.11    53229.16    99999.00
1958-02-10 16:17:00.000 041   18998.02     -397.11    53229.21    99999.00
1958-02-10 16:18:00.000 041   18998.12     -397.12    53229.25    99999.00
1958-02-10 16:19:00.000 041   18998.24     -397.14    53229.29    99999.00
1958-02-10 16:20:00.000 041   18998.35     -397.19    53229.33    99999.00
1958-02-10 16:21:00.000 041   18998.46     -397.25    53229.38    99999.00
1958-02-10 16:22:00.000 041   18998.58     -397.32    53229.42    99999.00
1958-02-10 16:23:00.000 041   18998.69     -397.43    53229.46    99999.00
1958-02-10 16:24:00.000 041   18998.79     -397.54    53229.50    99999.00
1958-02-10 16:25:00.000 041   18998.88     -397.68    53229.54    99999.00
1958-02-10 16:26:00.000 041   18998.97     -397.81    53229.58    99999.00
1958-02-10 16:27:00.000 041   18999.05     -397.93    53229.62    99999.00
1958-02-10 16:28:00.000 041   18999.10     -398.01    53229.66    99999.00
1958-02-10 16:29:00.000 041   18999.14     -398.05    53229.70    99999.00
1958-02-10 16:30:00.000 041   18999.17     -398.03    53229.74    99999.00
1958-02-10 16:31:00.000 041   18999.17     -397.97    53229.78    99999.00
1958-02-10 16:32:00.000 041   18999.15     -397.89    53229.83    99999.00
1958-02-10 16:33:00.000 041   18999.11     -397.78    53229.87    99999.00
1958-02-10 16:34:00.000 041   18999.04     -397.68    53229.91    99999.00
1958-02-10 16:35:00.000 041   18998.94     -397.57    53229.95    99999.00
1958-02-10 16:36:00.000 041   18998.81     -397.48    53229.99    99999.00
1958-02-10 16:37:00.000 041   18998.64     -397.40    53230.04    99999.00
1958-02-10 16:38:00.000 041   18998.45     -397.35    53230.09    99999.00
1958-02-10 16:39:00.000 041   18998.21     -397.33    53230.15    99999.00
1958-02-10 16:40:00.000 041   18997.92     -397.33    53230.20    99999.00
1958-02-10 16:41:00.000 041   18997.60     -397.38    53230.25    99999.00
1958-02-10 16:42:00.000 041   18997.23     -397.46    53230.32    99999.00
1958-02-10 16:43:00.000 041   18996.81     -397.57    53230.38    99999.00
1958-02-10 16:44:00.000 041   18996.37     -397.70    53230.45    99999.00
1958-02-10 16:45:00.000 041   18995.90     -397.85    53230.53    99999.00
1958-02-10 16:46:00.000 041   18995.43     -398.00    53230.60    99999.00
1958-02-10 16:47:00.000 041   18994.96     -398.16    53230.69    99999.00
1958-02-10 16:48:00.000 041   18994.50     -398.31    53230.78    99999.00
1958-02-10 16:49:00.000 041   18994.06     -398.45    53230.87    99999.00
1958-02-10 16:50:00.000 041   18993.66     -398.58    53230.98    99999.00
1958-02-10 16:51:00.000 041   18993.31     -398.68    53231.09    99999.00
1958-02-10 16:52:00.000 041   18993.02     -398.76    53231.21    99999.00
1958-02-10 16:53:00.000 041   18992.80     -398.80    53231.34    99999.00
1958-02-10 16:54:00.000 041   18992.67     -398.80    53231.48    99999.00
1958-02-10 16:55:00.000 041   18992.64     -398.76    53231.62    99999.00
1958-02-10 16:56:00.000 041   18992.70     -398.69    53231.78    99999.00
1958-02-10 16:57:00.000 041   18992.85     -398.58    53231.95    99999.00
1958-02-10 16:58:00.000 041   18993.08     -398.45    53232.14    99999.00
1958-02-10 16:59:00.000 041   18993.40     -398.28    53232.34    99999.00
1958-02-10 17:00:00.000 041   18993.83     -398.09    53232.55    99999.00
1958-02-10 17:01:00.000 041   18994.38     -397.86    53232.77    99999.00
1958-02-10 17:02:00.000 041   18995.05     -397.62    53233.01    99999.00
1958-02-10 17:03:00.000 041   18995.88     -397.34    53233.27    99999.00
1958-02-10 17:04:00.000 041   18996.98     -397.05    53233.54    99999.00
1958-02-10 17:05:00.000 041   18998.52     -396.73    53233.83    99999.00
1958-02-10 17:06:00.000 041   19000.45     -396.41    53234.15    99999.00
1958-02-10 17:07:00.000 041   19002.08     -396.09    53234.47    99999.00
1958-02-10 17:08:00.000 041   19003.11     -395.80    53234.81    99999.00
1958-02-10 17:09:00.000 041   19003.72     -395.56    53235.15    99999.00
1958-02-10 17:10:00.000 041   19004.08     -395.39    53235.52    99999.00
1958-02-10 17:11:00.000 041   19004.26     -395.31    53235.89    99999.00
1958-02-10 17:12:00.000 041   19004.34     -395.32    53236.28    99999.00
1958-02-10 17:13:00.000 041   19004.35     -395.43    53236.68    99999.00
1958-02-10 17:14:00.000 041   19004.31     -395.62    53237.08    99999.00
1958-02-10 17:15:00.000 041   19004.24     -395.86    53237.49    99999.00
1958-02-10 17:16:00.000 041   19004.13     -396.13    53237.91    99999.00
1958-02-10 17:17:00.000 041   19004.00     -396.42    53238.33    99999.00
1958-02-10 17:18:00.000 041   19003.86     -396.71    53238.75    99999.00
1958-02-10 17:19:00.000 041   19003.70     -396.99    53239.18    99999.00
1958-02-10 17:20:00.000 041   19003.54     -397.26    53239.61    99999.00
1958-02-10 17:21:00.000 041   19003.36     -397.51    53240.04    99999.00
1958-02-10 17:22:00.000 041   19003.18     -397.74    53240.47    99999.00
1958-02-10 17:23:00.000 041   19003.00     -397.96    53240.89    99999.00
1958-02-10 17:24:00.000 041   19002.81     -398.16    53241.31    99999.00
1958-02-10 17:25:00.000 041   19002.63     -398.33    53241.73    99999.00
1958-02-10 17:26:00.000 041   19002.44     -398.50    53242.14    99999.00
1958-02-10 17:27:00.000 041   19002.27     -398.64    53242.54    99999.00
1958-02-10 17:28:00.000 041   19002.10     -398.77    53242.95    99999.00
1958-02-10 17:29:00.000 041   19001.94     -398.88    53243.34    99999.00
1958-02-10 17:30:00.000 041   19001.81     -398.98    53243.73    99999.00
1958-02-10 17:31:00.000 041   19001.69     -399.07    53244.10    99999.00
1958-02-10 17:32:00.000 041   19001.59     -399.15    53244.47    99999.00
1958-02-10 17:33:00.000 041   19001.52     -399.22    53244.82    99999.00
1958-02-10 17:34:00.000 041   19001.49     -399.29    53245.17    99999.00
1958-02-10 17:35:00.000 041   19001.50     -399.34    53245.50    99999.00
1958-02-10 17:36:00.000 041   19001.55     -399.39    53245.83    99999.00
1958-02-10 17:37:00.000 041   19001.67     -399.44    53246.14    99999.00
1958-02-10 17:38:00.000 041   19001.86     -399.48    53246.44    99999.00
1958-02-10 17:39:00.000 041   19002.13     -399.51    53246.73    99999.00
1958-02-10 17:40:00.000 041   19002.50     -399.54    53247.01    99999.00
1958-02-10 17:41:00.000 041   19002.98     -399.57    53247.28    99999.00
1958-02-10 17:42:00.000 041   19003.58     -399.59    53247.53    99999.00
1958-02-10 17:43:00.000 041   19004.30     -399.61    53247.77    99999.00
1958-02-10 17:44:00.000 041   19005.10     -399.63    53248.00    99999.00
1958-02-10 17:45:00.000 041   19005.98     -399.64    53248.22    99999.00
1958-02-10 17:46:00.000 041   19006.90     -399.65    53248.43    99999.00
1958-02-10 17:47:00.000 041   19007.83     -399.66    53248.62    99999.00
1958-02-10 17:48:00.000 041   19008.75     -399.67    53248.80    99999.00
1958-02-10 17:49:00.000 041   19009.65     -399.68    53248.98    99999.00
1958-02-10 17:50:00.000 041   19010.51     -399.68    53249.14    99999.00
1958-02-10 17:51:00.000 041   19011.33     -399.68    53249.29    99999.00
1958-02-10 17:52:00.000 041   19012.11     -399.68    53249.44    99999.00
1958-02-10 17:53:00.000 041   19012.86     -399.68    53249.57    99999.00
1958-02-10 17:54:00.000 041   19013.57     -399.68    53249.70    99999.00
1958-02-10 17:55:00.000 041   19014.26     -399.68    53249.82    99999.00
1958-02-10 17:56:00.000 041   19014.92     -399.68    53249.93    99999.00
1958-02-10 17:57:00.000 041   19015.57     -399.68    53250.04    99999.00
1958-02-10 17:58:00.000 041   19016.19     -399.68    53250.14    99999.00
1958-02-10 17:59:00.000 041   19016.79     -399.67    53250.23    99999.00
1958-02-10 18:00:00.000 041   19017.37     -399.67    53250.32    99999.00
1958-02-10 18:01:00.000 041   19017.93     -399.67    53250.39    99999.00
1958-02-10 18:02:00.000 041   19018.48     -399.67    53250.47    99999.00
1958-02-10 18:03:00.000 041   19019.00     -399.66    53250.54    99999.00
1958-02-10 18:04:00.000 041   19019.52     -399.66    53250.59    99999.00
1958-02-10 18:05:00.000 041   19020.01     -399.66    53250.65    99999.00
1958-02-10 18:06:00.000 041   19020.48     -399.66    53250.71    99999.00
1958-02-10 18:07:00.000 041   19020.93     -399.66    53250.75    99999.00
1958-02-10 18:08:00.000 041   19021.36     -399.66    53250.79    99999.00
1958-02-10 18:09:00.000 041   19021.76     -399.66    53250.83    99999.00
1958-02-10 18:10:00.000 041   19022.14     -399.66    53250.85    99999.00
1958-02-10 18:11:00.000 041   19022.49     -399.66    53250.88    99999.00
1958-02-10 18:12:00.000 041   19022.81     -399.66    53250.90    99999.00
1958-02-10 18:13:00.000 041   19023.10     -399.66    53250.92    99999.00
1958-02-10 18:14:00.000 041   19023.36     -399.66    53250.92    99999.00
1958-02-10 18:15:00.000 041   19023.59     -399.66    53250.93    99999.00
1958-02-10 18:16:00.000 041   19023.79     -399.67    53250.93    99999.00
1958-02-10 18:17:00.000 041   19023.96     -399.67    53250.92    99999.00
1958-02-10 18:18:00.000 041   19024.10     -399.68    53250.92    99999.00
1958-02-10 18:19:00.000 041   19024.22     -399.69    53250.91    99999.00
1958-02-10 18:20:00.000 041   19024.31     -399.69    53250.89    99999.00
1958-02-10 18:21:00.000 041   19024.38     -399.71    53250.87    99999.00
1958-02-10 18:22:00.000 041   19024.44     -399.72    53250.84    99999.00
1958-02-10 18:23:00.000 041   19024.47     -399.73    53250.81    99999.00
1958-02-10 18:24:00.000 041   19024.50     -399.74    53250.78    99999.00
1958-02-10 18:25:00.000 041   19024.51     -399.76    53250.74    99999.00
1958-02-10 18:26:00.000 041   19024.52     -399.77    53250.69    99999.00
1958-02-10 18:27:00.000 041   19024.53     -399.79    53250.64    99999.00
1958-02-10 18:28:00.000 041   19024.53     -399.81    53250.59    99999.00
1958-02-10 18:29:00.000 041   19024.54     -399.83    53250.53    99999.00
1958-02-10 18:30:00.000 041   19024.55     -399.85    53250.47    99999.00
1958-02-10 18:31:00.000 041   19024.57     -399.88    53250.40    99999.00
1958-02-10 18:32:00.000 041   19024.59     -399.90    53250.32    99999.00
1958-02-10 18:33:00.000 041   19024.64     -399.93    53250.24    99999.00
1958-02-10 18:34:00.000 041   19024.69     -399.95    53250.16    99999.00
1958-02-10 18:35:00.000 041   19024.76     -399.98    53250.06    99999.00
1958-02-10 18:36:00.000 041   19024.84     -400.01    53249.97    99999.00
1958-02-10 18:37:00.000 041   19024.95     -400.04    53249.86    99999.00
1958-02-10 18:38:00.000 041   19025.08     -400.07    53249.75    99999.00
1958-02-10 18:39:00.000 041   19025.24     -400.10    53249.63    99999.00
1958-02-10 18:40:00.000 041   19025.43     -400.14    53249.50    99999.00
1958-02-10 18:41:00.000 041   19025.65     -400.17    53249.36    99999.00
1958-02-10 18:42:00.000 041   19025.88     -400.21    53249.21    99999.00
1958-02-10 18:43:00.000 041   19026.13     -400.25    53249.06    99999.00
1958-02-10 18:44:00.000 041   19026.39     -400.28    53248.89    99999.00
1958-02-10 18:45:00.000 041   19026.66     -400.32    53248.71    99999.00
1958-02-10 18:46:00.000 041   19026.91     -400.36    53248.52    99999.00
1958-02-10 18:47:00.000 041   19027.15     -400.40    53248.32    99999.00
1958-02-10 18:48:00.000 041   19027.35     -400.44    53248.11    99999.00
1958-02-10 18:49:00.000 041   19027.52     -400.48    53247.90    99999.00
1958-02-10 18:50:00.000 041   19027.65     -400.51    53247.68    99999.00
1958-02-10 18:51:00.000 041   19027.71     -400.55    53247.46    99999.00
1958-02-10 18:52:00.000 041   19027.69     -400.58    53247.25    99999.00
1958-02-10 18:53:00.000 041   19027.56     -400.62    53247.06    99999.00
1958-02-10 18:54:00.000 041   19027.29     -400.65    53246.90    99999.00
1958-02-10 18:55:00.000 041   19026.90     -400.68    53246.79    99999.00
1958-02-10 18:56:00.000 041   19026.37     -400.70    53246.75    99999.00
1958-02-10 18:57:00.000 041   19025.75     -400.73    53246.82    99999.00
1958-02-10 18:58:00.000 041   19025.06     -400.75    53247.00    99999.00
1958-02-10 18:59:00.000 041   19024.34     -400.77    53247.31    99999.00
1958-02-10 19:00:00.000 041   19023.63     -400.78    53247.74    99999.00
1958-02-10 19:01:00.000 041   19022.98     -400.79    53248.25    99999.00
1958-02-10 19:02:00.000 041   19022.43     -400.80    53248.85    99999.00
1958-02-10 19:03:00.000 041   19022.03     -400.81    53249.49    99999.00
1958-02-10 19:04:00.000 041   19021.81     -400.81    53250.16    99999.00
1958-02-10 19:05:00.000 041   19021.80     -400.82    53250.86    99999.00
1958-02-10 19:06:00.000 041   19022.00     -400.82    53251.56    99999.00
1958-02-10 19:07:00.000 041   19022.36     -400.82    53252.27    99999.00
1958-02-10 19:08:00.000 041   19022.85     -400.83    53252.97    99999.00
1958-02-10 19:09:00.000 041   19023.41     -400.83    53253.65    99999.00
1958-02-10 19:10:00.000 041   19024.01     -400.83    53254.32    99999.00
1958-02-10 19:11:00.000 041   19024.64     -400.84    53254.97    99999.00
1958-02-10 19:12:00.000 041   19025.24     -400.84    53255.57    99999.00
1958-02-10 19:13:00.000 041   19025.81     -400.85    53256.13    99999.00
1958-02-10 19:14:00.000 041   19026.33     -400.86    53256.66    99999.00
1958-02-10 19:15:00.000 041   19026.78     -400.87    53257.13    99999.00
1958-02-10 19:16:00.000 041   19027.14     -400.89    53257.54    99999.00
1958-02-10 19:17:00.000 041   19027.40     -400.91    53257.90    99999.00
1958-02-10 19:18:00.000 041   19027.55     -400.93    53258.17    99999.00
1958-02-10 19:19:00.000 041   19027.58     -400.95    53258.37    99999.00
1958-02-10 19:20:00.000 041   19027.53     -400.97    53258.48    99999.00
1958-02-10 19:21:00.000 041   19027.40     -400.99    53258.53    99999.00
1958-02-10 19:22:00.000 041   19027.21     -401.01    53258.51    99999.00
1958-02-10 19:23:00.000 041   19026.97     -401.03    53258.43    99999.00
1958-02-10 19:24:00.000 041   19026.70     -401.04    53258.30    99999.00
1958-02-10 19:25:00.000 041   19026.42     -401.05    53258.12    99999.00
1958-02-10 19:26:00.000 041   19026.12     -401.06    53257.90    99999.00
1958-02-10 19:27:00.000 041   19025.83     -401.06    53257.66    99999.00
1958-02-10 19:28:00.000 041   19025.57     -401.05    53257.40    99999.00
1958-02-10 19:29:00.000 041   19025.36     -401.03    53257.12    99999.00
1958-02-10 19:30:00.000 041   19025.24     -401.01    53256.86    99999.00
1958-02-10 19:31:00.000 041   19025.25     -400.97    53256.60    99999.00
1958-02-10 19:32:00.000 041   19025.46     -400.91    53256.37    99999.00
1958-02-10 19:33:00.000 041   19026.04     -400.84    53256.21    99999.00
1958-02-10 19:34:00.000 041   19027.08     -400.75    53256.10    99999.00
1958-02-10 19:35:00.000 041   19028.74     -400.63    53256.11    99999.00
1958-02-10 19:36:00.000 041   19031.09     -400.50    53256.27    99999.00
1958-02-10 19:37:00.000 041   19030.49     -400.34    53256.63    99999.00
1958-02-10 19:38:00.000 041   19024.17     -400.16    53257.20    99999.00
1958-02-10 19:39:00.000 041   19029.01     -399.97    53257.95    99999.00
1958-02-10 19:40:00.000 041   19035.99     -399.78    53258.84    99999.00
1958-02-10 19:41:00.000 041   19041.29     -399.58    53259.81    99999.00
1958-02-10 19:42:00.000 041   19044.51     -399.40    53260.80    99999.00
1958-02-10 19:43:00.000 041   19045.78     -399.24    53261.78    99999.00
1958-02-10 19:44:00.000 041   19045.59     -399.11    53262.70    99999.00
1958-02-10 19:45:00.000 041   19044.53     -399.02    53263.57    99999.00
1958-02-10 19:46:00.000 041   19042.94     -398.99    53264.38    99999.00
1958-02-10 19:47:00.000 041   19041.07     -399.01    53265.13    99999.00
1958-02-10 19:48:00.000 041   19039.06     -399.07    53265.82    99999.00
1958-02-10 19:49:00.000 041   19037.03     -399.16    53266.45    99999.00
1958-02-10 19:50:00.000 041   19035.09     -399.27    53267.03    99999.00
1958-02-10 19:51:00.000 041   19033.31     -399.39    53267.56    99999.00
1958-02-10 19:52:00.000 041   19031.77     -399.51    53268.05    99999.00
1958-02-10 19:53:00.000 041   19030.47     -399.63    53268.50    99999.00
1958-02-10 19:54:00.000 041   19029.41     -399.73    53268.91    99999.00
1958-02-10 19:55:00.000 041   19028.55     -399.81    53269.29    99999.00
1958-02-10 19:56:00.000 041   19027.87     -399.87    53269.65    99999.00
1958-02-10 19:57:00.000 041   19027.36     -399.91    53269.98    99999.00
1958-02-10 19:58:00.000 041   19027.01     -399.92    53270.28    99999.00
1958-02-10 19:59:00.000 041   19026.78     -399.90    53270.57    99999.00
1958-02-10 20:00:00.000 041   19026.66     -399.86    53270.84    99999.00
1958-02-10 20:01:00.000 041   19026.66     -399.81    53271.09    99999.00
1958-02-10 20:02:00.000 041   19026.73     -399.73    53271.32    99999.00
1958-02-10 20:03:00.000 041   19026.88     -399.65    53271.54    99999.00
1958-02-10 20:04:00.000 041   19027.10     -399.55    53271.75    99999.00
1958-02-10 20:05:00.000 041   19027.38     -399.44    53271.93    99999.00
1958-02-10 20:06:00.000 041   19027.70     -399.32    53272.11    99999.00
1958-02-10 20:07:00.000 041   19028.07     -399.20    53272.26    99999.00
1958-02-10 20:08:00.000 041   19028.46     -399.06    53272.42    99999.00
1958-02-10 20:09:00.000 041   19028.89     -398.93    53272.55    99999.00
1958-02-10 20:10:00.000 041   19029.34     -398.79    53272.67    99999.00
1958-02-10 20:11:00.000 041   19029.81     -398.64    53272.78    99999.00
1958-02-10 20:12:00.000 041   19030.29     -398.50    53272.88    99999.00
1958-02-10 20:13:00.000 041   19030.79     -398.35    53272.96    99999.00
1958-02-10 20:14:00.000 041   19031.29     -398.20    53273.03    99999.00
1958-02-10 20:15:00.000 041   19031.80     -398.06    53273.09    99999.00
1958-02-10 20:16:00.000 041   19032.31     -397.92    53273.14    99999.00
1958-02-10 20:17:00.000 041   19032.82     -397.78    53273.18    99999.00
1958-02-10 20:18:00.000 041   19033.34     -397.66    53273.21    99999.00
1958-02-10 20:19:00.000 041   19033.85     -397.53    53273.22    99999.00
1958-02-10 20:20:00.000 041   19034.34     -397.42    53273.22    99999.00
1958-02-10 20:21:00.000 041   19034.84     -397.32    53273.21    99999.00
1958-02-10 20:22:00.000 041   19035.32     -397.23    53273.19    99999.00
1958-02-10 20:23:00.000 041   19035.79     -397.15    53273.16    99999.00
1958-02-10 20:24:00.000 041   19036.24     -397.09    53273.12    99999.00
1958-02-10 20:25:00.000 041   19036.68     -397.05    53273.06    99999.00
1958-02-10 20:26:00.000 041   19037.10     -397.02    53272.99    99999.00
1958-02-10 20:27:00.000 041   19037.50     -397.01    53272.91    99999.00
1958-02-10 20:28:00.000 041   19037.87     -397.01    53272.82    99999.00
1958-02-10 20:29:00.000 041   19038.24     -397.03    53272.72    99999.00
1958-02-10 20:30:00.000 041   19038.57     -397.07    53272.59    99999.00
1958-02-10 20:31:00.000 041   19038.89     -397.12    53272.46    99999.00
1958-02-10 20:32:00.000 041   19039.17     -397.17    53272.31    99999.00
1958-02-10 20:33:00.000 041   19039.44     -397.24    53272.15    99999.00
1958-02-10 20:34:00.000 041   19039.69     -397.30    53271.98    99999.00
1958-02-10 20:35:00.000 041   19039.90     -397.37    53271.80    99999.00
1958-02-10 20:36:00.000 041   19040.09     -397.43    53271.60    99999.00
1958-02-10 20:37:00.000 041   19040.26     -397.50    53271.39    99999.00
1958-02-10 20:38:00.000 041   19040.41     -397.56    53271.17    99999.00
1958-02-10 20:39:00.000 041   19040.52     -397.61    53270.94    99999.00
1958-02-10 20:40:00.000 041   19040.62     -397.66    53270.70    99999.00
1958-02-10 20:41:00.000 041   19040.69     -397.69    53270.45    99999.00
1958-02-10 20:42:00.000 041   19040.74     -397.72    53270.19    99999.00
1958-02-10 20:43:00.000 041   19040.76     -397.73    53269.91    99999.00
1958-02-10 20:44:00.000 041   19040.77     -397.73    53269.64    99999.00
1958-02-10 20:45:00.000 041   19040.75     -397.71    53269.36    99999.00
1958-02-10 20:46:00.000 041   19040.73     -397.68    53269.07    99999.00
1958-02-10 20:47:00.000 041   19040.68     -397.64    53268.78    99999.00
1958-02-10 20:48:00.000 041   19040.62     -397.58    53268.47    99999.00
1958-02-10 20:49:00.000 041   19040.55     -397.51    53268.17    99999.00
1958-02-10 20:50:00.000 041   19040.48     -397.44    53267.86    99999.00
1958-02-10 20:51:00.000 041   19040.39     -397.35    53267.55    99999.00
1958-02-10 20:52:00.000 041   19040.30     -397.26    53267.23    99999.00
1958-02-10 20:53:00.000 041   19040.19     -397.16    53266.92    99999.00
1958-02-10 20:54:00.000 041   19040.09     -397.06    53266.60    99999.00
1958-02-10 20:55:00.000 041   19039.98     -396.96    53266.28    99999.00
1958-02-10 20:56:00.000 041   19039.87     -396.85    53265.96    99999.00
1958-02-10 20:57:00.000 041   19039.76     -396.74    53265.65    99999.00
1958-02-10 20:58:00.000 041   19039.64     -396.63    53265.33    99999.00
1958-02-10 20:59:00.000 041   19039.53     -396.53    53265.01    99999.00
1958-02-10 21:00:00.000 041   19039.43     -396.42    53264.71    99999.00
1958-02-10 21:01:00.000 041   19039.32     -396.32    53264.39    99999.00
1958-02-10 21:02:00.000 041   19039.22     -396.22    53264.09    99999.00
1958-02-10 21:03:00.000 041   19039.12     -396.13    53263.80    99999.00
1958-02-10 21:04:00.000 041   19039.03     -396.05    53263.50    99999.00
1958-02-10 21:05:00.000 041   19038.96     -395.97    53263.22    99999.00
1958-02-10 21:06:00.000 041   19038.88     -395.89    53262.93    99999.00
1958-02-10 21:07:00.000 041   19038.82     -395.83    53262.67    99999.00
1958-02-10 21:08:00.000 041   19038.77     -395.78    53262.40    99999.00
1958-02-10 21:09:00.000 041   19038.73     -395.73    53262.15    99999.00
1958-02-10 21:10:00.000 041   19038.72     -395.69    53261.91    99999.00
1958-02-10 21:11:00.000 041   19038.71     -395.65    53261.68    99999.00
1958-02-10 21:12:00.000 041   19038.72     -395.62    53261.46    99999.00
1958-02-10 21:13:00.000 041   19038.74     -395.60    53261.26    99999.00
1958-02-10 21:14:00.000 041   19038.78     -395.58    53261.07    99999.00
1958-02-10 21:15:00.000 041   19038.82     -395.56    53260.89    99999.00
1958-02-10 21:16:00.000 041   19038.88     -395.55    53260.73    99999.00
1958-02-10 21:17:00.000 041   19038.95     -395.54    53260.58    99999.00
1958-02-10 21:18:00.000 041   19039.03     -395.53    53260.46    99999.00
1958-02-10 21:19:00.000 041   19039.10     -395.53    53260.33    99999.00
1958-02-10 21:20:00.000 041   19039.20     -395.52    53260.23    99999.00
1958-02-10 21:21:00.000 041   19039.29     -395.52    53260.14    99999.00
1958-02-10 21:22:00.000 041   19039.40     -395.52    53260.06    99999.00
1958-02-10 21:23:00.000 041   19039.50     -395.51    53260.00    99999.00
1958-02-10 21:24:00.000 041   19039.61     -395.51    53259.94    99999.00
1958-02-10 21:25:00.000 041   19039.71     -395.50    53259.90    99999.00
1958-02-10 21:26:00.000 041   19039.82     -395.49    53259.87    99999.00
1958-02-10 21:27:00.000 041   19039.93     -395.48    53259.85    99999.00
1958-02-10 21:28:00.000 041   19040.02     -395.46    53259.84    99999.00
1958-02-10 21:29:00.000 041   19040.12     -395.44    53259.84    99999.00
1958-02-10 21:30:00.000 041   19040.19     -395.42    53259.86    99999.00
1958-02-10 21:31:00.000 041   19040.27     -395.39    53259.88    99999.00
1958-02-10 21:32:00.000 041   19040.33     -395.37    53259.92    99999.00
1958-02-10 21:33:00.000 041   19040.37     -395.34    53259.96    99999.00
1958-02-10 21:34:00.000 041   19040.42     -395.32    53260.01    99999.00
1958-02-10 21:35:00.000 041   19040.43     -395.30    53260.07    99999.00
1958-02-10 21:36:00.000 041   19040.44     -395.27    53260.14    99999.00
1958-02-10 21:37:00.000 041   19040.43     -395.26    53260.21    99999.00
1958-02-10 21:38:00.000 041   19040.41     -395.25    53260.30    99999.00
1958-02-10 21:39:00.000 041   19040.37     -395.24    53260.39    99999.00
1958-02-10 21:40:00.000 041   19040.31     -395.24    53260.49    99999.00
1958-02-10 21:41:00.000 041   19040.22     -395.25    53260.59    99999.00
1958-02-10 21:42:00.000 041   19040.12     -395.26    53260.71    99999.00
1958-02-10 21:43:00.000 041   19039.98     -395.28    53260.83    99999.00
1958-02-10 21:44:00.000 041   19039.82     -395.32    53260.95    99999.00
1958-02-10 21:45:00.000 041   19039.61     -395.36    53261.08    99999.00
1958-02-10 21:46:00.000 041   19039.37     -395.41    53261.21    99999.00
1958-02-10 21:47:00.000 041   19039.08     -395.47    53261.35    99999.00
1958-02-10 21:48:00.000 041   19038.72     -395.54    53261.49    99999.00
1958-02-10 21:49:00.000 041   19038.26     -395.61    53261.63    99999.00
1958-02-10 21:50:00.000 041   19037.68     -395.69    53261.78    99999.00
1958-02-10 21:51:00.000 041   19036.95     -395.78    53261.93    99999.00
1958-02-10 21:52:00.000 041   19036.03     -395.87    53262.08    99999.00
1958-02-10 21:53:00.000 041   19034.95     -395.97    53262.23    99999.00
1958-02-10 21:54:00.000 041   19033.78     -396.07    53262.38    99999.00
1958-02-10 21:55:00.000 041   19032.76     -396.17    53262.53    99999.00
1958-02-10 21:56:00.000 041   19032.07     -396.28    53262.68    99999.00
1958-02-10 21:57:00.000 041   19031.76     -396.38    53262.83    99999.00
1958-02-10 21:58:00.000 041   19031.69     -396.49    53262.98    99999.00
1958-02-10 21:59:00.000 041   19031.76     -396.61    53263.12    99999.00
1958-02-10 22:00:00.000 041   19031.90     -396.72    53263.26    99999.00
1958-02-10 22:01:00.000 041   19032.05     -396.83    53263.40    99999.00
1958-02-10 22:02:00.000 041   19032.19     -396.94    53263.55    99999.00
1958-02-10 22:03:00.000 041   19032.27     -397.05    53263.68    99999.00
1958-02-10 22:04:00.000 041   19032.26     -397.16    53263.81    99999.00
1958-02-10 22:05:00.000 041   19032.05     -397.26    53263.94    99999.00
1958-02-10 22:06:00.000 041   19031.55     -397.35    53264.07    99999.00
1958-02-10 22:07:00.000 041   19030.66     -397.45    53264.19    99999.00
1958-02-10 22:08:00.000 041   19029.36     -397.53    53264.30    99999.00
1958-02-10 22:09:00.000 041   19027.82     -397.61    53264.42    99999.00
1958-02-10 22:10:00.000 041   19026.99     -397.68    53264.52    99999.00
1958-02-10 22:11:00.000 041   19028.78     -397.75    53264.63    99999.00
1958-02-10 22:12:00.000 041   19030.56     -397.81    53264.72    99999.00
1958-02-10 22:13:00.000 041   19030.70     -397.86    53264.82    99999.00
1958-02-10 22:14:00.000 041   19029.69     -397.90    53264.91    99999.00
1958-02-10 22:15:00.000 041   19028.12     -397.94    53264.99    99999.00
1958-02-10 22:16:00.000 041   19026.30     -397.97    53265.07    99999.00
1958-02-10 22:17:00.000 041   19024.41     -398.00    53265.14    99999.00
1958-02-10 22:18:00.000 041   19022.55     -398.01    53265.20    99999.00
1958-02-10 22:19:00.000 041   19020.99     -398.02    53265.27    99999.00
1958-02-10 22:20:00.000 041   19020.80     -398.03    53265.33    99999.00
1958-02-10 22:21:00.000 041   19024.08     -398.03    53265.39    99999.00
1958-02-10 22:22:00.000 041   19025.91     -398.03    53265.44    99999.00
1958-02-10 22:23:00.000 041   19026.50     -398.02    53265.49    99999.00
1958-02-10 22:24:00.000 041   19026.59     -398.01    53265.53    99999.00
1958-02-10 22:25:00.000 041   19026.43     -397.99    53265.57    99999.00
1958-02-10 22:26:00.000 041   19026.12     -397.97    53265.61    99999.00
1958-02-10 22:27:00.000 041   19025.72     -397.95    53265.64    99999.00
1958-02-10 22:28:00.000 041   19025.23     -397.93    53265.66    99999.00
1958-02-10 22:29:00.000 041   19024.68     -397.91    53265.69    99999.00
1958-02-10 22:30:00.000 041   19024.09     -397.89    53265.71    99999.00
1958-02-10 22:31:00.000 041   19023.44     -397.86    53265.74    99999.00
1958-02-10 22:32:00.000 041   19022.77     -397.84    53265.75    99999.00
1958-02-10 22:33:00.000 041   19022.06     -397.82    53265.77    99999.00
1958-02-10 22:34:00.000 041   19021.33     -397.79    53265.78    99999.00
1958-02-10 22:35:00.000 041   19020.63     -397.77    53265.78    99999.00
1958-02-10 22:36:00.000 041   19020.08     -397.75    53265.79    99999.00
1958-02-10 22:37:00.000 041   19019.81     -397.73    53265.79    99999.00
1958-02-10 22:38:00.000 041   19019.99     -397.71    53265.79    99999.00
1958-02-10 22:39:00.000 041   19020.63     -397.69    53265.79    99999.00
1958-02-10 22:40:00.000 041   19021.65     -397.68    53265.79    99999.00
1958-02-10 22:41:00.000 041   19022.90     -397.67    53265.78    99999.00
1958-02-10 22:42:00.000 041   19024.29     -397.67    53265.78    99999.00
1958-02-10 22:43:00.000 041   19025.72     -397.67    53265.76    99999.00
1958-02-10 22:44:00.000 041   19027.15     -397.68    53265.75    99999.00
1958-02-10 22:45:00.000 041   19028.55     -397.70    53265.74    99999.00
1958-02-10 22:46:00.000 041   19029.85     -397.74    53265.71    99999.00
1958-02-10 22:47:00.000 041   19030.99     -397.79    53265.70    99999.00
1958-02-10 22:48:00.000 041   19031.87     -397.86    53265.67    99999.00
1958-02-10 22:49:00.000 041   19032.23     -397.95    53265.65    99999.00
1958-02-10 22:50:00.000 041   19031.72     -398.05    53265.62    99999.00
1958-02-10 22:51:00.000 041   19030.30     -398.18    53265.58    99999.00
1958-02-10 22:52:00.000 041   19028.61     -398.32    53265.55    99999.00
1958-02-10 22:53:00.000 041   19027.24     -398.46    53265.52    99999.00
1958-02-10 22:54:00.000 041   19026.30     -398.59    53265.48    99999.00
1958-02-10 22:55:00.000 041   19025.73     -398.70    53265.45    99999.00
1958-02-10 22:56:00.000 041   19025.43     -398.78    53265.41    99999.00
1958-02-10 22:57:00.000 041   19025.30     -398.82    53265.36    99999.00
1958-02-10 22:58:00.000 041   19025.28     -398.82    53265.32    99999.00
1958-02-10 22:59:00.000 041   19025.34     -398.79    53265.27    99999.00
1958-02-10 23:00:00.000 041   19025.47     -398.73    53265.21    99999.00
1958-02-10 23:01:00.000 041   19025.64     -398.65    53265.16    99999.00
1958-02-10 23:02:00.000 041   19025.86     -398.56    53265.11    99999.00
1958-02-10 23:03:00.000 041   19026.10     -398.46    53265.05    99999.00
1958-02-10 23:04:00.000 041   19026.36     -398.34    53265.00    99999.00
1958-02-10 23:05:00.000 041   19026.64     -398.23    53264.93    99999.00
1958-02-10 23:06:00.000 041   19026.91     -398.10    53264.87    99999.00
1958-02-10 23:07:00.000 041   19027.18     -397.97    53264.81    99999.00
1958-02-10 23:08:00.000 041   19027.40     -397.84    53264.74    99999.00
1958-02-10 23:09:00.000 041   19027.51     -397.70    53264.67    99999.00
1958-02-10 23:10:00.000 041   19027.57     -397.56    53264.60    99999.00
1958-02-10 23:11:00.000 041   19027.84     -397.42    53264.53    99999.00
1958-02-10 23:12:00.000 041   19028.41     -397.28    53264.45    99999.00
1958-02-10 23:13:00.000 041   19029.13     -397.14    53264.38    99999.00
1958-02-10 23:14:00.000 041   19029.92     -397.01    53264.30    99999.00
1958-02-10 23:15:00.000 041   19030.74     -396.87    53264.21    99999.00
1958-02-10 23:16:00.000 041   19031.57     -396.74    53264.13    99999.00
1958-02-10 23:17:00.000 041   19032.41     -396.62    53264.05    99999.00
1958-02-10 23:18:00.000 041   19033.25     -396.51    53263.96    99999.00
1958-02-10 23:19:00.000 041   19034.09     -396.40    53263.87    99999.00
1958-02-10 23:20:00.000 041   19034.91     -396.31    53263.78    99999.00
1958-02-10 23:21:00.000 041   19035.74     -396.23    53263.69    99999.00
1958-02-10 23:22:00.000 041   19036.54     -396.18    53263.60    99999.00
1958-02-10 23:23:00.000 041   19037.33     -396.14    53263.51    99999.00
1958-02-10 23:24:00.000 041   19038.10     -396.13    53263.42    99999.00
1958-02-10 23:25:00.000 041   19038.85     -396.14    53263.32    99999.00
1958-02-10 23:26:00.000 041   19039.55     -396.19    53263.22    99999.00
1958-02-10 23:27:00.000 041   19040.22     -396.27    53263.13    99999.00
1958-02-10 23:28:00.000 041   19040.83     -396.38    53263.03    99999.00
1958-02-10 23:29:00.000 041   19041.35     -396.50    53262.93    99999.00
1958-02-10 23:30:00.000 041   19041.76     -396.64    53262.83    99999.00
1958-02-10 23:31:00.000 041   19042.03     -396.76    53262.73    99999.00
1958-02-10 23:32:00.000 041   19042.18     -396.87    53262.63    99999.00
1958-02-10 23:33:00.000 041   19042.18     -396.94    53262.53    99999.00
1958-02-10 23:34:00.000 041   19042.12     -396.98    53262.43    99999.00
1958-02-10 23:35:00.000 041   19042.11     -396.97    53262.32    99999.00
1958-02-10 23:36:00.000 041   19042.26     -396.92    53262.22    99999.00
1958-02-10 23:37:00.000 041   19042.59     -396.81    53262.12    99999.00
1958-02-10 23:38:00.000 041   19043.08     -396.65    53262.02    99999.00
1958-02-10 23:39:00.000 041   19043.66     -396.46    53261.91    99999.00
1958-02-10 23:40:00.000 041   19044.30     -396.26    53261.81    99999.00
1958-02-10 23:41:00.000 041   19045.00     -396.04    53261.70    99999.00
1958-02-10 23:42:00.000 041   19045.71     -395.82    53261.60    99999.00
1958-02-10 23:43:00.000 041   19046.45     -395.62    53261.49    99999.00
1958-02-10 23:44:00.000 041   19047.20     -395.43    53261.39    99999.00
1958-02-10 23:45:00.000 041   19047.93     -395.26    53261.28    99999.00
1958-02-10 23:46:00.000 041   19048.66     -395.11    53261.18    99999.00
1958-02-10 23:47:00.000 041   19049.35     -395.00    53261.08    99999.00
1958-02-10 23:48:00.000 041   19049.99     -394.92    53260.98    99999.00
1958-02-10 23:49:00.000 041   19050.55     -394.87    53260.87    99999.00
1958-02-10 23:50:00.000 041   19051.03     -394.85    53260.77    99999.00
1958-02-10 23:51:00.000 041   19051.39     -394.85    53260.67    99999.00
1958-02-10 23:52:00.000 041   19051.64     -394.88    53260.57    99999.00
1958-02-10 23:53:00.000 041   19051.77     -394.92    53260.47    99999.00
1958-02-10 23:54:00.000 041   19051.80     -394.97    53260.37    99999.00
1958-02-10 23:55:00.000 041   19051.72     -395.03    53260.27    99999.00
1958-02-10 23:56:00.000 041   19051.57     -395.09    53260.17    99999.00
1958-02-10 23:57:00.000 041   19051.34     -395.16    53260.08    99999.00
1958-02-10 23:58:00.000 041   19051.09     -395.23    53259.99    99999.00
1958-02-10 23:59:00.000 041   19050.79     -395.29    53259.89    99999.00
1958-02-11 00:00:00.000 042   19050.48     -395.35    53259.80    99999.00
1958-02-11 00:01:00.000 042   19050.17     -395.40    53259.71    99999.00
1958-02-11 00:02:00.000 042   19049.87     -395.44    53259.62    99999.00
1958-02-11 00:03:00.000 042   19049.57     -395.47    53259.54    99999.00
1958-02-11 00:04:00.000 042   19049.31     -395.48    53259.45    99999.00
1958-02-11 00:05:00.000 042   19049.09     -395.48    53259.37    99999.00
1958-02-11 00:06:00.000 042   19048.95     -395.46    53259.30    99999.00
1958-02-11 00:07:00.000 042   19048.90     -395.43    53259.22    99999.00
1958-02-11 00:08:00.000 042   19048.97     -395.39    53259.14    99999.00
1958-02-11 00:09:00.000 042   19049.23     -395.35    53259.08    99999.00
1958-02-11 00:10:00.000 042   19049.67     -395.30    53259.01    99999.00
1958-02-11 00:11:00.000 042   19050.32     -395.24    53258.95    99999.00
1958-02-11 00:12:00.000 042   19051.17     -395.17    53258.89    99999.00
1958-02-11 00:13:00.000 042   19052.17     -395.10    53258.85    99999.00
1958-02-11 00:14:00.000 042   19053.26     -395.03    53258.81    99999.00
1958-02-11 00:15:00.000 042   19054.37     -394.96    53258.76    99999.00
1958-02-11 00:16:00.000 042   19055.46     -394.89    53258.72    99999.00
1958-02-11 00:17:00.000 042   19056.50     -394.83    53258.70    99999.00
1958-02-11 00:18:00.000 042   19057.46     -394.77    53258.68    99999.00
1958-02-11 00:19:00.000 042   19058.32     -394.72    53258.67    99999.00
1958-02-11 00:20:00.000 042   19059.02     -394.68    53258.66    99999.00
1958-02-11 00:21:00.000 042   19059.54     -394.65    53258.66    99999.00
1958-02-11 00:22:00.000 042   19059.78     -394.63    53258.67    99999.00
1958-02-11 00:23:00.000 042   19059.62     -394.62    53258.69    99999.00
1958-02-11 00:24:00.000 042   19058.86     -394.62    53258.72    99999.00
1958-02-11 00:25:00.000 042   19057.45     -394.64    53258.75    99999.00
1958-02-11 00:26:00.000 042   19055.51     -394.66    53258.80    99999.00
1958-02-11 00:27:00.000 042   19053.67     -394.71    53258.85    99999.00
1958-02-11 00:28:00.000 042   19053.56     -394.77    53258.92    99999.00
1958-02-11 00:29:00.000 042   19056.04     -394.84    53258.99    99999.00
1958-02-11 00:30:00.000 042   19059.06     -394.94    53259.08    99999.00
1958-02-11 00:31:00.000 042   19060.41     -395.06    53259.18    99999.00
1958-02-11 00:32:00.000 042   19059.56     -395.20    53259.28    99999.00
1958-02-11 00:33:00.000 042   19057.72     -395.34    53259.40    99999.00
1958-02-11 00:34:00.000 042   19055.80     -395.48    53259.52    99999.00
1958-02-11 00:35:00.000 042   19054.68     -395.60    53259.67    99999.00
1958-02-11 00:36:00.000 042   19055.00     -395.70    53259.81    99999.00
1958-02-11 00:37:00.000 042   19056.28     -395.76    53259.97    99999.00
1958-02-11 00:38:00.000 042   19057.61     -395.77    53260.14    99999.00
1958-02-11 00:39:00.000 042   19058.30     -395.74    53260.33    99999.00
1958-02-11 00:40:00.000 042   19058.11     -395.65    53260.52    99999.00
1958-02-11 00:41:00.000 042   19057.31     -395.52    53260.72    99999.00
1958-02-11 00:42:00.000 042   19056.14     -395.35    53260.94    99999.00
1958-02-11 00:43:00.000 042   19054.76     -395.16    53261.16    99999.00
1958-02-11 00:44:00.000 042   19053.29     -394.94    53261.39    99999.00
1958-02-11 00:45:00.000 042   19051.80     -394.72    53261.63    99999.00
1958-02-11 00:46:00.000 042   19050.32     -394.49    53261.87    99999.00
1958-02-11 00:47:00.000 042   19048.91     -394.25    53262.12    99999.00
1958-02-11 00:48:00.000 042   19047.60     -394.02    53262.37    99999.00
1958-02-11 00:49:00.000 042   19046.42     -393.80    53262.63    99999.00
1958-02-11 00:50:00.000 042   19045.46     -393.60    53262.89    99999.00
1958-02-11 00:51:00.000 042   19044.82     -393.41    53263.14    99999.00
1958-02-11 00:52:00.000 042   19044.77     -393.25    53263.39    99999.00
1958-02-11 00:53:00.000 042   19046.00     -393.12    53263.64    99999.00
1958-02-11 00:54:00.000 042   19049.34     -393.02    53263.89    99999.00
1958-02-11 00:55:00.000 042   19052.67     -392.94    53264.14    99999.00
1958-02-11 00:56:00.000 042   19053.52     -392.87    53264.38    99999.00
1958-02-11 00:57:00.000 042   19053.03     -392.83    53264.61    99999.00
1958-02-11 00:58:00.000 042   19052.05     -392.79    53264.83    99999.00
1958-02-11 00:59:00.000 042   19050.90     -392.76    53265.04    99999.00
1958-02-11 01:00:00.000 042   19049.79     -392.73    53265.25    99999.00
1958-02-11 01:01:00.000 042   19049.14     -392.70    53265.44    99999.00
1958-02-11 01:02:00.000 042   19050.12     -392.65    53265.61    99999.00
1958-02-11 01:03:00.000 042   19052.57     -392.59    53265.77    99999.00
1958-02-11 01:04:00.000 042   19052.25     -392.53    53265.91    99999.00
1958-02-11 01:05:00.000 042   19050.99     -392.46    53266.02    99999.00
1958-02-11 01:06:00.000 042   19049.88     -392.40    53266.11    99999.00
1958-02-11 01:07:00.000 042   19049.24     -392.34    53266.17    99999.00
1958-02-11 01:08:00.000 042   19049.27     -392.29    53266.20    99999.00
1958-02-11 01:09:00.000 042   19049.96     -392.25    53266.19    99999.00
1958-02-11 01:10:00.000 042   19051.02     -392.24    53266.13    99999.00
1958-02-11 01:11:00.000 042   19052.15     -392.25    53266.03    99999.00
1958-02-11 01:12:00.000 042   19053.13     -392.29    53265.86    99999.00
1958-02-11 01:13:00.000 042   19053.78     -392.36    53265.62    99999.00
1958-02-11 01:14:00.000 042   19053.96     -392.44    53265.29    99999.00
1958-02-11 01:15:00.000 042   19053.56     -392.51    53264.86    99999.00
1958-02-11 01:16:00.000 042   19052.86     -392.55    53264.28    99999.00
1958-02-11 01:17:00.000 042   19052.43     -392.51    53263.51    99999.00
1958-02-11 01:18:00.000 042   19052.93     -392.36    53262.48    99999.00
1958-02-11 01:19:00.000 042   19055.30     -392.03    53261.10    99999.00
1958-02-11 01:20:00.000 042   19061.32     -391.42    53259.23    99999.00
1958-02-11 01:21:00.000 042   19076.35     -390.32    53256.62    99999.00
1958-02-11 01:22:00.000 042   19133.09     -388.18    53252.61    99999.00
1958-02-11 01:23:00.000 042   19175.37     -382.85    53244.27    99999.00
1958-02-11 01:24:00.000 042   19153.23     -372.86    53240.14    99999.00
1958-02-11 01:25:00.000 042   19130.21     -377.09    53243.98    99999.00
1958-02-11 01:26:00.000 042   19113.62     -380.98    53248.12    99999.00
1958-02-11 01:27:00.000 042   19104.34     -383.34    53251.93    99999.00
1958-02-11 01:28:00.000 042   19100.55     -384.54    53255.04    99999.00
1958-02-11 01:29:00.000 042   19101.49     -384.90    53257.10    99999.00
1958-02-11 01:30:00.000 042   19107.77     -384.50    53257.67    99999.00
1958-02-11 01:31:00.000 042   19121.42     -383.23    53256.59    99999.00
1958-02-11 01:32:00.000 042   19137.71     -381.45    53254.13    99999.00
1958-02-11 01:33:00.000 042   19151.68     -380.27    53250.65    99999.00
1958-02-11 01:34:00.000 042   19161.97     -380.33    53246.74    99999.00
1958-02-11 01:35:00.000 042   19165.83     -381.20    53243.67    99999.00
1958-02-11 01:36:00.000 042   19156.25     -382.31    53244.30    99999.00
1958-02-11 01:37:00.000 042   19143.23     -383.38    53248.47    99999.00
1958-02-11 01:38:00.000 042   19145.68     -384.20    53250.33    99999.00
1958-02-11 01:39:00.000 042   19158.58     -384.65    53248.50    99999.00
1958-02-11 01:40:00.000 042   19173.79     -384.83    53245.18    99999.00
1958-02-11 01:41:00.000 042   19186.80     -384.92    53241.53    99999.00
1958-02-11 01:42:00.000 042   19189.86     -385.12    53238.45    99999.00
1958-02-11 01:43:00.000 042   19158.40     -385.84    53238.24    99999.00
1958-02-11 01:44:00.000 042   19128.41     -388.49    53245.93    99999.00
1958-02-11 01:45:00.000 042   19135.66     -394.53    53250.26    99999.00
1958-02-11 01:46:00.000 042   19146.89     -397.01    53249.35    99999.00
1958-02-11 01:47:00.000 042   19153.05     -397.68    53247.18    99999.00
1958-02-11 01:48:00.000 042   19150.42     -398.15    53244.98    99999.00
1958-02-11 01:49:00.000 042   19138.86     -399.11    53243.37    99999.00
1958-02-11 01:50:00.000 042   19123.96     -400.71    53242.90    99999.00
1958-02-11 01:51:00.000 042   19110.90     -402.30    53244.39    99999.00
1958-02-11 01:52:00.000 042   19104.28     -402.43    53248.24    99999.00
1958-02-11 01:53:00.000 042   19108.68     -400.70    53252.99    99999.00
1958-02-11 01:54:00.000 042   19129.01     -401.63    53255.09    99999.00
1958-02-11 01:55:00.000 042   19164.80     -403.47    53243.74    99999.00
1958-02-11 01:56:00.000 042   19209.40     -399.84    53182.85    99999.00
1958-02-11 01:57:00.000 042   19254.65     -388.64    53168.00    99999.00
1958-02-11 01:58:00.000 042   19289.71     -379.91    53168.95    99999.00
1958-02-11 01:59:00.000 042   19298.62     -381.30    53161.65    99999.00
1958-02-11 02:00:00.000 042   19269.14     -385.47    53151.64    99999.00
1958-02-11 02:01:00.000 042   19203.54     -380.15    53141.03    99999.00
1958-02-11 02:02:00.000 042   19114.19     -380.50    53130.68    99999.00
1958-02-11 02:03:00.000 042   19051.24     -386.97    53121.07    99999.00
1958-02-11 02:04:00.000 042   19052.97     -377.01    53112.54    99999.00
1958-02-11 02:05:00.000 042   19077.94     -378.20    53105.39    99999.00
1958-02-11 02:06:00.000 042   19107.32     -389.51    53099.87    99999.00
1958-02-11 02:07:00.000 042   19135.75     -373.85    53096.25    99999.00
1958-02-11 02:08:00.000 042   19155.45     -383.09    53094.84    99999.00
1958-02-11 02:09:00.000 042   19134.78     -368.47    53095.78    99999.00
1958-02-11 02:10:00.000 042   19129.20     -372.28    53098.76    99999.00
1958-02-11 02:11:00.000 042   19149.63     -357.64    53103.52    99999.00
1958-02-11 02:12:00.000 042   19181.04     -358.55    53109.81    99999.00
1958-02-11 02:13:00.000 042   19220.05     -363.77    53117.40    99999.00
1958-02-11 02:14:00.000 042   19239.77     -364.23    53126.07    99999.00
1958-02-11 02:15:00.000 042   19232.40     -351.78    53135.54    99999.00
1958-02-11 02:16:00.000 042   19235.33     -350.91    53145.42    99999.00
1958-02-11 02:17:00.000 042   19247.84     -355.45    53154.86    99999.00
1958-02-11 02:18:00.000 042   19241.29     -352.97    53160.94    99999.00
1958-02-11 02:19:00.000 042   19273.31     -355.86    53152.50    99999.00
1958-02-11 02:20:00.000 042   19252.32     -354.48    53154.41    99999.00
1958-02-11 02:21:00.000 042   19230.78     -351.43    53165.87    99999.00
1958-02-11 02:22:00.000 042   19220.11     -352.63    53178.37    99999.00
1958-02-11 02:23:00.000 042   19238.59     -354.03    53190.33    99999.00
1958-02-11 02:24:00.000 042   19194.33     -345.32    53200.43    99999.00
1958-02-11 02:25:00.000 042   19176.47     -348.42    53205.80    99999.00
1958-02-11 02:26:00.000 042   19239.59     -348.17    53197.94    99999.00
1958-02-11 02:27:00.000 042   19239.97     -344.54    53174.01    99999.00
1958-02-11 02:28:00.000 042   19229.53     -340.38    53193.59    99999.00
1958-02-11 02:29:00.000 042   19268.52     -337.15    53163.04    99999.00
1958-02-11 02:30:00.000 042   19262.04     -336.59    53186.89    99999.00
1958-02-11 02:31:00.000 042   19256.34     -338.84    53154.28    99999.00
1958-02-11 02:32:00.000 042   19284.52     -339.34    53167.73    99999.00
1958-02-11 02:33:00.000 042   19293.99     -337.32    53149.35    99999.00
1958-02-11 02:34:00.000 042   19288.00     -337.87    53141.24    99999.00
1958-02-11 02:35:00.000 042   19274.82     -339.50    53138.51    99999.00
1958-02-11 02:36:00.000 042   19254.64     -341.94    53141.10    99999.00
1958-02-11 02:37:00.000 042   19219.90     -345.87    53150.95    99999.00
1958-02-11 02:38:00.000 042   19207.36     -351.71    53156.19    99999.00
1958-02-11 02:39:00.000 042   19225.27     -347.98    53147.67    99999.00
1958-02-11 02:40:00.000 042   19206.25     -350.00    53141.75    99999.00
1958-02-11 02:41:00.000 042   19183.68     -354.69    53150.40    99999.00
1958-02-11 02:42:00.000 042   19184.91     -359.36    53161.16    99999.00
1958-02-11 02:43:00.000 042   19223.41     -358.49    53152.73    99999.00
1958-02-11 02:44:00.000 042   19213.88     -355.77    53150.25    99999.00
1958-02-11 02:45:00.000 042   19197.07     -358.11    53157.44    99999.00
1958-02-11 02:46:00.000 042   19185.49     -361.95    53162.61    99999.00
1958-02-11 02:47:00.000 042   19171.59     -366.88    53159.26    99999.00
1958-02-11 02:48:00.000 042   19114.78     -373.50    53152.73    99999.00
1958-02-11 02:49:00.000 042   19149.51     -379.75    53158.98    99999.00
1958-02-11 02:50:00.000 042   19160.94     -375.24    53149.57    99999.00
1958-02-11 02:51:00.000 042   19150.77     -375.68    53144.54    99999.00
1958-02-11 02:52:00.000 042   19122.28     -382.20    53147.79    99999.00
1958-02-11 02:53:00.000 042   19098.44     -386.99    53152.78    99999.00
1958-02-11 02:54:00.000 042   19106.57     -388.06    53158.04    99999.00
1958-02-11 02:55:00.000 042   19113.52     -387.03    53162.70    99999.00
1958-02-11 02:56:00.000 042   19110.12     -385.65    53165.52    99999.00
1958-02-11 02:57:00.000 042   19097.86     -386.80    53163.50    99999.00
1958-02-11 02:58:00.000 042   19080.73     -393.62    53153.23    99999.00
1958-02-11 02:59:00.000 042   19061.70     -388.55    53154.07    99999.00
1958-02-11 03:00:00.000 042   19042.93     -391.95    53172.20    99999.00
1958-02-11 03:01:00.000 042   19028.38     -397.96    53165.81    99999.00
1958-02-11 03:02:00.000 042   19031.35     -397.37    53166.44    99999.00
1958-02-11 03:03:00.000 042   19021.91     -402.69    53176.41    99999.00
1958-02-11 03:04:00.000 042   19024.71     -409.80    53191.53    99999.00
1958-02-11 03:05:00.000 042   19032.85     -410.68    53211.70    99999.00
1958-02-11 03:06:00.000 042   19042.59     -402.35    53237.88    99999.00
1958-02-11 03:07:00.000 042   19052.40     -402.83    53262.70    99999.00
1958-02-11 03:08:00.000 042   19060.89     -398.15    53266.61    99999.00
1958-02-11 03:09:00.000 042   19065.35     -389.98    53254.47    99999.00
1958-02-11 03:10:00.000 042   19061.39     -385.18    53260.70    99999.00
1958-02-11 03:11:00.000 042   19055.02     -390.60    53262.76    99999.00
1958-02-11 03:12:00.000 042   19061.49     -388.22    53238.58    99999.00
1958-02-11 03:13:00.000 042   19063.48     -386.73    53239.65    99999.00
1958-02-11 03:14:00.000 042   19063.68     -390.20    53236.69    99999.00
1958-02-11 03:15:00.000 042   19062.27     -388.25    53228.49    99999.00
1958-02-11 03:16:00.000 042   19058.82     -388.88    53219.92    99999.00
1958-02-11 03:17:00.000 042   19051.83     -391.27    53212.23    99999.00
1958-02-11 03:18:00.000 042   19037.78     -394.13    53206.18    99999.00
1958-02-11 03:19:00.000 042   19020.63     -397.12    53202.57    99999.00
1958-02-11 03:20:00.000 042   19041.43     -400.07    53202.41    99999.00
1958-02-11 03:21:00.000 042   19053.91     -402.81    53207.28    99999.00
1958-02-11 03:22:00.000 042   19034.69     -405.00    53217.62    99999.00
1958-02-11 03:23:00.000 042   19007.47     -405.90    53232.20    99999.00
1958-02-11 03:24:00.000 042   18996.84     -403.84    53248.62    99999.00
1958-02-11 03:25:00.000 042   19051.68     -397.18    53262.89    99999.00
1958-02-11 03:26:00.000 042   19055.73     -391.97    53269.05    99999.00
1958-02-11 03:27:00.000 042   19030.41     -397.71    53261.90    99999.00
1958-02-11 03:28:00.000 042   19048.41     -398.90    53243.87    99999.00
1958-02-11 03:29:00.000 042   19049.94     -396.15    53220.58    99999.00
1958-02-11 03:30:00.000 042   19038.49     -393.57    53203.08    99999.00
1958-02-11 03:31:00.000 042   19024.84     -398.07    53208.30    99999.00
1958-02-11 03:32:00.000 042   19015.55     -395.79    53220.79    99999.00
1958-02-11 03:33:00.000 042   19035.07     -398.01    53218.90    99999.00
1958-02-11 03:34:00.000 042   19085.09     -394.77    53207.30    99999.00
1958-02-11 03:35:00.000 042   19059.40     -393.46    53192.75    99999.00
1958-02-11 03:36:00.000 042   19038.73     -395.90    53179.21    99999.00
1958-02-11 03:37:00.000 042   19065.27     -400.01    53173.39    99999.00
1958-02-11 03:38:00.000 042   19026.99     -404.58    53183.15    99999.00
1958-02-11 03:39:00.000 042   18985.21     -408.94    53188.17    99999.00
1958-02-11 03:40:00.000 042   19006.06     -412.08    53180.56    99999.00
1958-02-11 03:41:00.000 042   19051.23     -410.10    53183.40    99999.00
1958-02-11 03:42:00.000 042   19036.34     -404.62    53196.48    99999.00
1958-02-11 03:43:00.000 042   18990.35     -408.37    53198.91    99999.00
1958-02-11 03:44:00.000 042   18974.64     -411.91    53174.85    99999.00
1958-02-11 03:45:00.000 042   19020.42     -410.29    53185.20    99999.00
1958-02-11 03:46:00.000 042   19023.89     -406.78    53204.62    99999.00
1958-02-11 03:47:00.000 042   18999.72     -408.77    53209.27    99999.00
1958-02-11 03:48:00.000 042   18980.61     -410.40    53200.68    99999.00
1958-02-11 03:49:00.000 042   18992.45     -409.50    53187.49    99999.00
1958-02-11 03:50:00.000 042   19008.73     -407.38    53206.09    99999.00
1958-02-11 03:51:00.000 042   18998.19     -405.03    53208.46    99999.00
1958-02-11 03:52:00.000 042   18992.79     -404.46    53207.12    99999.00
1958-02-11 03:53:00.000 042   19001.50     -405.80    53204.33    99999.00
1958-02-11 03:54:00.000 042   19012.95     -403.99    53200.58    99999.00
1958-02-11 03:55:00.000 042   19020.05     -406.10    53196.01    99999.00
1958-02-11 03:56:00.000 042   19020.33     -404.01    53190.58    99999.00
1958-02-11 03:57:00.000 042   19015.28     -410.40    53183.98    99999.00
1958-02-11 03:58:00.000 042   19005.57     -410.71    53174.96    99999.00
1958-02-11 03:59:00.000 042   18989.44     -409.74    53160.92    99999.00
1958-02-11 04:00:00.000 042   18972.43     -411.59    53163.88    99999.00
1958-02-11 04:01:00.000 042   18986.92     -412.17    53175.20    99999.00
1958-02-11 04:02:00.000 042   18980.65     -410.53    53182.39    99999.00
1958-02-11 04:03:00.000 042   18965.13     -409.06    53182.61    99999.00
1958-02-11 04:04:00.000 042   18949.46     -410.21    53174.92    99999.00
1958-02-11 04:05:00.000 042   18938.49     -413.38    53162.95    99999.00
1958-02-11 04:06:00.000 042   18938.97     -415.81    53150.84    99999.00
1958-02-11 04:07:00.000 042   18953.33     -416.32    53143.45    99999.00
1958-02-11 04:08:00.000 042   18967.76     -415.17    53145.29    99999.00
1958-02-11 04:09:00.000 042   18955.60     -413.20    53154.04    99999.00
1958-02-11 04:10:00.000 042   18980.72     -410.93    53162.26    99999.00
1958-02-11 04:11:00.000 042   18954.48     -409.24    53157.86    99999.00
1958-02-11 04:12:00.000 042   18961.22     -412.06    53149.33    99999.00
1958-02-11 04:13:00.000 042   18977.99     -408.63    53151.47    99999.00
1958-02-11 04:14:00.000 042   18989.68     -405.22    53158.51    99999.00
1958-02-11 04:15:00.000 042   18987.36     -403.81    53161.10    99999.00
1958-02-11 04:16:00.000 042   18969.29     -404.62    53151.23    99999.00
1958-02-11 04:17:00.000 042   18950.31     -406.12    53147.86    99999.00
1958-02-11 04:18:00.000 042   18952.20     -405.41    53155.79    99999.00
1958-02-11 04:19:00.000 042   18976.35     -397.19    53167.37    99999.00
1958-02-11 04:20:00.000 042   18999.71     -397.32    53178.72    99999.00
1958-02-11 04:21:00.000 042   18998.64     -402.34    53187.07    99999.00
1958-02-11 04:22:00.000 042   18978.41     -405.63    53188.58    99999.00
1958-02-11 04:23:00.000 042   18966.61     -405.22    53182.90    99999.00
1958-02-11 04:24:00.000 042   18982.59     -402.40    53176.37    99999.00
1958-02-11 04:25:00.000 042   19010.15     -399.01    53178.16    99999.00
1958-02-11 04:26:00.000 042   19023.01     -395.90    53187.61    99999.00
1958-02-11 04:27:00.000 042   19009.61     -393.38    53197.46    99999.00
1958-02-11 04:28:00.000 042   18994.85     -391.35    53202.54    99999.00
1958-02-11 04:29:00.000 042   18989.11     -389.58    53200.53    99999.00
1958-02-11 04:30:00.000 042   18991.79     -387.91    53194.20    99999.00
1958-02-11 04:31:00.000 042   18999.34     -386.22    53186.84    99999.00
1958-02-11 04:32:00.000 042   19009.40     -384.39    53182.97    99999.00
1958-02-11 04:33:00.000 042   19020.75     -382.52    53187.51    99999.00
1958-02-11 04:34:00.000 042   19032.42     -380.82    53193.63    99999.00
1958-02-11 04:35:00.000 042   19043.06     -379.67    53186.90    99999.00
1958-02-11 04:36:00.000 042   19048.49     -379.82    53179.42    99999.00
1958-02-11 04:37:00.000 042   19035.60     -381.37    53180.08    99999.00
1958-02-11 04:38:00.000 042   19032.75     -382.18    53187.08    99999.00
1958-02-11 04:39:00.000 042   19042.56     -380.95    53195.93    99999.00
1958-02-11 04:40:00.000 042   19053.94     -379.48    53203.94    99999.00
1958-02-11 04:41:00.000 042   19061.92     -379.02    53208.54    99999.00
1958-02-11 04:42:00.000 042   19042.49     -379.82    53207.24    99999.00
1958-02-11 04:43:00.000 042   19035.31     -381.19    53201.52    99999.00
1958-02-11 04:44:00.000 042   19038.96     -382.38    53195.77    99999.00
1958-02-11 04:45:00.000 042   19048.42     -382.28    53196.46    99999.00
1958-02-11 04:46:00.000 042   19070.73     -381.33    53204.27    99999.00
1958-02-11 04:47:00.000 042   19070.35     -382.10    53211.99    99999.00
1958-02-11 04:48:00.000 042   19038.66     -384.33    53204.60    99999.00
1958-02-11 04:49:00.000 042   19020.15     -386.36    53207.47    99999.00
1958-02-11 04:50:00.000 042   19015.34     -386.70    53223.88    99999.00
1958-02-11 04:51:00.000 042   19016.53     -385.87    53239.21    99999.00
1958-02-11 04:52:00.000 042   19018.44     -385.33    53248.58    99999.00
1958-02-11 04:53:00.000 042   19015.63     -385.33    53249.74    99999.00
1958-02-11 04:54:00.000 042   19009.27     -385.68    53244.97    99999.00
1958-02-11 04:55:00.000 042   19013.93     -386.30    53237.51    99999.00
1958-02-11 04:56:00.000 042   19032.13     -387.19    53232.17    99999.00
1958-02-11 04:57:00.000 042   19034.45     -388.43    53243.45    99999.00
1958-02-11 04:58:00.000 042   19023.50     -390.12    53249.44    99999.00
1958-02-11 04:59:00.000 042   19013.89     -391.93    53242.02    99999.00
1958-02-11 05:00:00.000 042   19017.31     -392.91    53241.18    99999.00
1958-02-11 05:01:00.000 042   19028.43     -392.51    53253.52    99999.00
1958-02-11 05:02:00.000 042   19030.94     -391.67    53268.25    99999.00
1958-02-11 05:03:00.000 042   19022.40     -391.79    53275.29    99999.00
1958-02-11 05:04:00.000 042   19009.54     -394.01    53274.46    99999.00
1958-02-11 05:05:00.000 042   18997.64     -394.93    53270.34    99999.00
1958-02-11 05:06:00.000 042   18993.47     -393.77    53266.55    99999.00
1958-02-11 05:07:00.000 042   19023.16     -392.18    53269.79    99999.00
1958-02-11 05:08:00.000 042   19051.82     -391.20    53277.84    99999.00
1958-02-11 05:09:00.000 042   19009.94     -392.33    53277.37    99999.00
1958-02-11 05:10:00.000 042   18993.54     -395.80    53274.45    99999.00
1958-02-11 05:11:00.000 042   19003.32     -396.80    53275.42    99999.00
1958-02-11 05:12:00.000 042   19023.95     -395.00    53290.89    99999.00
1958-02-11 05:13:00.000 042   19045.79     -394.27    53312.47    99999.00
1958-02-11 05:14:00.000 042   19057.55     -394.89    53316.02    99999.00
1958-02-11 05:15:00.000 042   19041.50     -396.08    53309.34    99999.00
1958-02-11 05:16:00.000 042   19012.52     -397.45    53299.51    99999.00
1958-02-11 05:17:00.000 042   19027.33     -398.76    53289.47    99999.00
1958-02-11 05:18:00.000 042   19025.35     -399.85    53283.55    99999.00
1958-02-11 05:19:00.000 042   19013.15     -400.72    53293.25    99999.00
1958-02-11 05:20:00.000 042   19007.62     -401.50    53288.81    99999.00
1958-02-11 05:21:00.000 042   19019.52     -402.34    53279.09    99999.00
1958-02-11 05:22:00.000 042   19010.28     -403.55    53273.02    99999.00
1958-02-11 05:23:00.000 042   18996.41     -405.67    53268.86    99999.00
1958-02-11 05:24:00.000 042   18982.87     -408.03    53265.54    99999.00
1958-02-11 05:25:00.000 042   18972.93     -407.99    53262.62    99999.00
1958-02-11 05:26:00.000 042   18973.58     -407.28    53259.91    99999.00
1958-02-11 05:27:00.000 042   18983.64     -407.29    53257.20    99999.00
1958-02-11 05:28:00.000 042   18981.64     -408.00    53254.32    99999.00
1958-02-11 05:29:00.000 042   18968.88     -409.05    53250.88    99999.00
1958-02-11 05:30:00.000 042   18954.23     -410.21    53246.04    99999.00
1958-02-11 05:31:00.000 042   18945.10     -411.34    53238.01    99999.00
1958-02-11 05:32:00.000 042   18950.22     -412.31    53224.98    99999.00
1958-02-11 05:33:00.000 042   18952.09     -412.92    53216.73    99999.00
1958-02-11 05:34:00.000 042   18949.19     -412.96    53211.84    99999.00
1958-02-11 05:35:00.000 042   18943.57     -412.39    53208.16    99999.00
1958-02-11 05:36:00.000 042   18936.46     -411.48    53205.02    99999.00
1958-02-11 05:37:00.000 042   18928.62     -412.28    53202.08    99999.00
1958-02-11 05:38:00.000 042   18920.39     -411.91    53199.15    99999.00
1958-02-11 05:39:00.000 042   18911.99     -411.06    53196.09    99999.00
1958-02-11 05:40:00.000 042   18903.57     -410.05    53192.80    99999.00
1958-02-11 05:41:00.000 042   18895.28     -408.98    53189.13    99999.00
1958-02-11 05:42:00.000 042   18887.30     -407.87    53184.84    99999.00
1958-02-11 05:43:00.000 042   18879.90     -406.76    53179.39    99999.00
1958-02-11 05:44:00.000 042   18873.57     -405.66    53171.83    99999.00
1958-02-11 05:45:00.000 042   18869.74     -404.62    53161.67    99999.00
1958-02-11 05:46:00.000 042   18873.63     -403.67    53152.63    99999.00
1958-02-11 05:47:00.000 042   18893.64     -402.76    53152.97    99999.00
1958-02-11 05:48:00.000 042   18887.44     -401.84    53155.72    99999.00
1958-02-11 05:49:00.000 042   18875.36     -400.87    53156.06    99999.00
1958-02-11 05:50:00.000 042   18862.23     -399.89    53153.20    99999.00
1958-02-11 05:51:00.000 042   18849.15     -398.90    53147.37    99999.00
1958-02-11 05:52:00.000 042   18836.86     -397.93    53139.50    99999.00
1958-02-11 05:53:00.000 042   18826.21     -396.99    53130.49    99999.00
1958-02-11 05:54:00.000 042   18818.91     -396.11    53120.88    99999.00
1958-02-11 05:55:00.000 042   18818.39     -395.32    53111.11    99999.00
1958-02-11 05:56:00.000 042   18826.63     -394.74    53101.69    99999.00
1958-02-11 05:57:00.000 042   18835.93     -394.86    53093.61    99999.00
1958-02-11 05:58:00.000 042   18832.60     -396.14    53090.62    99999.00
1958-02-11 05:59:00.000 042   18819.19     -395.66    53100.02    99999.00
1958-02-11 06:00:00.000 042   18802.08     -394.72    53096.65    99999.00
1958-02-11 06:01:00.000 042   18784.34     -393.65    53086.90    99999.00
1958-02-11 06:02:00.000 042   18769.21     -392.52    53076.90    99999.00
1958-02-11 06:03:00.000 042   18766.47     -391.38    53068.37    99999.00
1958-02-11 06:04:00.000 042   18783.63     -390.27    53062.81    99999.00
1958-02-11 06:05:00.000 042   18763.60     -389.24    53062.04    99999.00
1958-02-11 06:06:00.000 042   18735.73     -388.34    53066.07    99999.00
1958-02-11 06:07:00.000 042   18717.32     -387.63    53073.53    99999.00
1958-02-11 06:08:00.000 042   18715.74     -387.17    53078.66    99999.00
1958-02-11 06:09:00.000 042   18728.03     -386.99    53066.23    99999.00
1958-02-11 06:10:00.000 042   18743.91     -387.10    53071.25    99999.00
1958-02-11 06:11:00.000 042   18751.26     -387.43    53080.41    99999.00
1958-02-11 06:12:00.000 042   18736.40     -387.89    53089.32    99999.00
1958-02-11 06:13:00.000 042   18710.89     -388.42    53092.36    99999.00
1958-02-11 06:14:00.000 042   18701.78     -388.91    53083.44    99999.00
1958-02-11 06:15:00.000 042   18723.21     -389.06    53093.86    99999.00
1958-02-11 06:16:00.000 042   99999.00     -388.70    53106.02    99999.00
1958-02-11 06:17:00.000 042   99999.00     -389.68    53114.88    99999.00
1958-02-11 06:18:00.000 042   99999.00     -391.18    53117.72    99999.00
1958-02-11 06:19:00.000 042   99999.00     -391.71    53111.88    99999.00
1958-02-11 06:20:00.000 042   99999.00     -398.74    53099.00    99999.00
1958-02-11 06:21:00.000 042   99999.00     -406.08    53084.05    99999.00
1958-02-11 06:22:00.000 042   99999.00     -413.37    53094.68    99999.00
1958-02-11 06:23:00.000 042   99999.00     -420.64    53131.33    99999.00
1958-02-11 06:24:00.000 042   99999.00    99999.00    53105.59    99999.00
1958-02-11 06:25:00.000 042   99999.00    99999.00    53085.42    99999.00
1958-02-11 06:26:00.000 042   99999.00    99999.00    99999.00    99999.00
1958-02-11 06:27:00.000 042   99999.00    99999.00    99999.00    99999.00
1958-02-11 06:28:00.000 042   99999.00    99999.00    99999.00    99999.00
1958-02-11 06:29:00.000 042   99999.00    99999.00    99999.00    99999.00
1958-02-11 06:30:00.000 042   99999.00    99999.00    99999.00    99999.00
1958-02-11 06:31:00.000 042   99999.00    99999.00    99999.00    99999.00
1958-02-11 06:32:00.000 042   99999.00    99999.00    99999.00    99999.00
1958-02-11 06:33:00.000 042   99999.00    99999.00    99999.00    99999.00
1958-02-11 06:34:00.000 042   99999.00    99999.00    99999.00    99999.00
1958-02-11 06:35:00.000 042   99999.00    99999.00    99999.00    99999.00
1958-02-11 06:36:00.000 042   99999.00    99999.00    99999.00    99999.00
1958-02-11 06:37:00.000 042   99999.00    99999.00    99999.00    99999.00
1958-02-11 06:38:00.000 042   99999.00    99999.00    99999.00    99999.00
1958-02-11 06:39:00.000 042   99999.00    99999.00    99999.00    99999.00
1958-02-11 06:40:00.000 042   18302.48    99999.00    99999.00    99999.00
1958-02-11 06:41:00.000 042   18278.57    99999.00    99999.00    99999.00
1958-02-11 06:42:00.000 042   18276.08    99999.00    99999.00    99999.00
1958-02-11 06:43:00.000 042   18292.61    99999.00    99999.00    99999.00
1958-02-11 06:44:00.000 042   18322.91    99999.00    99999.00    99999.00
1958-02-11 06:45:00.000 042   18360.07    99999.00    99999.00    99999.00
1958-02-11 06:46:00.000 042   18399.74    99999.00    99999.00    99999.00
1958-02-11 06:47:00.000 042   18438.63    99999.00    99999.00    99999.00
1958-02-11 06:48:00.000 042   18472.66    99999.00    99999.00    99999.00
1958-02-11 06:49:00.000 042   18493.21    99999.00    99999.00    99999.00
1958-02-11 06:50:00.000 042   18483.97    99999.00    53088.82    99999.00
1958-02-11 06:51:00.000 042   18454.56    99999.00    53083.46    99999.00
1958-02-11 06:52:00.000 042   18493.11    99999.00    53074.96    99999.00
1958-02-11 06:53:00.000 042   18582.24    99999.00    53058.75    99999.00
1958-02-11 06:54:00.000 042   18664.85    99999.00    53028.37    99999.00
1958-02-11 06:55:00.000 042   18622.25     -404.26    53014.46    99999.00
1958-02-11 06:56:00.000 042   18611.29     -405.66    53024.73    99999.00
1958-02-11 06:57:00.000 042   18622.67     -404.61    53023.41    99999.00
1958-02-11 06:58:00.000 042   18641.71     -401.89    53018.33    99999.00
1958-02-11 06:59:00.000 042   18664.93     -398.83    53011.42    99999.00
1958-02-11 07:00:00.000 042   18690.82     -396.43    53003.30    99999.00
1958-02-11 07:01:00.000 042   18718.46     -395.99    52994.15    99999.00
1958-02-11 07:02:00.000 042   18746.56     -397.96    52984.09    99999.00
1958-02-11 07:03:00.000 042   18772.02     -400.98    52973.42    99999.00
1958-02-11 07:04:00.000 042   18782.83     -403.92    52963.26    99999.00
1958-02-11 07:05:00.000 042   18759.92     -406.49    52960.46    99999.00
1958-02-11 07:06:00.000 042   18782.66     -408.77    52969.40    99999.00
1958-02-11 07:07:00.000 042   18802.71     -410.84    52980.23    99999.00
1958-02-11 07:08:00.000 042   18787.62     -412.68    52990.90    99999.00
1958-02-11 07:09:00.000 042   18750.02     -414.26    53000.93    99999.00
1958-02-11 07:10:00.000 042   18733.26     -415.29    53009.75    99999.00
1958-02-11 07:11:00.000 042   18767.93     -414.10    53015.57    99999.00
1958-02-11 07:12:00.000 042   18740.93     -417.14    53006.49    99999.00
1958-02-11 07:13:00.000 042   18754.27     -415.46    53012.26    99999.00
1958-02-11 07:14:00.000 042   18737.50     -417.53    53028.62    99999.00
1958-02-11 07:15:00.000 042   18728.16     -418.98    53041.75    99999.00
1958-02-11 07:16:00.000 042   18747.09     -414.30    53051.45    99999.00
1958-02-11 07:17:00.000 042   18767.87     -417.96    53059.44    99999.00
1958-02-11 07:18:00.000 042   18732.06     -415.19    53066.97    99999.00
1958-02-11 07:19:00.000 042   18773.90     -410.18    53075.24    99999.00
1958-02-11 07:20:00.000 042   18781.46     -414.25    53087.28    99999.00
1958-02-11 07:21:00.000 042   18759.89     -415.99    53113.77    99999.00
1958-02-11 07:22:00.000 042   18741.43     -412.92    53097.89    99999.00
1958-02-11 07:23:00.000 042   18757.33     -409.78    53084.83    99999.00
1958-02-11 07:24:00.000 042   18850.93     -406.82    53081.12    99999.00
1958-02-11 07:25:00.000 042   18863.69     -400.25    53080.59    99999.00
1958-02-11 07:26:00.000 042   18845.79     -396.86    53078.60    99999.00
1958-02-11 07:27:00.000 042   18840.79     -396.92    53070.56    99999.00
1958-02-11 07:28:00.000 042   18850.84     -398.07    53053.97    99999.00
1958-02-11 07:29:00.000 042   18846.40     -399.56    53034.68    99999.00
1958-02-11 07:30:00.000 042   18836.70     -400.95    53019.14    99999.00
1958-02-11 07:31:00.000 042   18824.80     -401.57    53008.97    99999.00
1958-02-11 07:32:00.000 042   18811.74     -401.22    53001.68    99999.00
1958-02-11 07:33:00.000 042   18798.24     -401.97    52995.40    99999.00
1958-02-11 07:34:00.000 042   18785.53     -403.61    52988.46    99999.00
1958-02-11 07:35:00.000 042   18780.22     -404.42    52977.49    99999.00
1958-02-11 07:36:00.000 042   18785.17     -404.13    52962.24    99999.00
1958-02-11 07:37:00.000 042   18780.09     -403.10    52955.01    99999.00
1958-02-11 07:38:00.000 042   18773.01     -401.50    52956.92    99999.00
1958-02-11 07:39:00.000 042   18767.59     -399.19    52963.14    99999.00
1958-02-11 07:40:00.000 042   18768.80     -395.49    52972.23    99999.00
1958-02-11 07:41:00.000 042   18777.02     -395.46    52983.95    99999.00
1958-02-11 07:42:00.000 042   18773.73     -394.76    52998.36    99999.00
1958-02-11 07:43:00.000 042   18780.97     -392.88    53013.46    99999.00
1958-02-11 07:44:00.000 042   18793.46     -390.68    53025.13    99999.00
1958-02-11 07:45:00.000 042   18806.63     -388.57    53028.32    99999.00
1958-02-11 07:46:00.000 042   18818.68     -386.95    53022.11    99999.00
1958-02-11 07:47:00.000 042   18827.79     -386.56    53011.56    99999.00
1958-02-11 07:48:00.000 042   18832.24     -387.89    53001.97    99999.00
1958-02-11 07:49:00.000 042   18829.52     -388.86    52997.39    99999.00
1958-02-11 07:50:00.000 042   18811.14     -386.87    52996.57    99999.00
1958-02-11 07:51:00.000 042   18780.82     -387.06    52996.61    99999.00
1958-02-11 07:52:00.000 042   18762.29     -388.32    52994.86    99999.00
1958-02-11 07:53:00.000 042   18750.59     -387.70    52990.69    99999.00
1958-02-11 07:54:00.000 042   18742.51     -387.70    52985.95    99999.00
1958-02-11 07:55:00.000 042   18737.83     -389.10    52982.13    99999.00
1958-02-11 07:56:00.000 042   18738.64     -391.00    52980.06    99999.00
1958-02-11 07:57:00.000 042   18745.41     -392.77    52979.81    99999.00
1958-02-11 07:58:00.000 042   18743.34     -393.98    52980.93    99999.00
1958-02-11 07:59:00.000 042   18733.21     -394.21    52983.10    99999.00
1958-02-11 08:00:00.000 042   18725.83     -393.48    52986.13    99999.00
1958-02-11 08:01:00.000 042   18724.43     -392.26    52989.89    99999.00
1958-02-11 08:02:00.000 042   18728.14     -391.12    52994.29    99999.00
1958-02-11 08:03:00.000 042   18734.33     -390.55    52999.16    99999.00
1958-02-11 08:04:00.000 042   18741.38     -390.56    53004.21    99999.00
1958-02-11 08:05:00.000 042   18748.37     -390.91    53009.10    99999.00
1958-02-11 08:06:00.000 042   18754.77     -391.44    53013.43    99999.00
1958-02-11 08:07:00.000 042   18760.36     -392.01    53016.62    99999.00
1958-02-11 08:08:00.000 042   18765.16     -392.57    53017.72    99999.00
1958-02-11 08:09:00.000 042   18769.17     -393.07    53016.07    99999.00
1958-02-11 08:10:00.000 042   18772.31     -393.52    53011.92    99999.00
1958-02-11 08:11:00.000 042   18774.40     -393.88    53006.28    99999.00
1958-02-11 08:12:00.000 042   18775.19     -394.13    53000.34    99999.00
1958-02-11 08:13:00.000 042   18774.11     -394.21    52994.63    99999.00
1958-02-11 08:14:00.000 042   18770.37     -394.11    52989.02    99999.00
1958-02-11 08:15:00.000 042   18763.88     -393.82    52983.43    99999.00
1958-02-11 08:16:00.000 042   18755.60     -393.39    52977.72    99999.00
1958-02-11 08:17:00.000 042   18748.86     -392.86    52971.54    99999.00
1958-02-11 08:18:00.000 042   18748.77     -392.29    52965.56    99999.00
1958-02-11 08:19:00.000 042   18754.88     -391.67    52968.94    99999.00
1958-02-11 08:20:00.000 042   18763.71     -390.98    52970.57    99999.00
1958-02-11 08:21:00.000 042   18772.57     -390.21    52969.79    99999.00
1958-02-11 08:22:00.000 042   18780.19     -389.34    52967.61    99999.00
1958-02-11 08:23:00.000 042   18786.09     -388.34    52964.67    99999.00
1958-02-11 08:24:00.000 042   18790.04     -387.18    52961.22    99999.00
1958-02-11 08:25:00.000 042   18791.96     -385.87    52957.35    99999.00
1958-02-11 08:26:00.000 042   18791.79     -384.48    52953.09    99999.00
1958-02-11 08:27:00.000 042   18789.64     -383.11    52948.45    99999.00
1958-02-11 08:28:00.000 042   18785.84     -381.89    52943.35    99999.00
1958-02-11 08:29:00.000 042   18780.58     -381.02    52937.99    99999.00
1958-02-11 08:30:00.000 042   18773.90     -380.74    52932.98    99999.00
1958-02-11 08:31:00.000 042   18765.65     -381.01    52929.17    99999.00
1958-02-11 08:32:00.000 042   18755.37     -381.37    52927.52    99999.00
1958-02-11 08:33:00.000 042   18741.88     -380.02    52928.78    99999.00
1958-02-11 08:34:00.000 042   18725.43     -379.06    52933.13    99999.00
1958-02-11 08:35:00.000 042   18714.08     -379.44    52939.59    99999.00
1958-02-11 08:36:00.000 042   18717.20     -380.32    52947.21    99999.00
1958-02-11 08:37:00.000 042   18724.93     -381.35    52955.14    99999.00
1958-02-11 08:38:00.000 042   18728.76     -382.38    52962.50    99999.00
1958-02-11 08:39:00.000 042   18724.35     -383.32    52968.29    99999.00
1958-02-11 08:40:00.000 042   18711.19     -384.01    52971.89    99999.00
1958-02-11 08:41:00.000 042   18694.19     -384.04    52973.92    99999.00
1958-02-11 08:42:00.000 042   18679.39     -382.59    52975.49    99999.00
1958-02-11 08:43:00.000 042   18684.47     -381.60    52978.54    99999.00
1958-02-11 08:44:00.000 042   18708.10     -382.84    52985.54    99999.00
1958-02-11 08:45:00.000 042   18652.14     -385.07    52994.42    99999.00
1958-02-11 08:46:00.000 042   18576.20     -387.69    52999.32    99999.00
1958-02-11 08:47:00.000 042   18500.91     -390.52    52995.69    99999.00
1958-02-11 08:48:00.000 042   18440.47     -393.47    52984.66    99999.00
1958-02-11 08:49:00.000 042   18491.82     -396.51    52968.79    99999.00
1958-02-11 08:50:00.000 042   99999.00     -399.59    52949.40    99999.00
1958-02-11 08:51:00.000 042   99999.00     -402.70    52926.98    99999.00
1958-02-11 08:52:00.000 042   99999.00     -405.79    52901.36    99999.00
1958-02-11 08:53:00.000 042   99999.00     -408.89    52888.07    99999.00
1958-02-11 08:54:00.000 042   99999.00     -411.98    52869.09    99999.00
1958-02-11 08:55:00.000 042   99999.00    99999.00    52850.12    99999.00
1958-02-11 08:56:00.000 042   99999.00    99999.00    99999.00    99999.00
1958-02-11 08:57:00.000 042   99999.00    99999.00    99999.00    99999.00
1958-02-11 08:58:00.000 042   99999.00    99999.00    99999.00    99999.00
1958-02-11 08:59:00.000 042   99999.00    99999.00    99999.00    99999.00
1958-02-11 09:00:00.000 042   99999.00    99999.00    99999.00    99999.00
1958-02-11 09:01:00.000 042   99999.00    99999.00    99999.00    99999.00
1958-02-11 09:02:00.000 042   99999.00    99999.00    99999.00    99999.00
1958-02-11 09:03:00.000 042   99999.00    99999.00    99999.00    99999.00
1958-02-11 09:04:00.000 042   99999.00    99999.00    99999.00    99999.00
1958-02-11 09:05:00.000 042   99999.00    99999.00    99999.00    99999.00
1958-02-11 09:06:00.000 042   99999.00    99999.00    99999.00    99999.00
1958-02-11 09:07:00.000 042   99999.00    99999.00    99999.00    99999.00
1958-02-11 09:08:00.000 042   99999.00    99999.00    99999.00    99999.00
1958-02-11 09:09:00.000 042   99999.00    99999.00    99999.00    99999.00
1958-02-11 09:10:00.000 042   99999.00    99999.00    99999.00    99999.00
1958-02-11 09:11:00.000 042   99999.00    99999.00    99999.00    99999.00
1958-02-11 09:12:00.000 042   99999.00    99999.00    99999.00    99999.00
1958-02-11 09:13:00.000 042   99999.00    99999.00    99999.00    99999.00
1958-02-11 09:14:00.000 042   99999.00    99999.00    99999.00    99999.00
1958-02-11 09:15:00.000 042   18607.32    99999.00    99999.00    99999.00
1958-02-11 09:16:00.000 042   18621.32    99999.00    99999.00    99999.00
1958-02-11 09:17:00.000 042   18625.39    99999.00    99999.00    99999.00
1958-02-11 09:18:00.000 042   18589.70    99999.00    99999.00    99999.00
1958-02-11 09:19:00.000 042   18584.32    99999.00    99999.00    99999.00
1958-02-11 09:20:00.000 042   18597.56    99999.00    52992.14    99999.00
1958-02-11 09:21:00.000 042   18616.45    99999.00    52981.01    99999.00
1958-02-11 09:22:00.000 042   18634.78    99999.00    52971.69    99999.00
1958-02-11 09:23:00.000 042   18648.65    99999.00    52965.78    99999.00
1958-02-11 09:24:00.000 042   18654.24    99999.00    52964.96    99999.00
1958-02-11 09:25:00.000 042   18646.53    99999.00    52971.16    99999.00
1958-02-11 09:26:00.000 042   18623.29    99999.00    52983.97    99999.00
1958-02-11 09:27:00.000 042   18587.48    99999.00    52999.59    99999.00
1958-02-11 09:28:00.000 042   18544.80    99999.00    53014.16    99999.00
1958-02-11 09:29:00.000 042   18513.39    99999.00    53024.87    99999.00
1958-02-11 09:30:00.000 042   18563.66    99999.00    53030.15    99999.00
1958-02-11 09:31:00.000 042   18557.47    99999.00    53030.19    99999.00
1958-02-11 09:32:00.000 042   18530.18    99999.00    53025.65    99999.00
1958-02-11 09:33:00.000 042   18589.46    99999.00    53016.52    99999.00
1958-02-11 09:34:00.000 042   18730.41    99999.00    53002.18    99999.00
1958-02-11 09:35:00.000 042   18771.82    99999.00    52980.73    99999.00
1958-02-11 09:36:00.000 042   18748.19    99999.00    52947.69    99999.00
1958-02-11 09:37:00.000 042   18711.11    99999.00    52903.95    99999.00
1958-02-11 09:38:00.000 042   18683.52    99999.00    52869.52    99999.00
1958-02-11 09:39:00.000 042   18686.70    99999.00    52866.38    99999.00
1958-02-11 09:40:00.000 042   18723.30    99999.00    52887.01    99999.00
1958-02-11 09:41:00.000 042   18769.05    99999.00    52917.41    99999.00
1958-02-11 09:42:00.000 042   18790.35    99999.00    52950.99    99999.00
1958-02-11 09:43:00.000 042   18769.94    99999.00    52984.25    99999.00
1958-02-11 09:44:00.000 042   18730.37    99999.00    53015.08    99999.00
1958-02-11 09:45:00.000 042   18696.64     -385.53    53042.63    99999.00
1958-02-11 09:46:00.000 042   18690.13     -384.58    53067.03    99999.00
1958-02-11 09:47:00.000 042   18711.70     -384.91    53088.19    99999.00
1958-02-11 09:48:00.000 042   18747.68     -385.76    53105.74    99999.00
1958-02-11 09:49:00.000 042   18778.06     -386.79    53118.96    99999.00
1958-02-11 09:50:00.000 042   18780.16     -387.85    53126.45    99999.00
1958-02-11 09:51:00.000 042   18780.21     -388.79    53125.91    99999.00
1958-02-11 09:52:00.000 042   18796.95     -389.37    53116.69    99999.00
1958-02-11 09:53:00.000 042   18816.55     -388.80    53100.76    99999.00
1958-02-11 09:54:00.000 042   18828.27     -384.33    53086.10    99999.00
1958-02-11 09:55:00.000 042   18818.23     -378.02    53090.42    99999.00
1958-02-11 09:56:00.000 042   18777.10     -373.51    53104.92    99999.00
1958-02-11 09:57:00.000 042   18738.87     -370.49    53093.59    99999.00
1958-02-11 09:58:00.000 042   18759.75     -369.11    53071.76    99999.00
1958-02-11 09:59:00.000 042   18751.47     -369.69    53059.83    99999.00
1958-02-11 10:00:00.000 042   18722.70     -371.69    53057.93    99999.00
1958-02-11 10:01:00.000 042   18686.47     -374.07    53062.54    99999.00
1958-02-11 10:02:00.000 042   18648.12     -375.16    53069.98    99999.00
1958-02-11 10:03:00.000 042   18610.30     -372.85    53078.36    99999.00
1958-02-11 10:04:00.000 042   18575.45     -369.70    53086.46    99999.00
1958-02-11 10:05:00.000 042   18547.47     -368.04    53093.14    99999.00
1958-02-11 10:06:00.000 042   18535.51     -367.81    53097.14    99999.00
1958-02-11 10:07:00.000 042   18549.32     -368.45    53096.62    99999.00
1958-02-11 10:08:00.000 042   18573.60     -369.59    53090.50    99999.00
1958-02-11 10:09:00.000 042   18567.08     -371.08    53079.47    99999.00
1958-02-11 10:10:00.000 042   18537.96     -372.84    53065.37    99999.00
1958-02-11 10:11:00.000 042   18505.71     -374.84    53051.98    99999.00
1958-02-11 10:12:00.000 042   18482.63     -377.06    53046.44    99999.00
1958-02-11 10:13:00.000 042   18489.42     -379.51    53053.64    99999.00
1958-02-11 10:14:00.000 042   18547.49     -382.15    53067.41    99999.00
1958-02-11 10:15:00.000 042   18607.51     -384.83    53076.22    99999.00
1958-02-11 10:16:00.000 042   18624.09     -387.19    53072.33    99999.00
1958-02-11 10:17:00.000 042   18609.61     -388.64    53062.59    99999.00
1958-02-11 10:18:00.000 042   18581.93     -388.39    53055.86    99999.00
1958-02-11 10:19:00.000 042   18548.63     -386.30    53061.73    99999.00
1958-02-11 10:20:00.000 042   18515.57     -383.19    53081.86    99999.00
1958-02-11 10:21:00.000 042   18496.50     -380.30    53102.97    99999.00
1958-02-11 10:22:00.000 042   18541.50     -379.77    53115.23    99999.00
1958-02-11 10:23:00.000 042   18527.70     -383.25    53116.69    99999.00
1958-02-11 10:24:00.000 042   18543.37     -389.62    53111.41    99999.00
1958-02-11 10:25:00.000 042   18564.48     -392.05    53102.59    99999.00
1958-02-11 10:26:00.000 042   18584.32     -393.22    53092.24    99999.00
1958-02-11 10:27:00.000 042   18593.25     -394.02    53082.99    99999.00
1958-02-11 10:28:00.000 042   18570.33     -394.69    53081.15    99999.00
1958-02-11 10:29:00.000 042   18567.01     -395.30    53086.85    99999.00
1958-02-11 10:30:00.000 042   18583.27     -395.90    53088.27    99999.00
1958-02-11 10:31:00.000 042   18603.06     -396.50    53085.42    99999.00
1958-02-11 10:32:00.000 042   18620.04     -397.16    53080.65    99999.00
1958-02-11 10:33:00.000 042   18617.14     -397.91    53074.76    99999.00
1958-02-11 10:34:00.000 042   18630.87     -398.92    53068.09    99999.00
1958-02-11 10:35:00.000 042   18645.35     -400.65    53060.82    99999.00
1958-02-11 10:36:00.000 042   18628.79     -401.80    53053.06    99999.00
1958-02-11 10:37:00.000 042   18627.82     -400.76    53044.85    99999.00
1958-02-11 10:38:00.000 042   18646.27     -401.63    53036.33    99999.00
1958-02-11 10:39:00.000 042   18660.77     -403.55    53027.73    99999.00
1958-02-11 10:40:00.000 042   18654.20     -406.02    53019.35    99999.00
1958-02-11 10:41:00.000 042   18625.20     -408.94    53011.59    99999.00
1958-02-11 10:42:00.000 042   18589.60     -412.46    53005.17    99999.00
1958-02-11 10:43:00.000 042   18561.01     -417.79    53001.82    99999.00
1958-02-11 10:44:00.000 042   18550.11     -415.95    53006.86    99999.00
1958-02-11 10:45:00.000 042   18557.08     -412.56    53016.62    99999.00
1958-02-11 10:46:00.000 042   18575.60     -410.13    53006.69    99999.00
1958-02-11 10:47:00.000 042   18599.35     -410.54    52988.74    99999.00
1958-02-11 10:48:00.000 042   18620.93     -412.45    52971.03    99999.00
1958-02-11 10:49:00.000 042   18637.86     -412.37    52956.84    99999.00
1958-02-11 10:50:00.000 042   18651.57     -410.92    52949.65    99999.00
1958-02-11 10:51:00.000 042   18663.89     -408.81    52953.93    99999.00
1958-02-11 10:52:00.000 042   18673.87     -406.28    52969.18    99999.00
1958-02-11 10:53:00.000 042   18679.10     -403.43    52990.31    99999.00
1958-02-11 10:54:00.000 042   18674.77     -400.29    53011.20    99999.00
1958-02-11 10:55:00.000 042   18652.85     -396.88    53028.10    99999.00
1958-02-11 10:56:00.000 042   18627.22     -393.26    53041.19    99999.00
1958-02-11 10:57:00.000 042   18623.18     -389.43    53051.47    99999.00
1958-02-11 10:58:00.000 042   18634.86     -385.52    53059.33    99999.00
1958-02-11 10:59:00.000 042   18651.18     -384.75    53064.70    99999.00
1958-02-11 11:00:00.000 042   18666.60     -386.70    53066.80    99999.00
1958-02-11 11:01:00.000 042   18677.34     -388.47    53064.18    99999.00
1958-02-11 11:02:00.000 042   18682.98     -389.36    53058.79    99999.00
1958-02-11 11:03:00.000 042   18684.07     -388.39    53058.88    99999.00
1958-02-11 11:04:00.000 042   18681.17     -386.87    53064.86    99999.00
1958-02-11 11:05:00.000 042   18675.14     -386.36    53070.57    99999.00
1958-02-11 11:06:00.000 042   18668.26     -386.54    53073.83    99999.00
1958-02-11 11:07:00.000 042   18664.70     -387.10    53074.22    99999.00
1958-02-11 11:08:00.000 042   18674.55     -387.92    53071.98    99999.00
1958-02-11 11:09:00.000 042   18684.80     -388.98    53068.01    99999.00
1958-02-11 11:10:00.000 042   18669.44     -390.41    53062.95    99999.00
1958-02-11 11:11:00.000 042   18654.17     -392.45    53057.17    99999.00
1958-02-11 11:12:00.000 042   18696.10     -395.59    53050.96    99999.00
1958-02-11 11:13:00.000 042   18713.59     -400.27    53044.69    99999.00
1958-02-11 11:14:00.000 042   18708.83     -405.46    53039.17    99999.00
1958-02-11 11:15:00.000 042   18707.81     -408.39    53037.96    99999.00
1958-02-11 11:16:00.000 042   18718.93     -407.44    53051.61    99999.00
1958-02-11 11:17:00.000 042   18712.05     -405.17    53061.56    99999.00
1958-02-11 11:18:00.000 042   18715.39     -405.06    53065.79    99999.00
1958-02-11 11:19:00.000 042   18730.92     -405.59    53064.70    99999.00
1958-02-11 11:20:00.000 042   18747.97     -406.10    53060.45    99999.00
1958-02-11 11:21:00.000 042   18763.23     -406.27    53055.83    99999.00
1958-02-11 11:22:00.000 042   18775.65     -405.91    53053.34    99999.00
1958-02-11 11:23:00.000 042   18784.38     -405.15    53055.74    99999.00
1958-02-11 11:24:00.000 042   18788.33     -404.19    53062.14    99999.00
1958-02-11 11:25:00.000 042   18786.46     -403.18    53068.08    99999.00
1958-02-11 11:26:00.000 042   18780.02     -402.21    53067.41    99999.00
1958-02-11 11:27:00.000 042   18771.19     -401.32    53062.09    99999.00
1958-02-11 11:28:00.000 042   18772.71     -400.51    53062.35    99999.00
1958-02-11 11:29:00.000 042   18775.60     -399.80    53068.99    99999.00
1958-02-11 11:30:00.000 042   18771.57     -399.22    53068.95    99999.00
1958-02-11 11:31:00.000 042   18765.74     -398.83    53063.48    99999.00
1958-02-11 11:32:00.000 042   18758.86     -398.71    53056.19    99999.00
1958-02-11 11:33:00.000 042   18751.14     -398.75    53049.05    99999.00
1958-02-11 11:34:00.000 042   18742.56     -398.69    53042.82    99999.00
1958-02-11 11:35:00.000 042   18733.04     -398.19    53037.90    99999.00
1958-02-11 11:36:00.000 042   18723.10     -397.17    53034.48    99999.00
1958-02-11 11:37:00.000 042   18713.96     -395.98    53032.69    99999.00
1958-02-11 11:38:00.000 042   18707.43     -394.97    53032.59    99999.00
1958-02-11 11:39:00.000 042   18705.82     -394.64    53033.95    99999.00
1958-02-11 11:40:00.000 042   18710.28     -395.30    53036.40    99999.00
1958-02-11 11:41:00.000 042   18719.33     -396.28    53039.69    99999.00
1958-02-11 11:42:00.000 042   18730.90     -396.93    53043.64    99999.00
1958-02-11 11:43:00.000 042   18742.85     -397.11    53048.05    99999.00
1958-02-11 11:44:00.000 042   18753.55     -396.96    53052.77    99999.00
1958-02-11 11:45:00.000 042   18762.10     -396.61    53057.54    99999.00
1958-02-11 11:46:00.000 042   18766.21     -396.12    53061.85    99999.00
1958-02-11 11:47:00.000 042   18752.66     -395.52    53063.25    99999.00
1958-02-11 11:48:00.000 042   18740.78     -394.83    53056.01    99999.00
1958-02-11 11:49:00.000 042   18747.35     -394.07    53057.74    99999.00
1958-02-11 11:50:00.000 042   18755.62     -393.25    53062.35    99999.00
1958-02-11 11:51:00.000 042   18758.99     -392.39    53067.78    99999.00
1958-02-11 11:52:00.000 042   18751.46     -391.53    53073.55    99999.00
1958-02-11 11:53:00.000 042   18766.21     -390.72    53079.50    99999.00
1958-02-11 11:54:00.000 042   18773.72     -390.05    53085.50    99999.00
1958-02-11 11:55:00.000 042   18768.10     -389.80    53091.51    99999.00
1958-02-11 11:56:00.000 042   18758.24     -390.47    53097.44    99999.00
1958-02-11 11:57:00.000 042   18747.78     -391.18    53103.23    99999.00
1958-02-11 11:58:00.000 042   18742.67     -391.15    53108.78    99999.00
1958-02-11 11:59:00.000 042   18753.61     -390.74    53113.91    99999.00
1958-02-11 12:00:00.000 042   18753.86     -390.16    53118.41    99999.00
1958-02-11 12:01:00.000 042   18763.32     -388.47    53132.40    99999.00
1958-02-11 12:02:00.000 042   18770.31     -392.74    53133.32    99999.00
1958-02-11 12:03:00.000 042   18785.96     -391.83    53136.30    99999.00
1958-02-11 12:04:00.000 042   18750.29     -387.75    53145.92    99999.00
1958-02-11 12:05:00.000 042   18749.04     -384.85    53162.42    99999.00
1958-02-11 12:06:00.000 042   18772.44     -387.41    53161.55    99999.00
1958-02-11 12:07:00.000 042   18760.56     -388.20    53155.23    99999.00
1958-02-11 12:08:00.000 042   18740.80     -383.93    53153.17    99999.00
1958-02-11 12:09:00.000 042   18727.71     -385.38    53161.66    99999.00
1958-02-11 12:10:00.000 042   18766.07     -386.62    53164.04    99999.00
1958-02-11 12:11:00.000 042   18746.15     -381.22    53158.36    99999.00
1958-02-11 12:12:00.000 042   18781.20     -384.04    53151.45    99999.00
1958-02-11 12:13:00.000 042   18778.96     -384.89    53146.23    99999.00
1958-02-11 12:14:00.000 042   18753.06     -381.56    53144.62    99999.00
1958-02-11 12:15:00.000 042   18767.73     -381.25    53147.38    99999.00
1958-02-11 12:16:00.000 042   18790.96     -383.66    53153.24    99999.00
1958-02-11 12:17:00.000 042   18780.78     -384.19    53160.44    99999.00
1958-02-11 12:18:00.000 042   18770.39     -383.30    53156.18    99999.00
1958-02-11 12:19:00.000 042   18775.41     -381.68    53157.55    99999.00
1958-02-11 12:20:00.000 042   18788.49     -379.80    53162.16    99999.00
1958-02-11 12:21:00.000 042   18798.64     -377.85    53167.41    99999.00
1958-02-11 12:22:00.000 042   18799.12     -375.98    53172.77    99999.00
1958-02-11 12:23:00.000 042   18792.35     -374.28    53177.93    99999.00
1958-02-11 12:24:00.000 042   18784.74     -372.87    53182.60    99999.00
1958-02-11 12:25:00.000 042   18792.18     -371.85    53186.32    99999.00
1958-02-11 12:26:00.000 042   18805.70     -371.39    53187.99    99999.00
1958-02-11 12:27:00.000 042   18798.33     -371.49    53186.19    99999.00
1958-02-11 12:28:00.000 042   18820.18     -372.17    53181.69    99999.00
1958-02-11 12:29:00.000 042   18832.02     -373.42    53180.53    99999.00
1958-02-11 12:30:00.000 042   18822.10     -375.29    53184.33    99999.00
1958-02-11 12:31:00.000 042   18837.89     -377.85    53190.01    99999.00
1958-02-11 12:32:00.000 042   18840.12     -381.35    53195.82    99999.00
1958-02-11 12:33:00.000 042   18840.61     -384.74    53197.91    99999.00
1958-02-11 12:34:00.000 042   18873.30     -382.86    53185.33    99999.00
1958-02-11 12:35:00.000 042   18817.05     -378.96    53192.68    99999.00
1958-02-11 12:36:00.000 042   18850.27     -376.15    53201.87    99999.00
1958-02-11 12:37:00.000 042   18832.31     -375.49    53211.24    99999.00
1958-02-11 12:38:00.000 042   18837.13     -377.18    53220.14    99999.00
1958-02-11 12:39:00.000 042   18850.00     -380.05    53227.71    99999.00
1958-02-11 12:40:00.000 042   18783.96     -382.83    53231.18    99999.00
1958-02-11 12:41:00.000 042   18736.27     -383.77    53207.78    99999.00
1958-02-11 12:42:00.000 042   18731.41     -380.59    53203.97    99999.00
1958-02-11 12:43:00.000 042   18767.77     -375.72    53211.41    99999.00
1958-02-11 12:44:00.000 042   18819.61     -377.85    53217.78    99999.00
1958-02-11 12:45:00.000 042   18854.74     -385.16    53214.22    99999.00
1958-02-11 12:46:00.000 042   18822.03     -388.55    53191.99    99999.00
1958-02-11 12:47:00.000 042   18762.27     -386.20    53192.50    99999.00
1958-02-11 12:48:00.000 042   18853.49     -382.22    53203.55    99999.00
1958-02-11 12:49:00.000 042   18872.37     -379.40    53215.99    99999.00
1958-02-11 12:50:00.000 042   18811.31     -379.28    53226.69    99999.00
1958-02-11 12:51:00.000 042   18825.47     -381.57    53232.32    99999.00
1958-02-11 12:52:00.000 042   18875.24     -384.98    53228.54    99999.00
1958-02-11 12:53:00.000 042   18750.72     -388.06    53215.46    99999.00
1958-02-11 12:54:00.000 042   18770.11     -386.98    53205.34    99999.00
1958-02-11 12:55:00.000 042   18833.56     -380.90    53220.79    99999.00
1958-02-11 12:56:00.000 042   18876.71     -381.38    53227.23    99999.00
1958-02-11 12:57:00.000 042   18840.47     -384.87    53225.90    99999.00
1958-02-11 12:58:00.000 042   18811.35     -388.43    53222.02    99999.00
1958-02-11 12:59:00.000 042   18838.01     -390.09    53217.32    99999.00
1958-02-11 13:00:00.000 042   18840.67     -387.93    53213.15    99999.00
1958-02-11 13:01:00.000 042   18836.83     -385.34    53214.35    99999.00
1958-02-11 13:02:00.000 042   18885.51     -388.83    53225.96    99999.00
1958-02-11 13:03:00.000 042   18862.85     -393.88    53221.03    99999.00
1958-02-11 13:04:00.000 042   18818.38     -394.73    53214.74    99999.00
1958-02-11 13:05:00.000 042   18820.04     -391.26    53210.46    99999.00
1958-02-11 13:06:00.000 042   18858.74     -387.57    53214.26    99999.00
1958-02-11 13:07:00.000 042   18867.13     -389.71    53224.28    99999.00
1958-02-11 13:08:00.000 042   18837.14     -395.85    53202.80    99999.00
1958-02-11 13:09:00.000 042   18805.42     -395.26    53199.34    99999.00
1958-02-11 13:10:00.000 042   18882.00     -391.77    53208.67    99999.00
1958-02-11 13:11:00.000 042   18892.12     -392.72    53216.54    99999.00
1958-02-11 13:12:00.000 042   18873.75     -399.58    53211.23    99999.00
1958-02-11 13:13:00.000 042   18852.72     -399.60    53207.78    99999.00
1958-02-11 13:14:00.000 042   18847.75     -398.23    53216.35    99999.00
1958-02-11 13:15:00.000 042   18895.85     -397.61    53209.99    99999.00
1958-02-11 13:16:00.000 042   18868.26     -398.60    53205.87    99999.00
1958-02-11 13:17:00.000 042   18888.56     -400.78    53211.17    99999.00
1958-02-11 13:18:00.000 042   18898.67     -403.23    53216.93    99999.00
1958-02-11 13:19:00.000 042   18886.10     -405.00    53215.82    99999.00
1958-02-11 13:20:00.000 042   18867.66     -404.86    53216.46    99999.00
1958-02-11 13:21:00.000 042   18859.15     -402.87    53222.89    99999.00
1958-02-11 13:22:00.000 042   18879.38     -400.78    53226.81    99999.00
1958-02-11 13:23:00.000 042   18890.07     -400.66    53226.85    99999.00
1958-02-11 13:24:00.000 042   18883.69     -402.03    53223.90    99999.00
1958-02-11 13:25:00.000 042   18873.25     -403.48    53219.78    99999.00
1958-02-11 13:26:00.000 042   18864.49     -404.22    53216.02    99999.00
1958-02-11 13:27:00.000 042   18864.20     -404.14    53215.32    99999.00
1958-02-11 13:28:00.000 042   18874.02     -403.48    53220.70    99999.00
1958-02-11 13:29:00.000 042   18879.20     -402.35    53224.96    99999.00
1958-02-11 13:30:00.000 042   18870.91     -400.75    53222.76    99999.00
1958-02-11 13:31:00.000 042   18866.10     -398.62    53218.70    99999.00
1958-02-11 13:32:00.000 042   18872.93     -396.72    53215.52    99999.00
1958-02-11 13:33:00.000 042   18879.75     -399.81    53215.05    99999.00
1958-02-11 13:34:00.000 042   18871.21     -403.76    53218.43    99999.00
1958-02-11 13:35:00.000 042   18849.48     -402.83    53224.07    99999.00
1958-02-11 13:36:00.000 042   18844.50     -400.22    53229.30    99999.00
1958-02-11 13:37:00.000 042   18859.45     -397.25    53230.19    99999.00
1958-02-11 13:38:00.000 042   18872.53     -394.46    53225.17    99999.00
1958-02-11 13:39:00.000 042   18880.89     -392.46    53219.57    99999.00
1958-02-11 13:40:00.000 042   18884.53     -392.51    53217.58    99999.00
1958-02-11 13:41:00.000 042   18879.31     -395.50    53219.56    99999.00
1958-02-11 13:42:00.000 042   18850.38     -398.43    53223.36    99999.00
1958-02-11 13:43:00.000 042   18841.84     -397.89    53227.53    99999.00
1958-02-11 13:44:00.000 042   18853.11     -395.46    53231.19    99999.00
1958-02-11 13:45:00.000 042   18867.42     -392.64    53233.66    99999.00
1958-02-11 13:46:00.000 042   18878.13     -390.47    53234.36    99999.00
1958-02-11 13:47:00.000 042   18865.16     -390.45    53233.32    99999.00
1958-02-11 13:48:00.000 042   18856.80     -392.68    53231.16    99999.00
1958-02-11 13:49:00.000 042   18870.89     -394.62    53228.46    99999.00
1958-02-11 13:50:00.000 042   18865.27     -394.59    53225.85    99999.00
1958-02-11 13:51:00.000 042   18872.56     -393.64    53223.98    99999.00
1958-02-11 13:52:00.000 042   18865.25     -392.79    53223.63    99999.00
1958-02-11 13:53:00.000 042   18874.52     -393.52    53225.06    99999.00
1958-02-11 13:54:00.000 042   18882.33     -395.16    53227.81    99999.00
1958-02-11 13:55:00.000 042   18884.80     -395.72    53231.27    99999.00
1958-02-11 13:56:00.000 042   18878.06     -395.38    53234.68    99999.00
1958-02-11 13:57:00.000 042   18868.92     -394.61    53237.05    99999.00
1958-02-11 13:58:00.000 042   18866.42     -393.66    53237.92    99999.00
1958-02-11 13:59:00.000 042   18870.10     -392.68    53237.75    99999.00
1958-02-11 14:00:00.000 042   18875.67     -391.75    53237.26    99999.00
1958-02-11 14:01:00.000 042   18880.50     -390.96    53238.56    99999.00
1958-02-11 14:02:00.000 042   18881.66     -390.47    53241.96    99999.00
1958-02-11 14:03:00.000 042   18875.80     -390.56    53238.67    99999.00
1958-02-11 14:04:00.000 042   18864.99     -391.51    53234.37    99999.00
1958-02-11 14:05:00.000 042   18860.04     -393.30    53233.18    99999.00
1958-02-11 14:06:00.000 042   18869.04     -394.71    53236.60    99999.00
1958-02-11 14:07:00.000 042   18877.18     -394.21    53242.00    99999.00
1958-02-11 14:08:00.000 042   18879.25     -392.67    53245.84    99999.00
1958-02-11 14:09:00.000 042   18877.71     -391.52    53245.26    99999.00
1958-02-11 14:10:00.000 042   18874.75     -392.11    53242.34    99999.00
1958-02-11 14:11:00.000 042   18871.50     -392.48    53240.59    99999.00
1958-02-11 14:12:00.000 042   18869.14     -392.24    53241.95    99999.00
1958-02-11 14:13:00.000 042   18869.68     -391.76    53244.95    99999.00
1958-02-11 14:14:00.000 042   18873.38     -391.20    53247.58    99999.00
1958-02-11 14:15:00.000 042   18874.00     -390.64    53247.50    99999.00
1958-02-11 14:16:00.000 042   18867.60     -390.11    53243.94    99999.00
1958-02-11 14:17:00.000 042   18864.74     -389.67    53240.85    99999.00
1958-02-11 14:18:00.000 042   18872.25     -389.35    53245.41    99999.00
1958-02-11 14:19:00.000 042   18875.23     -389.13    53253.57    99999.00
1958-02-11 14:20:00.000 042   18865.47     -389.03    53254.92    99999.00
1958-02-11 14:21:00.000 042   18855.55     -389.01    53250.47    99999.00
1958-02-11 14:22:00.000 042   18853.06     -389.07    53245.87    99999.00
1958-02-11 14:23:00.000 042   18858.87     -389.20    53243.39    99999.00
1958-02-11 14:24:00.000 042   18868.43     -389.37    53243.55    99999.00
1958-02-11 14:25:00.000 042   18878.20     -389.58    53245.43    99999.00
1958-02-11 14:26:00.000 042   18886.11     -389.84    53248.24    99999.00
1958-02-11 14:27:00.000 042   18890.76     -390.15    53251.30    99999.00
1958-02-11 14:28:00.000 042   18891.78     -390.52    53252.58    99999.00
1958-02-11 14:29:00.000 042   18890.15     -391.00    53247.55    99999.00
1958-02-11 14:30:00.000 042   18886.76     -391.63    53248.85    99999.00
1958-02-11 14:31:00.000 042   18882.33     -392.55    53251.58    99999.00
1958-02-11 14:32:00.000 042   18878.07     -393.75    53254.67    99999.00
1958-02-11 14:33:00.000 042   18878.82     -394.56    53257.83    99999.00
1958-02-11 14:34:00.000 042   18886.02     -394.28    53260.91    99999.00
1958-02-11 14:35:00.000 042   18885.96     -393.51    53263.71    99999.00
1958-02-11 14:36:00.000 042   18883.65     -392.84    53265.88    99999.00
1958-02-11 14:37:00.000 042   18880.10     -392.54    53266.44    99999.00
1958-02-11 14:38:00.000 042   18875.50     -392.81    53262.89    99999.00
1958-02-11 14:39:00.000 042   18871.27     -393.58    53263.06    99999.00
1958-02-11 14:40:00.000 042   18870.22     -394.56    53267.53    99999.00
1958-02-11 14:41:00.000 042   18873.33     -395.48    53266.76    99999.00
1958-02-11 14:42:00.000 042   18879.67     -396.05    53263.34    99999.00
1958-02-11 14:43:00.000 042   18887.17     -395.94    53259.63    99999.00
1958-02-11 14:44:00.000 042   18894.38     -394.98    53257.17    99999.00
1958-02-11 14:45:00.000 042   18899.91     -393.49    53258.23    99999.00
1958-02-11 14:46:00.000 042   18901.45     -392.13    53264.35    99999.00
1958-02-11 14:47:00.000 042   18893.30     -395.33    53271.77    99999.00
1958-02-11 14:48:00.000 042   18872.53     -398.99    53272.85    99999.00
1958-02-11 14:49:00.000 042   18857.77     -395.92    53269.58    99999.00
1958-02-11 14:50:00.000 042   18860.39     -399.50    53267.60    99999.00
1958-02-11 14:51:00.000 042   18869.97     -399.33    53269.32    99999.00
1958-02-11 14:52:00.000 042   18881.04     -398.60    53273.28    99999.00
1958-02-11 14:53:00.000 042   18889.21     -397.69    53277.32    99999.00
1958-02-11 14:54:00.000 042   18892.64     -396.75    53278.71    99999.00
1958-02-11 14:55:00.000 042   18891.21     -395.87    53272.94    99999.00
1958-02-11 14:56:00.000 042   18888.13     -395.28    53266.77    99999.00
1958-02-11 14:57:00.000 042   18893.05     -396.82    53275.14    99999.00
1958-02-11 14:58:00.000 042   18889.64     -398.10    53270.95    99999.00
1958-02-11 14:59:00.000 042   18879.19     -396.69    53266.02    99999.00
1958-02-11 15:00:00.000 042   18884.27     -396.44    53266.98    99999.00
1958-02-11 15:01:00.000 042   18879.17     -401.11    53275.03    99999.00
1958-02-11 15:02:00.000 042   18869.49     -399.24    53280.06    99999.00
1958-02-11 15:03:00.000 042   18878.43     -398.07    53270.99    99999.00
1958-02-11 15:04:00.000 042   18870.95     -400.25    53258.05    99999.00
1958-02-11 15:05:00.000 042   18871.15     -402.86    53265.45    99999.00
1958-02-11 15:06:00.000 042   18878.50     -402.44    53271.11    99999.00
1958-02-11 15:07:00.000 042   18877.40     -401.33    53263.68    99999.00
1958-02-11 15:08:00.000 042   18872.67     -402.47    53266.28    99999.00
1958-02-11 15:09:00.000 042   18884.35     -402.72    53280.21    99999.00
1958-02-11 15:10:00.000 042   18880.59     -401.38    53281.44    99999.00
1958-02-11 15:11:00.000 042   18865.47     -400.01    53273.87    99999.00
1958-02-11 15:12:00.000 042   18855.19     -399.42    53267.08    99999.00
1958-02-11 15:13:00.000 042   18859.07     -400.60    53267.03    99999.00
1958-02-11 15:14:00.000 042   18870.39     -402.91    53273.85    99999.00
1958-02-11 15:15:00.000 042   18877.99     -403.37    53280.87    99999.00
1958-02-11 15:16:00.000 042   18876.43     -401.67    53278.42    99999.00
1958-02-11 15:17:00.000 042   18869.86     -400.46    53268.28    99999.00
1958-02-11 15:18:00.000 042   18865.04     -401.01    53263.70    99999.00
1958-02-11 15:19:00.000 042   18876.71     -402.51    53267.76    99999.00
1958-02-11 15:20:00.000 042   18882.93     -403.80    53274.41    99999.00
1958-02-11 15:21:00.000 042   18882.35     -403.34    53277.64    99999.00
1958-02-11 15:22:00.000 042   18879.41     -401.79    53272.89    99999.00
1958-02-11 15:23:00.000 042   18875.69     -401.48    53270.86    99999.00
1958-02-11 15:24:00.000 042   18871.83     -402.15    53275.89    99999.00
1958-02-11 15:25:00.000 042   18868.33     -402.96    53275.65    99999.00
1958-02-11 15:26:00.000 042   18865.82     -403.54    53272.37    99999.00
1958-02-11 15:27:00.000 042   18865.65     -403.73    53272.74    99999.00
1958-02-11 15:28:00.000 042   18870.97     -403.64    53276.60    99999.00
1958-02-11 15:29:00.000 042   18886.40     -403.38    53278.77    99999.00
1958-02-11 15:30:00.000 042   18888.54     -403.03    53280.10    99999.00
1958-02-11 15:31:00.000 042   18880.56     -402.67    53281.00    99999.00
1958-02-11 15:32:00.000 042   18876.07     -402.35    53281.57    99999.00
1958-02-11 15:33:00.000 042   18874.24     -402.09    53281.84    99999.00
1958-02-11 15:34:00.000 042   18873.79     -401.89    53281.79    99999.00
1958-02-11 15:35:00.000 042   18874.32     -401.75    53281.33    99999.00
1958-02-11 15:36:00.000 042   18875.74     -401.66    53280.32    99999.00
1958-02-11 15:37:00.000 042   18878.22     -401.64    53278.79    99999.00
1958-02-11 15:38:00.000 042   18882.14     -401.69    53277.02    99999.00
1958-02-11 15:39:00.000 042   18886.42     -401.77    53275.63    99999.00
1958-02-11 15:40:00.000 042   18884.99     -401.85    53275.28    99999.00
1958-02-11 15:41:00.000 042   18881.74     -401.89    53276.36    99999.00
1958-02-11 15:42:00.000 042   18883.54     -401.86    53278.50    99999.00
1958-02-11 15:43:00.000 042   18888.63     -401.71    53281.04    99999.00
1958-02-11 15:44:00.000 042   18894.04     -401.44    53283.50    99999.00
1958-02-11 15:45:00.000 042   18896.29     -401.12    53285.57    99999.00
1958-02-11 15:46:00.000 042   18891.21     -400.80    53286.97    99999.00
1958-02-11 15:47:00.000 042   18893.02     -400.57    53287.50    99999.00
1958-02-11 15:48:00.000 042   18896.90     -400.50    53287.12    99999.00
1958-02-11 15:49:00.000 042   18896.03     -400.66    53286.07    99999.00
1958-02-11 15:50:00.000 042   18890.83     -401.05    53284.58    99999.00
1958-02-11 15:51:00.000 042   18885.10     -401.64    53282.83    99999.00
1958-02-11 15:52:00.000 042   18880.93     -402.45    53281.02    99999.00
1958-02-11 15:53:00.000 042   18879.17     -403.43    53279.29    99999.00
1958-02-11 15:54:00.000 042   18880.06     -403.82    53277.85    99999.00
1958-02-11 15:55:00.000 042   18882.91     -403.67    53276.84    99999.00
1958-02-11 15:56:00.000 042   18886.88     -403.34    53276.27    99999.00
1958-02-11 15:57:00.000 042   18891.40     -402.96    53276.13    99999.00
1958-02-11 15:58:00.000 042   18895.93     -402.58    53276.35    99999.00
1958-02-11 15:59:00.000 042   18899.76     -402.23    53276.89    99999.00
1958-02-11 16:00:00.000 042   18901.50     -401.95    53277.73    99999.00
1958-02-11 16:01:00.000 042   18899.92     -401.76    53278.79    99999.00
1958-02-11 16:02:00.000 042   18896.35     -401.66    53280.03    99999.00
1958-02-11 16:03:00.000 042   18894.10     -401.59    53281.34    99999.00
1958-02-11 16:04:00.000 042   18894.36     -401.54    53282.56    99999.00
1958-02-11 16:05:00.000 042   18896.00     -401.47    53283.57    99999.00
1958-02-11 16:06:00.000 042   18898.09     -401.37    53284.24    99999.00
1958-02-11 16:07:00.000 042   18900.10     -401.23    53284.52    99999.00
1958-02-11 16:08:00.000 042   18901.59     -401.08    53284.34    99999.00
1958-02-11 16:09:00.000 042   18901.96     -400.92    53283.79    99999.00
1958-02-11 16:10:00.000 042   18900.41     -400.78    53283.00    99999.00
1958-02-11 16:11:00.000 042   18897.01     -400.67    53282.10    99999.00
1958-02-11 16:12:00.000 042   18892.89     -400.63    53281.18    99999.00
1958-02-11 16:13:00.000 042   18889.81     -400.76    53280.37    99999.00
1958-02-11 16:14:00.000 042   18889.19     -401.10    53279.83    99999.00
1958-02-11 16:15:00.000 042   18891.12     -401.28    53279.84    99999.00
1958-02-11 16:16:00.000 042   18894.44     -400.95    53280.81    99999.00
1958-02-11 16:17:00.000 042   18898.21     -400.39    53282.87    99999.00
1958-02-11 16:18:00.000 042   18901.55     -399.73    53285.39    99999.00
1958-02-11 16:19:00.000 042   18903.01     -399.03    53286.93    99999.00
1958-02-11 16:20:00.000 042   18899.48     -398.38    53286.71    99999.00
1958-02-11 16:21:00.000 042   18888.45     -397.88    53285.52    99999.00
1958-02-11 16:22:00.000 042   18885.43     -397.60    53284.06    99999.00
1958-02-11 16:23:00.000 042   18889.22     -397.56    53282.67    99999.00
1958-02-11 16:24:00.000 042   18885.53     -397.73    53281.55    99999.00
1958-02-11 16:25:00.000 042   18885.51     -398.00    53280.74    99999.00
1958-02-11 16:26:00.000 042   18887.67     -398.30    53280.25    99999.00
1958-02-11 16:27:00.000 042   18890.85     -398.58    53279.97    99999.00
1958-02-11 16:28:00.000 042   18894.67     -398.81    53279.83    99999.00
1958-02-11 16:29:00.000 042   18899.01     -398.94    53279.80    99999.00
1958-02-11 16:30:00.000 042   18903.55     -399.00    53279.83    99999.00
1958-02-11 16:31:00.000 042   18907.32     -398.99    53279.91    99999.00
1958-02-11 16:32:00.000 042   18909.18     -398.93    53280.01    99999.00
1958-02-11 16:33:00.000 042   18908.61     -398.81    53280.11    99999.00
1958-02-11 16:34:00.000 042   18906.58     -398.65    53280.19    99999.00
1958-02-11 16:35:00.000 042   18904.27     -398.46    53280.25    99999.00
1958-02-11 16:36:00.000 042   18902.80     -398.25    53280.29    99999.00
1958-02-11 16:37:00.000 042   18903.37     -398.04    53280.31    99999.00
1958-02-11 16:38:00.000 042   18906.08     -397.88    53280.31    99999.00
1958-02-11 16:39:00.000 042   18909.27     -397.78    53280.31    99999.00
1958-02-11 16:40:00.000 042   18910.67     -397.77    53280.30    99999.00
1958-02-11 16:41:00.000 042   18909.50     -397.87    53280.27    99999.00
1958-02-11 16:42:00.000 042   18908.12     -398.06    53280.25    99999.00
1958-02-11 16:43:00.000 042   18908.25     -398.29    53280.23    99999.00
1958-02-11 16:44:00.000 042   18910.50     -398.54    53280.20    99999.00
1958-02-11 16:45:00.000 042   18914.69     -398.75    53280.19    99999.00
1958-02-11 16:46:00.000 042   18919.81     -398.89    53280.18    99999.00
1958-02-11 16:47:00.000 042   18925.10     -398.87    53280.22    99999.00
1958-02-11 16:48:00.000 042   18929.83     -398.58    53280.35    99999.00
1958-02-11 16:49:00.000 042   18932.75     -397.92    53280.65    99999.00
1958-02-11 16:50:00.000 042   18929.89     -396.98    53281.30    99999.00
1958-02-11 16:51:00.000 042   18911.86     -396.71    53282.67    99999.00
1958-02-11 16:52:00.000 042   18929.85     -398.05    53286.03    99999.00
1958-02-11 16:53:00.000 042   18916.96     -396.76    53294.93    99999.00
1958-02-11 16:54:00.000 042   18933.70     -397.57    53288.94    99999.00
1958-02-11 16:55:00.000 042   18914.51     -398.98    53280.29    99999.00
1958-02-11 16:56:00.000 042   18895.44     -398.00    53274.99    99999.00
1958-02-11 16:57:00.000 042   18921.69     -397.09    53276.97    99999.00
1958-02-11 16:58:00.000 042   18956.90     -397.23    53287.32    99999.00
1958-02-11 16:59:00.000 042   18965.38     -397.77    53299.01    99999.00
1958-02-11 17:00:00.000 042   18956.23     -398.10    53297.65    99999.00
1958-02-11 17:01:00.000 042   18941.86     -398.15    53290.57    99999.00
1958-02-11 17:02:00.000 042   18927.88     -398.15    53296.95    99999.00
1958-02-11 17:03:00.000 042   18920.54     -398.39    53294.88    99999.00
1958-02-11 17:04:00.000 042   18927.71     -399.57    53290.45    99999.00
1958-02-11 17:05:00.000 042   18918.96     -399.77    53293.61    99999.00
1958-02-11 17:06:00.000 042   18924.50     -398.78    53299.94    99999.00
1958-02-11 17:07:00.000 042   18961.20     -398.78    53293.56    99999.00
1958-02-11 17:08:00.000 042   18959.35     -399.06    53289.76    99999.00
1958-02-11 17:09:00.000 042   18932.04     -399.39    53296.58    99999.00
1958-02-11 17:10:00.000 042   18912.80     -399.70    53296.00    99999.00
1958-02-11 17:11:00.000 042   18921.45     -399.95    53292.17    99999.00
1958-02-11 17:12:00.000 042   18931.38     -400.13    53290.20    99999.00
1958-02-11 17:13:00.000 042   18938.94     -400.24    53289.92    99999.00
1958-02-11 17:14:00.000 042   18942.84     -400.30    53290.54    99999.00
1958-02-11 17:15:00.000 042   18942.33     -400.30    53291.74    99999.00
1958-02-11 17:16:00.000 042   18938.90     -400.24    53293.42    99999.00
1958-02-11 17:17:00.000 042   18934.73     -400.12    53295.68    99999.00
1958-02-11 17:18:00.000 042   18934.61     -399.90    53298.88    99999.00
1958-02-11 17:19:00.000 042   18939.00     -399.60    53295.73    99999.00
1958-02-11 17:20:00.000 042   18933.34     -399.28    53297.85    99999.00
1958-02-11 17:21:00.000 042   18940.80     -399.06    53302.69    99999.00
1958-02-11 17:22:00.000 042   18952.16     -399.09    53300.85    99999.00
1958-02-11 17:23:00.000 042   18942.22     -399.48    53299.18    99999.00
1958-02-11 17:24:00.000 042   18928.37     -400.06    53302.89    99999.00
1958-02-11 17:25:00.000 042   18937.18     -400.64    53305.37    99999.00
1958-02-11 17:26:00.000 042   18938.79     -401.03    53301.24    99999.00
1958-02-11 17:27:00.000 042   18918.70     -401.10    53304.80    99999.00
1958-02-11 17:28:00.000 042   18938.84     -400.85    53308.57    99999.00
1958-02-11 17:29:00.000 042   18959.79     -400.43    53305.19    99999.00
1958-02-11 17:30:00.000 042   18950.45     -399.99    53302.56    99999.00
1958-02-11 17:31:00.000 042   18958.12     -399.69    53305.62    99999.00
1958-02-11 17:32:00.000 042   18957.10     -399.77    53305.56    99999.00
1958-02-11 17:33:00.000 042   18950.69     -400.20    53303.56    99999.00
1958-02-11 17:34:00.000 042   18943.36     -400.68    53301.69    99999.00
1958-02-11 17:35:00.000 042   18936.60     -400.60    53306.13    99999.00
1958-02-11 17:36:00.000 042   18935.87     -399.89    53302.23    99999.00
1958-02-11 17:37:00.000 042   18938.63     -400.10    53297.88    99999.00
1958-02-11 17:38:00.000 042   18941.98     -401.01    53297.85    99999.00
1958-02-11 17:39:00.000 042   18956.45     -399.83    53303.11    99999.00
1958-02-11 17:40:00.000 042   18966.25     -399.78    53302.19    99999.00
1958-02-11 17:41:00.000 042   18952.52     -400.06    53299.27    99999.00
1958-02-11 17:42:00.000 042   18938.61     -400.45    53307.22    99999.00
1958-02-11 17:43:00.000 042   18955.45     -400.87    53306.27    99999.00
1958-02-11 17:44:00.000 042   18942.02     -401.29    53302.15    99999.00
1958-02-11 17:45:00.000 042   18940.73     -401.60    53299.36    99999.00
1958-02-11 17:46:00.000 042   18954.74     -401.72    53303.23    99999.00
1958-02-11 17:47:00.000 042   18953.32     -401.68    53295.21    99999.00
1958-02-11 17:48:00.000 042   18935.88     -401.58    53302.43    99999.00
1958-02-11 17:49:00.000 042   18957.30     -401.49    53306.69    99999.00
1958-02-11 17:50:00.000 042   18959.85     -401.42    53303.51    99999.00
1958-02-11 17:51:00.000 042   18949.80     -401.36    53301.07    99999.00
1958-02-11 17:52:00.000 042   18943.29     -401.30    53299.58    99999.00
1958-02-11 17:53:00.000 042   18952.65     -401.25    53298.80    99999.00
1958-02-11 17:54:00.000 042   18944.29     -401.19    53298.93    99999.00
1958-02-11 17:55:00.000 042   18940.64     -401.14    53301.71    99999.00
1958-02-11 17:56:00.000 042   18963.91     -401.08    53303.72    99999.00
1958-02-11 17:57:00.000 042   18953.62     -401.01    53300.48    99999.00
1958-02-11 17:58:00.000 042   18946.06     -400.95    53301.56    99999.00
1958-02-11 17:59:00.000 042   18960.20     -400.90    53300.05    99999.00
1958-02-11 18:00:00.000 042   18949.31     -400.92    53298.70    99999.00
1958-02-11 18:01:00.000 042   18960.13     -401.04    53298.83    99999.00
1958-02-11 18:02:00.000 042   18974.76     -401.29    53300.07    99999.00
1958-02-11 18:03:00.000 042   18963.06     -401.65    53301.97    99999.00
1958-02-11 18:04:00.000 042   18971.56     -402.04    53304.40    99999.00
1958-02-11 18:05:00.000 042   18971.58     -402.44    53307.41    99999.00
1958-02-11 18:06:00.000 042   18964.28     -402.79    53310.48    99999.00
1958-02-11 18:07:00.000 042   18964.30     -403.02    53309.51    99999.00
1958-02-11 18:08:00.000 042   18963.24     -403.01    53301.19    99999.00
1958-02-11 18:09:00.000 042   18940.83     -402.58    53299.63    99999.00
1958-02-11 18:10:00.000 042   18981.10     -401.72    53302.59    99999.00
1958-02-11 18:11:00.000 042   18974.00     -400.90    53298.44    99999.00
1958-02-11 18:12:00.000 042   18966.27     -400.70    53298.85    99999.00
1958-02-11 18:13:00.000 042   18984.57     -401.66    53305.19    99999.00
1958-02-11 18:14:00.000 042   18973.42     -403.45    53298.97    99999.00
1958-02-11 18:15:00.000 042   18956.46     -403.70    53293.28    99999.00
1958-02-11 18:16:00.000 042   18959.59     -403.15    53303.36    99999.00
1958-02-11 18:17:00.000 042   18995.00     -405.48    53294.53    99999.00
1958-02-11 18:18:00.000 042   18970.14     -398.49    53307.15    99999.00
1958-02-11 18:19:00.000 042   19005.85     -402.69    53308.01    99999.00
1958-02-11 18:20:00.000 042   18972.75     -401.64    53301.06    99999.00
1958-02-11 18:21:00.000 042   18959.37     -401.98    53311.73    99999.00
1958-02-11 18:22:00.000 042   18972.97     -404.59    53299.15    99999.00
1958-02-11 18:23:00.000 042   18943.03     -403.97    53291.61    99999.00
1958-02-11 18:24:00.000 042   18986.56     -402.56    53306.52    99999.00
1958-02-11 18:25:00.000 042   19031.60     -401.34    53292.63    99999.00
1958-02-11 18:26:00.000 042   18994.46     -401.06    53311.16    99999.00
1958-02-11 18:27:00.000 042   19007.59     -402.53    53316.16    99999.00
1958-02-11 18:28:00.000 042   18963.99     -404.89    53304.93    99999.00
1958-02-11 18:29:00.000 042   18965.44     -406.19    53312.03    99999.00
1958-02-11 18:30:00.000 042   18988.88     -405.87    53310.41    99999.00
1958-02-11 18:31:00.000 042   18976.48     -404.94    53309.60    99999.00
1958-02-11 18:32:00.000 042   18980.86     -404.12    53312.80    99999.00
1958-02-11 18:33:00.000 042   18999.83     -404.23    53314.97    99999.00
1958-02-11 18:34:00.000 042   18970.13     -405.41    53316.14    99999.00
1958-02-11 18:35:00.000 042   18968.41     -406.63    53316.70    99999.00
1958-02-11 18:36:00.000 042   18985.43     -406.83    53316.85    99999.00
1958-02-11 18:37:00.000 042   18963.79     -406.07    53316.64    99999.00
1958-02-11 18:38:00.000 042   18980.67     -405.02    53316.06    99999.00
1958-02-11 18:39:00.000 042   18973.92     -404.23    53315.03    99999.00
1958-02-11 18:40:00.000 042   18957.23     -404.42    53313.45    99999.00
1958-02-11 18:41:00.000 042   18943.06     -405.43    53311.48    99999.00
1958-02-11 18:42:00.000 042   18967.27     -406.23    53309.56    99999.00
1958-02-11 18:43:00.000 042   18951.80     -406.33    53308.10    99999.00
1958-02-11 18:44:00.000 042   18962.08     -405.95    53307.28    99999.00
1958-02-11 18:45:00.000 042   18970.04     -405.31    53306.99    99999.00
1958-02-11 18:46:00.000 042   18953.62     -404.52    53307.07    99999.00
1958-02-11 18:47:00.000 042   18941.01     -403.68    53307.45    99999.00
1958-02-11 18:48:00.000 042   18944.72     -403.02    53308.14    99999.00
1958-02-11 18:49:00.000 042   18956.50     -403.72    53309.24    99999.00
1958-02-11 18:50:00.000 042   18963.16     -404.65    53311.38    99999.00
1958-02-11 18:51:00.000 042   18960.38     -403.97    53308.70    99999.00
1958-02-11 18:52:00.000 042   18952.40     -404.58    53305.67    99999.00
1958-02-11 18:53:00.000 042   18943.90     -405.33    53307.30    99999.00
1958-02-11 18:54:00.000 042   18945.13     -405.94    53311.77    99999.00
1958-02-11 18:55:00.000 042   18987.43     -405.82    53316.04    99999.00
1958-02-11 18:56:00.000 042   18985.47     -404.99    53318.84    99999.00
1958-02-11 18:57:00.000 042   18975.28     -406.76    53319.83    99999.00
1958-02-11 18:58:00.000 042   18963.28     -406.56    53319.52    99999.00
1958-02-11 18:59:00.000 042   18952.96     -405.71    53318.48    99999.00
1958-02-11 19:00:00.000 042   18963.21     -404.78    53317.06    99999.00
1958-02-11 19:01:00.000 042   18953.94     -404.13    53315.51    99999.00
1958-02-11 19:02:00.000 042   18962.87     -404.18    53314.03    99999.00
1958-02-11 19:03:00.000 042   18952.61     -404.90    53312.77    99999.00
1958-02-11 19:04:00.000 042   18939.45     -405.59    53311.76    99999.00
1958-02-11 19:05:00.000 042   18943.51     -405.83    53310.95    99999.00
1958-02-11 19:06:00.000 042   18966.04     -405.78    53310.29    99999.00
1958-02-11 19:07:00.000 042   18958.82     -405.61    53309.78    99999.00
1958-02-11 19:08:00.000 042   18953.08     -405.41    53309.36    99999.00
1958-02-11 19:09:00.000 042   18957.58     -405.22    53309.01    99999.00
1958-02-11 19:10:00.000 042   18958.42     -405.08    53308.71    99999.00
1958-02-11 19:11:00.000 042   18952.10     -404.97    53308.46    99999.00
1958-02-11 19:12:00.000 042   18962.87     -404.91    53308.27    99999.00
1958-02-11 19:13:00.000 042   18971.28     -404.92    53308.20    99999.00
1958-02-11 19:14:00.000 042   18968.12     -405.03    53308.26    99999.00
1958-02-11 19:15:00.000 042   18966.11     -405.35    53308.52    99999.00
1958-02-11 19:16:00.000 042   18971.45     -406.20    53309.05    99999.00
1958-02-11 19:17:00.000 042   18979.29     -406.78    53309.99    99999.00
1958-02-11 19:18:00.000 042   18986.94     -405.84    53311.49    99999.00
1958-02-11 19:19:00.000 042   18981.96     -405.20    53313.59    99999.00
1958-02-11 19:20:00.000 042   18991.20     -405.70    53315.99    99999.00
1958-02-11 19:21:00.000 042   19000.34     -407.18    53317.09    99999.00
1958-02-11 19:22:00.000 042   18994.16     -408.32    53315.11    99999.00
1958-02-11 19:23:00.000 042   18982.65     -407.93    53315.85    99999.00
1958-02-11 19:24:00.000 042   18984.53     -406.79    53318.09    99999.00
1958-02-11 19:25:00.000 042   18994.89     -406.00    53320.44    99999.00
1958-02-11 19:26:00.000 042   18997.90     -405.93    53322.32    99999.00
1958-02-11 19:27:00.000 042   18989.80     -406.30    53323.27    99999.00
1958-02-11 19:28:00.000 042   18977.89     -406.84    53322.83    99999.00
1958-02-11 19:29:00.000 042   18970.10     -407.36    53321.38    99999.00
1958-02-11 19:30:00.000 042   18976.11     -407.56    53319.88    99999.00
1958-02-11 19:31:00.000 042   18985.11     -407.25    53320.25    99999.00
1958-02-11 19:32:00.000 042   18979.45     -407.01    53324.16    99999.00
1958-02-11 19:33:00.000 042   18973.47     -408.58    53325.43    99999.00
1958-02-11 19:34:00.000 042   18980.37     -409.02    53311.96    99999.00
1958-02-11 19:35:00.000 042   18941.50     -408.94    53316.77    99999.00
1958-02-11 19:36:00.000 042   18956.04     -408.60    53317.55    99999.00
1958-02-11 19:37:00.000 042   18967.60     -408.05    53314.49    99999.00
1958-02-11 19:38:00.000 042   18963.84     -407.23    53315.61    99999.00
1958-02-11 19:39:00.000 042   18966.93     -406.01    53318.19    99999.00
1958-02-11 19:40:00.000 042   18947.81     -404.56    53320.32    99999.00
1958-02-11 19:41:00.000 042   18955.14     -403.72    53320.72    99999.00
1958-02-11 19:42:00.000 042   18957.02     -404.06    53318.00    99999.00
1958-02-11 19:43:00.000 042   18933.71     -405.06    53312.87    99999.00
1958-02-11 19:44:00.000 042   18948.77     -406.15    53308.19    99999.00
1958-02-11 19:45:00.000 042   18951.89     -406.75    53310.74    99999.00
1958-02-11 19:46:00.000 042   18943.56     -406.30    53319.20    99999.00
1958-02-11 19:47:00.000 042   18970.23     -405.81    53320.78    99999.00
1958-02-11 19:48:00.000 042   18965.08     -406.67    53317.30    99999.00
1958-02-11 19:49:00.000 042   18950.11     -407.72    53313.49    99999.00
1958-02-11 19:50:00.000 042   18954.51     -407.93    53312.07    99999.00
1958-02-11 19:51:00.000 042   18964.90     -407.49    53314.34    99999.00
1958-02-11 19:52:00.000 042   18975.29     -407.06    53318.14    99999.00
1958-02-11 19:53:00.000 042   18980.85     -407.23    53320.29    99999.00
1958-02-11 19:54:00.000 042   18974.86     -407.57    53318.25    99999.00
1958-02-11 19:55:00.000 042   18958.35     -407.34    53314.17    99999.00
1958-02-11 19:56:00.000 042   18963.01     -406.72    53311.07    99999.00
1958-02-11 19:57:00.000 042   18950.76     -406.24    53310.52    99999.00
1958-02-11 19:58:00.000 042   18959.47     -406.05    53312.06    99999.00
1958-02-11 19:59:00.000 042   18967.43     -406.11    53314.56    99999.00
1958-02-11 20:00:00.000 042   18965.26     -406.33    53317.02    99999.00
1958-02-11 20:01:00.000 042   18954.44     -406.67    53316.68    99999.00
1958-02-11 20:02:00.000 042   18942.49     -407.14    53310.41    99999.00
1958-02-11 20:03:00.000 042   18940.60     -407.77    53315.35    99999.00
1958-02-11 20:04:00.000 042   18965.85     -408.48    53310.97    99999.00
1958-02-11 20:05:00.000 042   18956.42     -408.50    53308.23    99999.00
1958-02-11 20:06:00.000 042   18981.23     -407.56    53316.58    99999.00
1958-02-11 20:07:00.000 042   18979.45     -408.79    53310.29    99999.00
1958-02-11 20:08:00.000 042   18965.84     -408.82    53310.25    99999.00
1958-02-11 20:09:00.000 042   18983.27     -406.18    53318.69    99999.00
1958-02-11 20:10:00.000 042   18955.48     -407.98    53306.31    99999.00
1958-02-11 20:11:00.000 042   18954.26     -406.85    53316.29    99999.00
1958-02-11 20:12:00.000 042   18978.61     -408.09    53309.62    99999.00
1958-02-11 20:13:00.000 042   18960.68     -409.09    53306.40    99999.00
1958-02-11 20:14:00.000 042   18969.12     -409.11    53312.72    99999.00
1958-02-11 20:15:00.000 042   18981.96     -406.96    53321.52    99999.00
1958-02-11 20:16:00.000 042   18974.58     -407.26    53322.05    99999.00
1958-02-11 20:17:00.000 042   18921.46     -416.44    53282.84    99999.00
1958-02-11 20:18:00.000 042   18962.24     -409.98    53315.61    99999.00
1958-02-11 20:19:00.000 042   19050.75     -402.90    53335.45    99999.00
1958-02-11 20:20:00.000 042   18962.61     -410.05    53300.50    99999.00
1958-02-11 20:21:00.000 042   18929.37     -409.17    53311.55    99999.00
1958-02-11 20:22:00.000 042   18995.98     -407.25    53322.87    99999.00
1958-02-11 20:23:00.000 042   18946.96     -407.29    53290.13    99999.00
1958-02-11 20:24:00.000 042   18912.13     -409.55    53309.79    99999.00
1958-02-11 20:25:00.000 042   18933.12     -410.16    53300.22    99999.00
1958-02-11 20:26:00.000 042   18969.01     -407.58    53308.08    99999.00
1958-02-11 20:27:00.000 042   18993.80     -405.26    53312.31    99999.00
1958-02-11 20:28:00.000 042   18987.80     -404.42    53311.69    99999.00
1958-02-11 20:29:00.000 042   18958.82     -404.72    53308.72    99999.00
1958-02-11 20:30:00.000 042   18946.31     -405.54    53304.87    99999.00
1958-02-11 20:31:00.000 042   18961.99     -406.54    53300.94    99999.00
1958-02-11 20:32:00.000 042   18955.49     -407.29    53298.35    99999.00
1958-02-11 20:33:00.000 042   18973.57     -406.80    53305.25    99999.00
1958-02-11 20:34:00.000 042   18988.10     -405.47    53304.61    99999.00
1958-02-11 20:35:00.000 042   18972.46     -404.82    53298.31    99999.00
1958-02-11 20:36:00.000 042   18952.74     -404.64    53309.23    99999.00
1958-02-11 20:37:00.000 042   18996.08     -404.65    53310.01    99999.00
1958-02-11 20:38:00.000 042   18999.43     -404.74    53306.90    99999.00
1958-02-11 20:39:00.000 042   18980.89     -404.85    53303.02    99999.00
1958-02-11 20:40:00.000 042   18968.45     -404.91    53299.22    99999.00
1958-02-11 20:41:00.000 042   18977.50     -404.82    53296.41    99999.00
1958-02-11 20:42:00.000 042   18997.76     -404.34    53297.80    99999.00
1958-02-11 20:43:00.000 042   19009.06     -403.64    53304.37    99999.00
1958-02-11 20:44:00.000 042   19003.23     -403.93    53302.73    99999.00
1958-02-11 20:45:00.000 042   18990.74     -404.72    53298.93    99999.00
1958-02-11 20:46:00.000 042   18982.98     -405.35    53295.71    99999.00
1958-02-11 20:47:00.000 042   18992.84     -405.45    53296.31    99999.00
1958-02-11 20:48:00.000 042   19017.45     -404.85    53304.42    99999.00
1958-02-11 20:49:00.000 042   19015.50     -403.99    53310.35    99999.00
1958-02-11 20:50:00.000 042   18984.84     -403.65    53309.83    99999.00
1958-02-11 20:51:00.000 042   18974.39     -404.31    53305.80    99999.00
1958-02-11 20:52:00.000 042   18973.05     -404.99    53301.00    99999.00
1958-02-11 20:53:00.000 042   18979.81     -404.90    53298.71    99999.00
1958-02-11 20:54:00.000 042   18990.64     -404.18    53303.44    99999.00
1958-02-11 20:55:00.000 042   18991.56     -403.29    53306.45    99999.00
1958-02-11 20:56:00.000 042   18980.49     -402.56    53304.53    99999.00
1958-02-11 20:57:00.000 042   18970.52     -402.32    53301.71    99999.00
1958-02-11 20:58:00.000 042   18970.32     -402.64    53299.55    99999.00
1958-02-11 20:59:00.000 042   18977.95     -403.15    53298.56    99999.00
1958-02-11 21:00:00.000 042   18986.67     -403.50    53298.65    99999.00
1958-02-11 21:01:00.000 042   18990.87     -403.57    53300.57    99999.00
1958-02-11 21:02:00.000 042   18989.59     -403.42    53304.88    99999.00
1958-02-11 21:03:00.000 042   18984.90     -403.16    53303.01    99999.00
1958-02-11 21:04:00.000 042   18979.11     -402.86    53300.97    99999.00
1958-02-11 21:05:00.000 042   18974.10     -402.56    53298.98    99999.00
1958-02-11 21:06:00.000 042   18970.68     -402.32    53297.14    99999.00
1958-02-11 21:07:00.000 042   18969.01     -402.17    53295.54    99999.00
1958-02-11 21:08:00.000 042   18970.15     -402.13    53294.32    99999.00
1958-02-11 21:09:00.000 042   18976.00     -402.18    53293.81    99999.00
1958-02-11 21:10:00.000 042   18990.58     -402.27    53294.61    99999.00
1958-02-11 21:11:00.000 042   19011.88     -402.37    53297.35    99999.00
1958-02-11 21:12:00.000 042   19023.80     -402.46    53301.70    99999.00
1958-02-11 21:13:00.000 042   19017.26     -402.51    53303.03    99999.00
1958-02-11 21:14:00.000 042   19000.51     -402.52    53301.81    99999.00
1958-02-11 21:15:00.000 042   18982.73     -402.49    53300.42    99999.00
1958-02-11 21:16:00.000 042   18981.56     -402.41    53299.45    99999.00
1958-02-11 21:17:00.000 042   18986.24     -402.30    53298.81    99999.00
1958-02-11 21:18:00.000 042   18991.47     -402.13    53298.31    99999.00
1958-02-11 21:19:00.000 042   18996.46     -401.89    53297.88    99999.00
1958-02-11 21:20:00.000 042   19000.59     -401.54    53297.43    99999.00
1958-02-11 21:21:00.000 042   19001.62     -401.13    53296.88    99999.00
1958-02-11 21:22:00.000 042   18995.23     -400.86    53296.13    99999.00
1958-02-11 21:23:00.000 042   19002.95     -400.89    53295.26    99999.00
1958-02-11 21:24:00.000 042   18998.98     -401.14    53294.69    99999.00
1958-02-11 21:25:00.000 042   19002.60     -401.44    53294.97    99999.00
1958-02-11 21:26:00.000 042   19010.43     -401.69    53296.39    99999.00
1958-02-11 21:27:00.000 042   19017.07     -401.82    53298.44    99999.00
1958-02-11 21:28:00.000 042   19021.12     -401.83    53300.42    99999.00
1958-02-11 21:29:00.000 042   19021.59     -401.72    53301.74    99999.00
1958-02-11 21:30:00.000 042   19017.58     -401.55    53301.83    99999.00
1958-02-11 21:31:00.000 042   19010.01     -401.31    53300.23    99999.00
1958-02-11 21:32:00.000 042   19000.35     -401.05    53297.32    99999.00
1958-02-11 21:33:00.000 042   18990.55     -400.80    53293.90    99999.00
1958-02-11 21:34:00.000 042   18987.06     -400.61    53291.66    99999.00
1958-02-11 21:35:00.000 042   19007.68     -400.51    53294.35    99999.00
1958-02-11 21:36:00.000 042   19008.86     -400.58    53297.71    99999.00
1958-02-11 21:37:00.000 042   19001.82     -400.86    53296.85    99999.00
1958-02-11 21:38:00.000 042   18994.51     -401.32    53294.37    99999.00
1958-02-11 21:39:00.000 042   18990.17     -401.84    53291.76    99999.00
1958-02-11 21:40:00.000 042   18993.79     -402.14    53290.12    99999.00
1958-02-11 21:41:00.000 042   19007.19     -401.53    53291.79    99999.00
1958-02-11 21:42:00.000 042   19017.07     -400.70    53297.11    99999.00
1958-02-11 21:43:00.000 042   19005.02     -400.48    53292.36    99999.00
1958-02-11 21:44:00.000 042   18992.10     -400.62    53297.79    99999.00
1958-02-11 21:45:00.000 042   18991.83     -400.89    53296.83    99999.00
1958-02-11 21:46:00.000 042   18985.31     -401.20    53294.08    99999.00
1958-02-11 21:47:00.000 042   18992.97     -401.49    53291.09    99999.00
1958-02-11 21:48:00.000 042   19002.25     -401.67    53288.50    99999.00
1958-02-11 21:49:00.000 042   19008.69     -401.46    53288.08    99999.00
1958-02-11 21:50:00.000 042   19008.21     -400.64    53297.32    99999.00
1958-02-11 21:51:00.000 042   18998.33     -400.22    53297.78    99999.00
1958-02-11 21:52:00.000 042   18984.86     -400.24    53295.30    99999.00
1958-02-11 21:53:00.000 042   18976.42     -400.42    53292.33    99999.00
1958-02-11 21:54:00.000 042   18978.17     -400.65    53289.42    99999.00
1958-02-11 21:55:00.000 042   18986.48     -400.89    53286.94    99999.00
1958-02-11 21:56:00.000 042   18996.22     -401.12    53285.38    99999.00
1958-02-11 21:57:00.000 042   19003.87     -401.28    53285.49    99999.00
1958-02-11 21:58:00.000 042   19006.56     -401.33    53287.62    99999.00
1958-02-11 21:59:00.000 042   19003.13     -401.19    53291.11    99999.00
1958-02-11 22:00:00.000 042   18995.63     -400.86    53294.02    99999.00
1958-02-11 22:01:00.000 042   18986.39     -400.46    53294.01    99999.00
1958-02-11 22:02:00.000 042   18978.20     -400.14    53291.64    99999.00
1958-02-11 22:03:00.000 042   18975.39     -399.97    53288.28    99999.00
1958-02-11 22:04:00.000 042   18981.02     -399.93    53285.46    99999.00
1958-02-11 22:05:00.000 042   18994.19     -399.96    53285.23    99999.00
1958-02-11 22:06:00.000 042   19008.19     -400.05    53288.36    99999.00
1958-02-11 22:07:00.000 042   19013.75     -400.16    53292.49    99999.00
1958-02-11 22:08:00.000 042   19006.45     -400.30    53294.18    99999.00
1958-02-11 22:09:00.000 042   19000.39     -400.45    53294.44    99999.00
1958-02-11 22:10:00.000 042   19002.65     -400.61    53294.25    99999.00
1958-02-11 22:11:00.000 042   19009.73     -400.77    53294.00    99999.00
1958-02-11 22:12:00.000 042   19018.05     -400.92    53293.93    99999.00
1958-02-11 22:13:00.000 042   19025.23     -401.07    53294.32    99999.00
1958-02-11 22:14:00.000 042   19026.62     -401.21    53295.40    99999.00
1958-02-11 22:15:00.000 042   19018.64     -401.34    53296.91    99999.00
1958-02-11 22:16:00.000 042   19015.35     -401.47    53298.44    99999.00
1958-02-11 22:17:00.000 042   19017.77     -401.59    53299.73    99999.00
1958-02-11 22:18:00.000 042   19017.86     -401.71    53300.79    99999.00
1958-02-11 22:19:00.000 042   19007.94     -401.82    53301.65    99999.00
1958-02-11 22:20:00.000 042   18996.14     -401.93    53302.31    99999.00
1958-02-11 22:21:00.000 042   18992.88     -402.04    53302.73    99999.00
1958-02-11 22:22:00.000 042   18994.08     -402.15    53302.77    99999.00
1958-02-11 22:23:00.000 042   18996.14     -402.26    53302.16    99999.00
1958-02-11 22:24:00.000 042   18996.70     -402.37    53301.00    99999.00
1958-02-11 22:25:00.000 042   18994.37     -402.48    53300.01    99999.00
1958-02-11 22:26:00.000 042   18991.02     -402.57    53299.42    99999.00
1958-02-11 22:27:00.000 042   18992.79     -402.62    53299.12    99999.00
1958-02-11 22:28:00.000 042   18997.12     -402.62    53298.99    99999.00
1958-02-11 22:29:00.000 042   18989.01     -402.52    53298.97    99999.00
1958-02-11 22:30:00.000 042   18983.96     -402.34    53299.06    99999.00
1958-02-11 22:31:00.000 042   18987.99     -402.16    53299.24    99999.00
1958-02-11 22:32:00.000 042   18990.25     -402.15    53299.51    99999.00
1958-02-11 22:33:00.000 042   18990.47     -402.68    53299.91    99999.00
1958-02-11 22:34:00.000 042   18989.68     -403.73    53300.39    99999.00
1958-02-11 22:35:00.000 042   18988.28     -404.35    53300.86    99999.00
1958-02-11 22:36:00.000 042   18986.44     -404.32    53301.13    99999.00
1958-02-11 22:37:00.000 042   18984.20     -403.98    53301.05    99999.00
1958-02-11 22:38:00.000 042   18981.57     -403.52    53300.54    99999.00
1958-02-11 22:39:00.000 042   18978.60     -403.07    53299.76    99999.00
1958-02-11 22:40:00.000 042   18975.57     -402.76    53298.89    99999.00
1958-02-11 22:41:00.000 042   18973.04     -402.80    53298.02    99999.00
1958-02-11 22:42:00.000 042   18971.83     -403.10    53297.28    99999.00
1958-02-11 22:43:00.000 042   18972.76     -403.40    53296.74    99999.00
1958-02-11 22:44:00.000 042   18975.06     -403.59    53296.50    99999.00
1958-02-11 22:45:00.000 042   18977.32     -403.68    53296.50    99999.00
1958-02-11 22:46:00.000 042   18978.72     -403.71    53296.69    99999.00
1958-02-11 22:47:00.000 042   18979.03     -403.70    53296.99    99999.00
1958-02-11 22:48:00.000 042   18978.58     -403.66    53297.32    99999.00
1958-02-11 22:49:00.000 042   18977.73     -403.59    53297.66    99999.00
1958-02-11 22:50:00.000 042   18976.68     -403.48    53297.95    99999.00
1958-02-11 22:51:00.000 042   18975.64     -403.34    53298.16    99999.00
1958-02-11 22:52:00.000 042   18974.79     -403.14    53298.30    99999.00
1958-02-11 22:53:00.000 042   18974.44     -402.90    53298.36    99999.00
1958-02-11 22:54:00.000 042   18974.67     -402.67    53298.38    99999.00
1958-02-11 22:55:00.000 042   18975.33     -402.56    53298.34    99999.00
1958-02-11 22:56:00.000 042   18975.97     -402.76    53298.25    99999.00
1958-02-11 22:57:00.000 042   18975.92     -403.11    53298.12    99999.00
1958-02-11 22:58:00.000 042   18975.22     -403.36    53297.96    99999.00
1958-02-11 22:59:00.000 042   18974.49     -403.42    53297.78    99999.00
1958-02-11 23:00:00.000 042   18974.07     -403.35    53297.56    99999.00
1958-02-11 23:01:00.000 042   18974.03     -403.21    53297.32    99999.00
1958-02-11 23:02:00.000 042   18974.38     -403.06    53297.05    99999.00
1958-02-11 23:03:00.000 042   18974.98     -402.92    53296.79    99999.00
1958-02-11 23:04:00.000 042   18975.77     -402.82    53296.50    99999.00
1958-02-11 23:05:00.000 042   18976.71     -402.79    53296.22    99999.00
1958-02-11 23:06:00.000 042   18977.78     -402.85    53295.94    99999.00
1958-02-11 23:07:00.000 042   18979.02     -403.00    53295.66    99999.00
1958-02-11 23:08:00.000 042   18980.49     -403.22    53295.39    99999.00
1958-02-11 23:09:00.000 042   18982.85     -403.48    53295.13    99999.00
1958-02-11 23:10:00.000 042   18982.07     -403.72    53294.88    99999.00
1958-02-11 23:11:00.000 042   18981.33     -403.87    53294.65    99999.00
1958-02-11 23:12:00.000 042   18981.76     -403.81    53294.44    99999.00
1958-02-11 23:13:00.000 042   18983.05     -403.52    53294.26    99999.00
1958-02-11 23:14:00.000 042   18983.96     -403.25    53294.10    99999.00
1958-02-11 23:15:00.000 042   18983.22     -403.49    53293.99    99999.00
1958-02-11 23:16:00.000 042   18980.21     -404.03    53293.92    99999.00
1958-02-11 23:17:00.000 042   18976.50     -404.32    53293.90    99999.00
1958-02-11 23:18:00.000 042   18974.34     -404.20    53293.92    99999.00
1958-02-11 23:19:00.000 042   18975.54     -403.86    53293.99    99999.00
1958-02-11 23:20:00.000 042   18978.63     -403.47    53294.10    99999.00
1958-02-11 23:21:00.000 042   18980.65     -403.11    53294.25    99999.00
1958-02-11 23:22:00.000 042   18979.41     -402.82    53294.43    99999.00
1958-02-11 23:23:00.000 042   18978.20     -402.62    53294.63    99999.00
1958-02-11 23:24:00.000 042   18978.76     -402.48    53294.84    99999.00
1958-02-11 23:25:00.000 042   18980.70     -402.39    53295.05    99999.00
1958-02-11 23:26:00.000 042   18983.18     -402.34    53295.26    99999.00
1958-02-11 23:27:00.000 042   18985.75     -402.32    53295.46    99999.00
1958-02-11 23:28:00.000 042   18988.12     -402.33    53295.63    99999.00
1958-02-11 23:29:00.000 042   18990.06     -402.36    53295.77    99999.00
1958-02-11 23:30:00.000 042   18991.26     -402.41    53295.89    99999.00
1958-02-11 23:31:00.000 042   18991.56     -402.49    53295.98    99999.00
1958-02-11 23:32:00.000 042   18991.02     -402.58    53296.04    99999.00
1958-02-11 23:33:00.000 042   18989.76     -402.69    53296.08    99999.00
1958-02-11 23:34:00.000 042   18987.98     -402.82    53296.10    99999.00
1958-02-11 23:35:00.000 042   18985.90     -402.96    53296.09    99999.00
1958-02-11 23:36:00.000 042   18983.75     -403.11    53296.07    99999.00
1958-02-11 23:37:00.000 042   18981.70     -403.27    53296.02    99999.00
1958-02-11 23:38:00.000 042   18979.88     -403.45    53295.94    99999.00
1958-02-11 23:39:00.000 042   18978.55     -403.63    53295.84    99999.00
1958-02-11 23:40:00.000 042   18978.05     -403.83    53295.72    99999.00
1958-02-11 23:41:00.000 042   18978.26     -404.04    53295.58    99999.00
1958-02-11 23:42:00.000 042   18978.35     -404.23    53295.42    99999.00
1958-02-11 23:43:00.000 042   18977.39     -404.35    53295.24    99999.00
1958-02-11 23:44:00.000 042   18975.40     -404.38    53295.05    99999.00
1958-02-11 23:45:00.000 042   18973.32     -404.31    53294.85    99999.00
1958-02-11 23:46:00.000 042   18972.00     -404.15    53294.65    99999.00
1958-02-11 23:47:00.000 042   18972.28     -403.96    53294.45    99999.00
1958-02-11 23:48:00.000 042   18974.53     -403.74    53294.26    99999.00
1958-02-11 23:49:00.000 042   18977.53     -403.51    53294.07    99999.00
1958-02-11 23:50:00.000 042   18979.77     -403.29    53293.89    99999.00
1958-02-11 23:51:00.000 042   18980.13     -403.08    53293.72    99999.00
1958-02-11 23:52:00.000 042   18978.58     -402.90    53293.57    99999.00
1958-02-11 23:53:00.000 042   18976.17     -402.74    53293.41    99999.00
1958-02-11 23:54:00.000 042   18973.86     -402.62    53293.28    99999.00
1958-02-11 23:55:00.000 042   18972.80     -402.54    53293.15    99999.00
1958-02-11 23:56:00.000 042   18974.69     -402.54    53293.04    99999.00
1958-02-11 23:57:00.000 042   18979.08     -402.68    53292.95    99999.00
1958-02-11 23:58:00.000 042   18983.13     -403.61    53292.86    99999.00
1958-02-11 23:59:00.000 042   18985.11     -403.86    53292.80    99999.00
1958-02-12 00:00:00.000 043   18985.12     -403.52    53292.75    99999.00
1958-02-12 00:01:00.000 043   18984.06     -403.06    53292.73    99999.00
1958-02-12 00:02:00.000 043   18982.39     -402.58    53292.73    99999.00
1958-02-12 00:03:00.000 043   18980.42     -402.10    53292.76    99999.00
1958-02-12 00:04:00.000 043   18978.36     -401.62    53292.83    99999.00
1958-02-12 00:05:00.000 043   18976.57     -401.17    53292.97    99999.00
1958-02-12 00:06:00.000 043   18975.68     -400.75    53293.19    99999.00
1958-02-12 00:07:00.000 043   18977.26     -400.39    53293.55    99999.00
1958-02-12 00:08:00.000 043   18985.62     -400.13    53294.12    99999.00
1958-02-12 00:09:00.000 043   18999.22     -400.07    53295.02    99999.00
1958-02-12 00:10:00.000 043   19003.85     -400.58    53295.52    99999.00
1958-02-12 00:11:00.000 043   19000.83     -402.52    53292.43    99999.00
1958-02-12 00:12:00.000 043   18996.19     -400.67    53293.33    99999.00
1958-02-12 00:13:00.000 043   18997.82     -399.03    53296.77    99999.00
1958-02-12 00:14:00.000 043   19010.06     -398.02    53299.08    99999.00
1958-02-12 00:15:00.000 043   19006.55     -397.74    53297.14    99999.00
1958-02-12 00:16:00.000 043   19000.25     -397.99    53295.05    99999.00
1958-02-12 00:17:00.000 043   18993.53     -398.59    53298.26    99999.00
1958-02-12 00:18:00.000 043   18988.89     -399.34    53299.47    99999.00
1958-02-12 00:19:00.000 043   18990.65     -400.02    53299.10    99999.00
1958-02-12 00:20:00.000 043   18995.62     -400.36    53298.11    99999.00
1958-02-12 00:21:00.000 043   19000.34     -400.10    53296.87    99999.00
1958-02-12 00:22:00.000 043   19003.90     -399.37    53295.61    99999.00
1958-02-12 00:23:00.000 043   19005.77     -398.68    53294.60    99999.00
1958-02-12 00:24:00.000 043   19005.21     -398.42    53294.74    99999.00
1958-02-12 00:25:00.000 043   19002.08     -398.77    53297.74    99999.00
1958-02-12 00:26:00.000 043   18997.36     -399.49    53299.18    99999.00
1958-02-12 00:27:00.000 043   18992.65     -400.24    53299.23    99999.00
1958-02-12 00:28:00.000 043   18992.10     -400.78    53298.91    99999.00
1958-02-12 00:29:00.000 043   18997.73     -400.99    53298.47    99999.00
1958-02-12 00:30:00.000 043   18994.87     -400.90    53298.00    99999.00
1958-02-12 00:31:00.000 043   18988.23     -400.61    53297.57    99999.00
1958-02-12 00:32:00.000 043   18983.53     -400.23    53297.19    99999.00
1958-02-12 00:33:00.000 043   18981.51     -399.83    53296.90    99999.00
1958-02-12 00:34:00.000 043   18981.34     -399.61    53296.70    99999.00
1958-02-12 00:35:00.000 043   18982.48     -399.90    53296.57    99999.00
1958-02-12 00:36:00.000 043   18984.56     -400.36    53296.49    99999.00
1958-02-12 00:37:00.000 043   18987.25     -400.57    53296.44    99999.00
1958-02-12 00:38:00.000 043   18990.15     -400.61    53296.41    99999.00
1958-02-12 00:39:00.000 043   18992.98     -400.58    53296.39    99999.00
1958-02-12 00:40:00.000 043   18995.48     -400.52    53296.37    99999.00
1958-02-12 00:41:00.000 043   18997.41     -400.44    53296.34    99999.00
1958-02-12 00:42:00.000 043   18998.49     -400.36    53296.30    99999.00
1958-02-12 00:43:00.000 043   18998.53     -400.30    53296.24    99999.00
1958-02-12 00:44:00.000 043   18997.70     -400.27    53296.14    99999.00
1958-02-12 00:45:00.000 043   18996.21     -400.28    53296.02    99999.00
1958-02-12 00:46:00.000 043   18994.37     -400.33    53295.88    99999.00
1958-02-12 00:47:00.000 043   18992.60     -400.41    53295.70    99999.00
1958-02-12 00:48:00.000 043   18991.54     -400.47    53295.51    99999.00
1958-02-12 00:49:00.000 043   18991.84     -400.44    53295.30    99999.00
1958-02-12 00:50:00.000 043   18994.30     -400.16    53295.09    99999.00
1958-02-12 00:51:00.000 043   18999.87     -399.59    53294.86    99999.00
1958-02-12 00:52:00.000 043   19007.82     -399.19    53294.63    99999.00
1958-02-12 00:53:00.000 043   19014.05     -399.72    53294.39    99999.00
1958-02-12 00:54:00.000 043   19013.86     -400.31    53294.16    99999.00
1958-02-12 00:55:00.000 043   19009.85     -400.37    53293.94    99999.00
1958-02-12 00:56:00.000 043   19013.27     -400.13    53293.71    99999.00
1958-02-12 00:57:00.000 043   19014.28     -399.83    53293.50    99999.00
1958-02-12 00:58:00.000 043   19010.46     -399.67    53293.30    99999.00
1958-02-12 00:59:00.000 043   19008.31     -399.77    53293.12    99999.00
1958-02-12 01:00:00.000 043   19012.40     -399.91    53292.97    99999.00
1958-02-12 01:01:00.000 043   19013.70     -399.98    53292.84    99999.00
1958-02-12 01:02:00.000 043   19009.50     -399.96    53292.74    99999.00
1958-02-12 01:03:00.000 043   19008.36     -399.89    53292.66    99999.00
1958-02-12 01:04:00.000 043   19009.70     -399.79    53292.60    99999.00
1958-02-12 01:05:00.000 043   19011.79     -399.67    53292.57    99999.00
1958-02-12 01:06:00.000 043   19013.89     -399.53    53292.55    99999.00
1958-02-12 01:07:00.000 043   19015.72     -399.38    53292.55    99999.00
1958-02-12 01:08:00.000 043   19017.22     -399.21    53292.56    99999.00
1958-02-12 01:09:00.000 043   19018.34     -399.02    53292.58    99999.00
1958-02-12 01:10:00.000 043   19019.02     -398.83    53292.61    99999.00
1958-02-12 01:11:00.000 043   19019.20     -398.74    53292.64    99999.00
1958-02-12 01:12:00.000 043   19018.98     -399.07    53292.67    99999.00
1958-02-12 01:13:00.000 043   19018.50     -399.69    53292.70    99999.00
1958-02-12 01:14:00.000 043   19017.89     -400.18    53292.72    99999.00
1958-02-12 01:15:00.000 043   19017.40     -400.31    53292.74    99999.00
1958-02-12 01:16:00.000 043   19016.84     -400.18    53292.77    99999.00
1958-02-12 01:17:00.000 043   19015.18     -400.08    53292.78    99999.00
1958-02-12 01:18:00.000 043   19011.49     -400.35    53292.80    99999.00
1958-02-12 01:19:00.000 043   19007.17     -400.76    53292.81    99999.00
1958-02-12 01:20:00.000 043   19004.36     -400.89    53292.81    99999.00
1958-02-12 01:21:00.000 043   19003.99     -400.79    53292.81    99999.00
1958-02-12 01:22:00.000 043   19005.98     -400.62    53292.80    99999.00
1958-02-12 01:23:00.000 043   19009.23     -400.43    53292.78    99999.00
1958-02-12 01:24:00.000 043   19012.77     -400.24    53292.77    99999.00
1958-02-12 01:25:00.000 043   19015.09     -400.08    53292.74    99999.00
1958-02-12 01:26:00.000 043   19004.39     -399.96    53292.70    99999.00
1958-02-12 01:27:00.000 043   19002.33     -399.86    53292.64    99999.00
1958-02-12 01:28:00.000 043   19006.10     -399.79    53292.57    99999.00
1958-02-12 01:29:00.000 043   19009.42     -399.74    53292.49    99999.00
1958-02-12 01:30:00.000 043   19010.91     -399.71    53292.40    99999.00
1958-02-12 01:31:00.000 043   19010.33     -399.69    53292.31    99999.00
1958-02-12 01:32:00.000 043   19008.51     -399.69    53292.22    99999.00
1958-02-12 01:33:00.000 043   19006.27     -399.70    53292.15    99999.00
1958-02-12 01:34:00.000 043   19004.33     -399.71    53292.09    99999.00
1958-02-12 01:35:00.000 043   19003.05     -399.68    53292.06    99999.00
1958-02-12 01:36:00.000 043   19002.36     -399.55    53292.07    99999.00
1958-02-12 01:37:00.000 043   19002.18     -399.35    53292.12    99999.00
1958-02-12 01:38:00.000 043   19002.55     -399.19    53292.23    99999.00
1958-02-12 01:39:00.000 043   19003.57     -399.21    53292.39    99999.00
1958-02-12 01:40:00.000 043   19005.24     -399.45    53292.59    99999.00
1958-02-12 01:41:00.000 043   19007.32     -399.57    53292.81    99999.00
1958-02-12 01:42:00.000 043   19009.08     -399.07    53293.03    99999.00
1958-02-12 01:43:00.000 043   19010.09     -398.95    53293.24    99999.00
1958-02-12 01:44:00.000 043   19010.44     -399.23    53293.42    99999.00
1958-02-12 01:45:00.000 043   19010.00     -399.66    53293.57    99999.00
1958-02-12 01:46:00.000 043   19008.48     -400.15    53293.65    99999.00
1958-02-12 01:47:00.000 043   19005.52     -400.66    53293.65    99999.00
1958-02-12 01:48:00.000 043   19001.44     -401.17    53293.56    99999.00
1958-02-12 01:49:00.000 043   18997.62     -401.66    53293.34    99999.00
1958-02-12 01:50:00.000 043   18996.45     -402.09    53293.01    99999.00
1958-02-12 01:51:00.000 043   18999.86     -402.44    53292.57    99999.00
1958-02-12 01:52:00.000 043   19002.53     -402.66    53292.05    99999.00
1958-02-12 01:53:00.000 043   18998.81     -402.68    53291.49    99999.00
1958-02-12 01:54:00.000 043   18994.82     -402.46    53290.91    99999.00
1958-02-12 01:55:00.000 043   18994.24     -402.02    53290.35    99999.00
1958-02-12 01:56:00.000 043   18996.63     -401.42    53289.82    99999.00
1958-02-12 01:57:00.000 043   19000.67     -400.75    53289.35    99999.00
1958-02-12 01:58:00.000 043   19005.79     -400.13    53288.98    99999.00
1958-02-12 01:59:00.000 043   19011.71     -399.68    53288.70    99999.00
1958-02-12 02:00:00.000 043   19018.45     -399.57    53288.52    99999.00
1958-02-12 02:01:00.000 043   19025.29     -399.72    53288.42    99999.00
1958-02-12 02:02:00.000 043   19030.86     -399.67    53288.40    99999.00
1958-02-12 02:03:00.000 043   19032.87     -399.27    53288.42    99999.00
1958-02-12 02:04:00.000 043   19026.34     -398.70    53288.49    99999.00
1958-02-12 02:05:00.000 043   19023.49     -398.18    53288.61    99999.00
1958-02-12 02:06:00.000 043   19026.79     -397.91    53288.74    99999.00
1958-02-12 02:07:00.000 043   19030.14     -398.38    53288.90    99999.00
1958-02-12 02:08:00.000 043   19030.65     -399.38    53289.08    99999.00
1958-02-12 02:09:00.000 043   19027.78     -399.61    53289.27    99999.00
1958-02-12 02:10:00.000 043   19024.21     -399.15    53289.46    99999.00
1958-02-12 02:11:00.000 043   19024.89     -398.63    53289.64    99999.00
1958-02-12 02:12:00.000 043   19028.35     -398.47    53289.82    99999.00
1958-02-12 02:13:00.000 043   19026.48     -398.76    53290.00    99999.00
1958-02-12 02:14:00.000 043   19025.06     -399.24    53290.18    99999.00
1958-02-12 02:15:00.000 043   19027.65     -399.68    53290.34    99999.00
1958-02-12 02:16:00.000 043   19029.85     -400.02    53290.51    99999.00
1958-02-12 02:17:00.000 043   19029.67     -400.24    53290.67    99999.00
1958-02-12 02:18:00.000 043   19028.26     -400.32    53290.82    99999.00
1958-02-12 02:19:00.000 043   19026.54     -400.27    53290.98    99999.00
1958-02-12 02:20:00.000 043   19024.85     -400.11    53291.13    99999.00
1958-02-12 02:21:00.000 043   19023.07     -399.85    53291.29    99999.00
1958-02-12 02:22:00.000 043   19020.83     -399.51    53291.44    99999.00
1958-02-12 02:23:00.000 043   19016.69     -399.09    53291.59    99999.00
1958-02-12 02:24:00.000 043   19016.74     -398.63    53291.75    99999.00
1958-02-12 02:25:00.000 043   19018.17     -398.12    53291.91    99999.00
1958-02-12 02:26:00.000 043   19017.76     -397.59    53292.09    99999.00
1958-02-12 02:27:00.000 043   19016.49     -397.03    53292.31    99999.00
1958-02-12 02:28:00.000 043   19014.49     -396.46    53292.61    99999.00
1958-02-12 02:29:00.000 043   19011.55     -395.85    53293.03    99999.00
1958-02-12 02:30:00.000 043   19007.18     -395.15    53293.68    99999.00
1958-02-12 02:31:00.000 043   19002.88     -394.35    53294.64    99999.00
1958-02-12 02:32:00.000 043   19005.09     -393.50    53295.97    99999.00
1958-02-12 02:33:00.000 043   19017.87     -392.67    53297.47    99999.00
1958-02-12 02:34:00.000 043   19023.73     -391.92    53298.82    99999.00
1958-02-12 02:35:00.000 043   19006.79     -391.35    53299.68    99999.00
1958-02-12 02:36:00.000 043   18995.85     -391.31    53299.76    99999.00
1958-02-12 02:37:00.000 043   18996.56     -391.90    53298.99    99999.00
1958-02-12 02:38:00.000 043   19002.31     -392.69    53297.66    99999.00
1958-02-12 02:39:00.000 043   19009.29     -393.49    53296.13    99999.00
1958-02-12 02:40:00.000 043   19015.67     -394.23    53294.66    99999.00
1958-02-12 02:41:00.000 043   19020.13     -394.90    53293.51    99999.00
1958-02-12 02:42:00.000 043   19021.40     -395.45    53292.88    99999.00
1958-02-12 02:43:00.000 043   19019.51     -395.87    53292.84    99999.00
1958-02-12 02:44:00.000 043   19015.42     -396.13    53293.21    99999.00
1958-02-12 02:45:00.000 043   19010.25     -396.27    53293.79    99999.00
1958-02-12 02:46:00.000 043   19005.27     -396.33    53294.39    99999.00
1958-02-12 02:47:00.000 043   19001.89     -396.33    53294.88    99999.00
1958-02-12 02:48:00.000 043   19000.94     -396.41    53295.09    99999.00
1958-02-12 02:49:00.000 043   19002.34     -396.95    53294.93    99999.00
1958-02-12 02:50:00.000 043   19005.94     -396.90    53294.46    99999.00
1958-02-12 02:51:00.000 043   19011.61     -396.69    53293.81    99999.00
1958-02-12 02:52:00.000 043   19019.05     -396.58    53293.07    99999.00
1958-02-12 02:53:00.000 043   19026.95     -396.79    53292.33    99999.00
1958-02-12 02:54:00.000 043   19033.43     -397.47    53291.60    99999.00
1958-02-12 02:55:00.000 043   19036.98     -397.83    53290.93    99999.00
1958-02-12 02:56:00.000 043   19036.90     -397.47    53290.33    99999.00
1958-02-12 02:57:00.000 043   19034.20     -396.85    53289.79    99999.00
1958-02-12 02:58:00.000 043   19030.47     -396.23    53289.31    99999.00
1958-02-12 02:59:00.000 043   19026.85     -395.74    53288.90    99999.00
1958-02-12 03:00:00.000 043   19024.20     -395.47    53288.54    99999.00
1958-02-12 03:01:00.000 043   19023.18     -395.44    53288.22    99999.00
1958-02-12 03:02:00.000 043   19024.13     -395.59    53287.93    99999.00
1958-02-12 03:03:00.000 043   19026.55     -395.85    53287.66    99999.00
1958-02-12 03:04:00.000 043   19029.90     -396.17    53287.43    99999.00
1958-02-12 03:05:00.000 043   19033.64     -396.50    53287.22    99999.00
1958-02-12 03:06:00.000 043   19037.09     -396.83    53287.03    99999.00
1958-02-12 03:07:00.000 043   19039.06     -397.13    53286.86    99999.00
1958-02-12 03:08:00.000 043   19037.77     -397.40    53286.71    99999.00
1958-02-12 03:09:00.000 043   19033.61     -397.64    53286.58    99999.00
1958-02-12 03:10:00.000 043   19029.27     -397.86    53286.47    99999.00
1958-02-12 03:11:00.000 043   19026.31     -398.05    53286.37    99999.00
1958-02-12 03:12:00.000 043   19024.59     -398.22    53286.29    99999.00
1958-02-12 03:13:00.000 043   19023.51     -398.34    53286.22    99999.00
1958-02-12 03:14:00.000 043   19022.80     -398.42    53286.18    99999.00
1958-02-12 03:15:00.000 043   19022.30     -398.44    53286.16    99999.00
1958-02-12 03:16:00.000 043   19021.88     -398.38    53286.15    99999.00
1958-02-12 03:17:00.000 043   19021.41     -398.24    53286.16    99999.00
1958-02-12 03:18:00.000 043   19020.65     -398.02    53286.18    99999.00
1958-02-12 03:19:00.000 043   19019.48     -397.74    53286.22    99999.00
1958-02-12 03:20:00.000 043   19018.10     -397.42    53286.26    99999.00
1958-02-12 03:21:00.000 043   19017.44     -397.10    53286.30    99999.00
1958-02-12 03:22:00.000 043   19018.31     -396.78    53286.33    99999.00
1958-02-12 03:23:00.000 043   19020.20     -396.50    53286.35    99999.00
1958-02-12 03:24:00.000 043   19022.59     -396.26    53286.36    99999.00
1958-02-12 03:25:00.000 043   19025.07     -396.09    53286.35    99999.00
1958-02-12 03:26:00.000 043   19026.51     -396.02    53286.33    99999.00
1958-02-12 03:27:00.000 043   19025.72     -396.08    53286.27    99999.00
1958-02-12 03:28:00.000 043   19023.15     -396.25    53286.19    99999.00
1958-02-12 03:29:00.000 043   19019.91     -396.51    53286.09    99999.00
1958-02-12 03:30:00.000 043   19016.73     -396.78    53285.96    99999.00
1958-02-12 03:31:00.000 043   19014.04     -397.02    53285.81    99999.00
1958-02-12 03:32:00.000 043   19012.18     -397.20    53285.65    99999.00
1958-02-12 03:33:00.000 043   19011.56     -397.33    53285.47    99999.00
1958-02-12 03:34:00.000 043   19012.13     -397.41    53285.29    99999.00
1958-02-12 03:35:00.000 043   19013.47     -397.47    53285.10    99999.00
1958-02-12 03:36:00.000 043   19015.10     -397.50    53284.90    99999.00
1958-02-12 03:37:00.000 043   19016.62     -397.52    53284.69    99999.00
1958-02-12 03:38:00.000 043   19017.77     -397.53    53284.48    99999.00
1958-02-12 03:39:00.000 043   19018.46     -397.54    53284.26    99999.00
1958-02-12 03:40:00.000 043   19018.84     -397.55    53284.04    99999.00
1958-02-12 03:41:00.000 043   19019.02     -397.56    53283.83    99999.00
1958-02-12 03:42:00.000 043   19019.11     -397.57    53283.62    99999.00
1958-02-12 03:43:00.000 043   19019.17     -397.58    53283.42    99999.00
1958-02-12 03:44:00.000 043   19019.33     -397.59    53283.24    99999.00
1958-02-12 03:45:00.000 043   19019.67     -397.59    53283.07    99999.00
1958-02-12 03:46:00.000 043   19020.36     -397.60    53282.91    99999.00
1958-02-12 03:47:00.000 043   19021.36     -397.61    53282.80    99999.00
1958-02-12 03:48:00.000 043   19022.50     -397.61    53282.72    99999.00
1958-02-12 03:49:00.000 043   19023.50     -397.61    53282.68    99999.00
1958-02-12 03:50:00.000 043   19023.98     -397.61    53282.68    99999.00
1958-02-12 03:51:00.000 043   19023.66     -397.59    53282.73    99999.00
1958-02-12 03:52:00.000 043   19022.68     -397.58    53282.82    99999.00
1958-02-12 03:53:00.000 043   19021.36     -397.55    53282.92    99999.00
1958-02-12 03:54:00.000 043   19020.07     -397.52    53283.06    99999.00
1958-02-12 03:55:00.000 043   19019.19     -397.48    53283.20    99999.00
1958-02-12 03:56:00.000 043   19019.33     -397.43    53283.35    99999.00
1958-02-12 03:57:00.000 043   19020.50     -397.38    53283.50    99999.00
1958-02-12 03:58:00.000 043   19021.92     -397.32    53283.66    99999.00
1958-02-12 03:59:00.000 043   19022.60     -397.27    53283.81    99999.00
1958-02-12 04:00:00.000 043   19022.34     -397.22    53283.96    99999.00
1958-02-12 04:01:00.000 043   19021.79     -397.17    53284.11    99999.00
1958-02-12 04:02:00.000 043   19021.58     -397.13    53284.26    99999.00
1958-02-12 04:03:00.000 043   19022.43     -397.10    53284.41    99999.00
1958-02-12 04:04:00.000 043   19024.64     -397.08    53284.55    99999.00
1958-02-12 04:05:00.000 043   19026.85     -397.09    53284.69    99999.00
1958-02-12 04:06:00.000 043   19027.36     -397.10    53284.82    99999.00
1958-02-12 04:07:00.000 043   19025.64     -397.13    53284.95    99999.00
1958-02-12 04:08:00.000 043   19023.12     -397.18    53285.06    99999.00
1958-02-12 04:09:00.000 043   19020.90     -397.23    53285.18    99999.00
1958-02-12 04:10:00.000 043   19019.60     -397.29    53285.28    99999.00
1958-02-12 04:11:00.000 043   19019.49     -397.37    53285.37    99999.00
1958-02-12 04:12:00.000 043   19020.37     -397.45    53285.45    99999.00
1958-02-12 04:13:00.000 043   19021.82     -397.54    53285.52    99999.00
1958-02-12 04:14:00.000 043   19023.56     -397.64    53285.57    99999.00
1958-02-12 04:15:00.000 043   19025.23     -397.74    53285.61    99999.00
1958-02-12 04:16:00.000 043   19026.01     -397.86    53285.64    99999.00
1958-02-12 04:17:00.000 043   19024.15     -397.98    53285.65    99999.00
1958-02-12 04:18:00.000 043   19025.16     -398.11    53285.65    99999.00
1958-02-12 04:19:00.000 043   19029.04     -398.24    53285.64    99999.00
1958-02-12 04:20:00.000 043   19029.94     -398.39    53285.60    99999.00
1958-02-12 04:21:00.000 043   19027.76     -398.56    53285.56    99999.00
1958-02-12 04:22:00.000 043   19023.83     -398.74    53285.50    99999.00
1958-02-12 04:23:00.000 043   19019.45     -398.94    53285.43    99999.00
1958-02-12 04:24:00.000 043   19015.41     -399.17    53285.34    99999.00
1958-02-12 04:25:00.000 043   19012.38     -399.44    53285.24    99999.00
1958-02-12 04:26:00.000 043   19011.17     -399.75    53285.13    99999.00
1958-02-12 04:27:00.000 043   19012.12     -400.08    53285.01    99999.00
1958-02-12 04:28:00.000 043   19014.72     -400.42    53284.88    99999.00
1958-02-12 04:29:00.000 043   19018.11     -400.75    53284.75    99999.00
1958-02-12 04:30:00.000 043   19020.98     -401.08    53284.61    99999.00
1958-02-12 04:31:00.000 043   19021.64     -401.39    53284.48    99999.00
1958-02-12 04:32:00.000 043   19020.17     -401.68    53284.33    99999.00
1958-02-12 04:33:00.000 043   19017.98     -401.94    53284.19    99999.00
1958-02-12 04:34:00.000 043   19016.61     -402.17    53284.06    99999.00
1958-02-12 04:35:00.000 043   19016.59     -402.35    53283.93    99999.00
1958-02-12 04:36:00.000 043   19017.64     -402.46    53283.80    99999.00
1958-02-12 04:37:00.000 043   19019.46     -402.49    53283.68    99999.00
1958-02-12 04:38:00.000 043   19021.85     -402.40    53283.56    99999.00
1958-02-12 04:39:00.000 043   19024.63     -402.19    53283.45    99999.00
1958-02-12 04:40:00.000 043   19027.61     -401.99    53283.35    99999.00
1958-02-12 04:41:00.000 043   19030.62     -401.95    53283.26    99999.00
1958-02-12 04:42:00.000 043   19033.56     -402.31    53283.17    99999.00
1958-02-12 04:43:00.000 043   19036.29     -402.80    53283.10    99999.00
1958-02-12 04:44:00.000 043   19038.57     -402.78    53283.04    99999.00
1958-02-12 04:45:00.000 043   19040.03     -402.18    53282.97    99999.00
1958-02-12 04:46:00.000 043   19040.07     -401.66    53282.92    99999.00
1958-02-12 04:47:00.000 043   19038.06     -401.61    53282.87    99999.00
1958-02-12 04:48:00.000 043   19033.91     -401.92    53282.83    99999.00
1958-02-12 04:49:00.000 043   19030.84     -402.32    53282.80    99999.00
1958-02-12 04:50:00.000 043   19031.26     -402.69    53282.77    99999.00
1958-02-12 04:51:00.000 043   19032.64     -402.98    53282.74    99999.00
1958-02-12 04:52:00.000 043   19032.84     -403.21    53282.71    99999.00
1958-02-12 04:53:00.000 043   19031.24     -403.37    53282.68    99999.00
1958-02-12 04:54:00.000 043   19028.95     -403.49    53282.66    99999.00
1958-02-12 04:55:00.000 043   19027.43     -403.58    53282.63    99999.00
1958-02-12 04:56:00.000 043   19027.71     -403.65    53282.60    99999.00
1958-02-12 04:57:00.000 043   19029.48     -403.71    53282.57    99999.00
1958-02-12 04:58:00.000 043   19031.68     -403.75    53282.54    99999.00
1958-02-12 04:59:00.000 043   19033.18     -403.79    53282.50    99999.00
1958-02-12 05:00:00.000 043   19030.76     -403.83    53282.46    99999.00
1958-02-12 05:01:00.000 043   19025.57     -403.87    53282.41    99999.00
1958-02-12 05:02:00.000 043   19027.13     -403.91    53282.35    99999.00
1958-02-12 05:03:00.000 043   19030.08     -403.94    53282.29    99999.00
1958-02-12 05:04:00.000 043   19032.79     -403.94    53282.21    99999.00
1958-02-12 05:05:00.000 043   19034.48     -403.91    53282.12    99999.00
1958-02-12 05:06:00.000 043   19034.30     -403.82    53282.01    99999.00
1958-02-12 05:07:00.000 043   19032.23     -403.70    53281.90    99999.00
1958-02-12 05:08:00.000 043   19029.21     -403.53    53281.77    99999.00
1958-02-12 05:09:00.000 043   19026.46     -403.34    53281.64    99999.00
1958-02-12 05:10:00.000 043   19025.14     -403.12    53281.49    99999.00
1958-02-12 05:11:00.000 043   19025.27     -402.88    53281.33    99999.00
1958-02-12 05:12:00.000 043   19026.09     -402.63    53281.17    99999.00
1958-02-12 05:13:00.000 043   19026.80     -402.38    53281.00    99999.00
1958-02-12 05:14:00.000 043   19026.03     -402.11    53280.83    99999.00
1958-02-12 05:15:00.000 043   19022.42     -401.84    53280.66    99999.00
1958-02-12 05:16:00.000 043   19021.09     -401.56    53280.50    99999.00
1958-02-12 05:17:00.000 043   19025.48     -401.28    53280.34    99999.00
1958-02-12 05:18:00.000 043   19025.53     -401.00    53280.19    99999.00
1958-02-12 05:19:00.000 043   19024.06     -400.72    53280.06    99999.00
1958-02-12 05:20:00.000 043   19022.35     -400.47    53279.94    99999.00
1958-02-12 05:21:00.000 043   19020.82     -400.26    53279.82    99999.00
1958-02-12 05:22:00.000 043   19019.71     -400.11    53279.74    99999.00
1958-02-12 05:23:00.000 043   19019.09     -400.01    53279.65    99999.00
1958-02-12 05:24:00.000 043   19018.88     -399.95    53279.59    99999.00
1958-02-12 05:25:00.000 043   19019.06     -399.91    53279.54    99999.00
1958-02-12 05:26:00.000 043   19019.72     -399.89    53279.52    99999.00
1958-02-12 05:27:00.000 043   19021.29     -399.88    53279.51    99999.00
1958-02-12 05:28:00.000 043   19025.51     -399.88    53279.53    99999.00
1958-02-12 05:29:00.000 043   19025.20     -399.88    53279.57    99999.00
1958-02-12 05:30:00.000 043   19023.98     -399.88    53279.66    99999.00
1958-02-12 05:31:00.000 043   19022.69     -399.89    53279.78    99999.00
1958-02-12 05:32:00.000 043   19021.53     -399.89    53279.96    99999.00
1958-02-12 05:33:00.000 043   19020.82     -399.90    53280.21    99999.00
1958-02-12 05:34:00.000 043   19022.52     -399.91    53280.56    99999.00
1958-02-12 05:35:00.000 043   19024.86     -399.92    53280.99    99999.00
1958-02-12 05:36:00.000 043   19020.08     -399.93    53281.51    99999.00
1958-02-12 05:37:00.000 043   19015.21     -399.94    53282.08    99999.00
1958-02-12 05:38:00.000 043   19010.55     -399.95    53282.65    99999.00
1958-02-12 05:39:00.000 043   19006.34     -399.96    53283.16    99999.00
1958-02-12 05:40:00.000 043   19002.89     -399.97    53283.58    99999.00
1958-02-12 05:41:00.000 043   19000.85     -399.97    53283.86    99999.00
1958-02-12 05:42:00.000 043   19001.08     -399.98    53284.03    99999.00
1958-02-12 05:43:00.000 043   19003.51     -399.98    53284.12    99999.00
1958-02-12 05:44:00.000 043   19006.78     -399.97    53284.12    99999.00
1958-02-12 05:45:00.000 043   19009.55     -399.97    53284.07    99999.00
1958-02-12 05:46:00.000 043   19011.45     -399.96    53283.94    99999.00
1958-02-12 05:47:00.000 043   19012.71     -399.94    53283.74    99999.00
1958-02-12 05:48:00.000 043   19013.53     -399.92    53283.48    99999.00
1958-02-12 05:49:00.000 043   19013.98     -399.88    53283.15    99999.00
1958-02-12 05:50:00.000 043   19014.08     -399.83    53282.74    99999.00
1958-02-12 05:51:00.000 043   19013.79     -399.77    53282.23    99999.00
1958-02-12 05:52:00.000 043   19013.01     -399.68    53281.60    99999.00
1958-02-12 05:53:00.000 043   19011.38     -399.55    53280.81    99999.00
1958-02-12 05:54:00.000 043   19008.56     -399.34    53279.83    99999.00
1958-02-12 05:55:00.000 043   19008.09     -399.04    53278.64    99999.00
1958-02-12 05:56:00.000 043   19020.27     -398.77    53277.24    99999.00
1958-02-12 05:57:00.000 043   19036.60     -399.55    53275.68    99999.00
1958-02-12 05:58:00.000 043   19050.48     -400.74    53274.29    99999.00
1958-02-12 05:59:00.000 043   19057.67     -401.61    53274.54    99999.00
1958-02-12 06:00:00.000 043   19052.73     -401.71    53276.23    99999.00
1958-02-12 06:01:00.000 043   19037.47     -401.07    53277.31    99999.00
1958-02-12 06:02:00.000 043   19023.89     -400.30    53277.88    99999.00
1958-02-12 06:03:00.000 043   19023.89     -399.73    53278.19    99999.00
1958-02-12 06:04:00.000 043   19027.96     -399.40    53278.35    99999.00
1958-02-12 06:05:00.000 043   19030.25     -399.23    53278.42    99999.00
1958-02-12 06:06:00.000 043   19030.69     -399.15    53278.45    99999.00
1958-02-12 06:07:00.000 043   19029.86     -399.11    53278.42    99999.00
1958-02-12 06:08:00.000 043   19027.85     -399.09    53278.37    99999.00
1958-02-12 06:09:00.000 043   19024.48     -399.09    53278.29    99999.00
1958-02-12 06:10:00.000 043   19019.31     -399.07    53278.21    99999.00
1958-02-12 06:11:00.000 043   19012.57     -399.03    53278.11    99999.00
1958-02-12 06:12:00.000 043   19005.76     -398.95    53278.00    99999.00
1958-02-12 06:13:00.000 043   19002.66     -398.84    53277.88    99999.00
1958-02-12 06:14:00.000 043   19005.95     -398.72    53277.77    99999.00
1958-02-12 06:15:00.000 043   19011.10     -398.59    53277.66    99999.00
1958-02-12 06:16:00.000 043   19013.60     -398.45    53277.55    99999.00
1958-02-12 06:17:00.000 043   19013.67     -398.33    53277.44    99999.00
1958-02-12 06:18:00.000 043   19011.78     -398.24    53277.35    99999.00
1958-02-12 06:19:00.000 043   19007.95     -398.18    53277.27    99999.00
1958-02-12 06:20:00.000 043   19004.47     -398.17    53277.21    99999.00
1958-02-12 06:21:00.000 043   19004.25     -398.19    53277.17    99999.00
1958-02-12 06:22:00.000 043   19006.19     -398.27    53277.14    99999.00
1958-02-12 06:23:00.000 043   19008.03     -398.41    53277.15    99999.00
1958-02-12 06:24:00.000 043   19009.10     -398.65    53277.20    99999.00
1958-02-12 06:25:00.000 043   19009.24     -399.02    53277.28    99999.00
1958-02-12 06:26:00.000 043   19008.75     -399.43    53277.42    99999.00
1958-02-12 06:27:00.000 043   19008.02     -399.61    53277.63    99999.00
1958-02-12 06:28:00.000 043   19007.40     -399.54    53277.92    99999.00
1958-02-12 06:29:00.000 043   19007.16     -399.37    53278.34    99999.00
1958-02-12 06:30:00.000 043   19007.84     -399.21    53278.95    99999.00
1958-02-12 06:31:00.000 043   19010.91     -399.16    53279.75    99999.00
1958-02-12 06:32:00.000 043   19020.19     -399.50    53280.75    99999.00
1958-02-12 06:33:00.000 043   19027.99     -400.64    53281.82    99999.00
1958-02-12 06:34:00.000 043   19025.51     -401.42    53282.71    99999.00
1958-02-12 06:35:00.000 043   19019.90     -401.57    53283.17    99999.00
1958-02-12 06:36:00.000 043   19013.69     -401.51    53283.08    99999.00
1958-02-12 06:37:00.000 043   19007.96     -401.41    53282.52    99999.00
1958-02-12 06:38:00.000 043   19003.90     -401.35    53281.60    99999.00
1958-02-12 06:39:00.000 043   19004.67     -401.45    53280.44    99999.00
1958-02-12 06:40:00.000 043   19016.80     -401.92    53279.11    99999.00
1958-02-12 06:41:00.000 043   19030.26     -403.03    53277.67    99999.00
1958-02-12 06:42:00.000 043   19027.52     -404.48    53276.14    99999.00
1958-02-12 06:43:00.000 043   19023.62     -405.70    53274.53    99999.00
1958-02-12 06:44:00.000 043   19022.98     -406.62    53272.88    99999.00
1958-02-12 06:45:00.000 043   19024.93     -407.38    53271.16    99999.00
1958-02-12 06:46:00.000 043   19027.80     -408.04    53269.42    99999.00
1958-02-12 06:47:00.000 043   19030.24     -408.60    53267.64    99999.00
1958-02-12 06:48:00.000 043   19030.07     -409.09    53265.82    99999.00
1958-02-12 06:49:00.000 043   19027.07     -409.49    53263.98    99999.00
1958-02-12 06:50:00.000 043   19024.85     -409.76    53262.13    99999.00
1958-02-12 06:51:00.000 043   19024.71     -409.89    53260.28    99999.00
1958-02-12 06:52:00.000 043   19025.90     -409.91    53258.42    99999.00
1958-02-12 06:53:00.000 043   19027.92     -410.14    53256.54    99999.00
1958-02-12 06:54:00.000 043   19030.61     -411.17    53254.59    99999.00
1958-02-12 06:55:00.000 043   19033.91     -411.13    53252.53    99999.00
1958-02-12 06:56:00.000 043   19037.93     -410.71    53250.41    99999.00
1958-02-12 06:57:00.000 043   19042.51     -410.54    53248.27    99999.00
1958-02-12 06:58:00.000 043   19046.90     -410.56    53246.13    99999.00
1958-02-12 06:59:00.000 043   19050.04     -410.72    53243.99    99999.00
1958-02-12 07:00:00.000 043   19050.91     -411.05    53241.88    99999.00
1958-02-12 07:01:00.000 043   19048.94     -411.68    53239.78    99999.00
1958-02-12 07:02:00.000 043   19044.76     -412.53    53237.71    99999.00
1958-02-12 07:03:00.000 043   19039.34     -412.91    53235.68    99999.00
1958-02-12 07:04:00.000 043   19033.49     -412.55    53233.68    99999.00
1958-02-12 07:05:00.000 043   19028.11     -412.17    53231.73    99999.00
1958-02-12 07:06:00.000 043   19024.69     -411.99    53229.83    99999.00
1958-02-12 07:07:00.000 043   19023.93     -412.01    53228.01    99999.00
1958-02-12 07:08:00.000 043   19024.41     -412.10    53226.29    99999.00
1958-02-12 07:09:00.000 043   19024.43     -412.22    53224.69    99999.00
1958-02-12 07:10:00.000 043   19023.53     -412.31    53223.25    99999.00
1958-02-12 07:11:00.000 043   19022.04     -412.33    53221.98    99999.00
1958-02-12 07:12:00.000 043   19020.27     -412.23    53220.92    99999.00
1958-02-12 07:13:00.000 043   19018.37     -411.97    53220.08    99999.00
1958-02-12 07:14:00.000 043   19016.49     -411.56    53219.46    99999.00
1958-02-12 07:15:00.000 043   19014.76     -411.03    53219.01    99999.00
1958-02-12 07:16:00.000 043   19013.38     -410.45    53218.72    99999.00
1958-02-12 07:17:00.000 043   19012.63     -409.86    53218.53    99999.00
1958-02-12 07:18:00.000 043   19012.87     -409.31    53218.46    99999.00
1958-02-12 07:19:00.000 043   19014.51     -408.79    53218.51    99999.00
1958-02-12 07:20:00.000 043   19017.86     -408.29    53218.72    99999.00
1958-02-12 07:21:00.000 043   19022.57     -407.83    53219.09    99999.00
1958-02-12 07:22:00.000 043   19026.88     -407.40    53219.65    99999.00
1958-02-12 07:23:00.000 043   19028.24     -406.96    53220.42    99999.00
1958-02-12 07:24:00.000 043   19022.24     -406.40    53221.45    99999.00
1958-02-12 07:25:00.000 043   19009.28     -405.36    53222.78    99999.00
1958-02-12 07:26:00.000 043   19001.26     -402.49    53224.46    99999.00
1958-02-12 07:27:00.000 043   19005.00     -400.03    53226.44    99999.00
1958-02-12 07:28:00.000 043   19013.81     -399.62    53228.64    99999.00
1958-02-12 07:29:00.000 043   19018.24     -399.32    53230.97    99999.00
1958-02-12 07:30:00.000 043   19010.40     -398.51    53233.33    99999.00
1958-02-12 07:31:00.000 043   19011.59     -397.85    53235.62    99999.00
1958-02-12 07:32:00.000 043   19017.15     -397.80    53237.77    99999.00
1958-02-12 07:33:00.000 043   19023.21     -398.07    53239.71    99999.00
1958-02-12 07:34:00.000 043   19026.79     -398.41    53241.41    99999.00
1958-02-12 07:35:00.000 043   19025.50     -398.66    53242.86    99999.00
1958-02-12 07:36:00.000 043   19024.69     -398.74    53244.10    99999.00
1958-02-12 07:37:00.000 043   19025.68     -398.80    53245.17    99999.00
1958-02-12 07:38:00.000 043   19027.44     -398.99    53246.10    99999.00
1958-02-12 07:39:00.000 043   19029.41     -399.44    53246.94    99999.00
1958-02-12 07:40:00.000 043   19031.31     -400.09    53247.69    99999.00
1958-02-12 07:41:00.000 043   19032.88     -400.82    53248.37    99999.00
1958-02-12 07:42:00.000 043   19033.62     -401.50    53249.01    99999.00
1958-02-12 07:43:00.000 043   19032.61     -402.02    53249.62    99999.00
1958-02-12 07:44:00.000 043   19028.97     -402.30    53250.21    99999.00
1958-02-12 07:45:00.000 043   19025.89     -402.39    53250.80    99999.00
1958-02-12 07:46:00.000 043   19028.91     -402.37    53251.42    99999.00
1958-02-12 07:47:00.000 043   19027.85     -402.43    53252.05    99999.00
1958-02-12 07:48:00.000 043   19024.95     -402.72    53252.70    99999.00
1958-02-12 07:49:00.000 043   19022.97     -402.94    53253.35    99999.00
1958-02-12 07:50:00.000 043   19023.87     -402.93    53253.98    99999.00
1958-02-12 07:51:00.000 043   19024.65     -402.80    53254.60    99999.00
1958-02-12 07:52:00.000 043   19023.79     -402.60    53255.21    99999.00
1958-02-12 07:53:00.000 043   19022.21     -402.36    53255.78    99999.00
1958-02-12 07:54:00.000 043   19020.57     -402.08    53256.32    99999.00
1958-02-12 07:55:00.000 043   19019.12     -401.79    53256.83    99999.00
1958-02-12 07:56:00.000 043   19017.95     -401.49    53257.32    99999.00
1958-02-12 07:57:00.000 043   19017.11     -401.21    53257.79    99999.00
1958-02-12 07:58:00.000 043   19016.61     -400.95    53258.23    99999.00
1958-02-12 07:59:00.000 043   19016.35     -400.73    53258.65    99999.00
1958-02-12 08:00:00.000 043   19016.31     -400.56    53259.05    99999.00
1958-02-12 08:01:00.000 043   19016.44     -400.43    53259.43    99999.00
1958-02-12 08:02:00.000 043   19016.74     -400.33    53259.80    99999.00
1958-02-12 08:03:00.000 043   19017.21     -400.23    53260.15    99999.00
1958-02-12 08:04:00.000 043   19017.87     -400.12    53260.50    99999.00
1958-02-12 08:05:00.000 043   19018.81     -400.01    53260.83    99999.00
1958-02-12 08:06:00.000 043   19020.21     -399.87    53261.15    99999.00
1958-02-12 08:07:00.000 043   19022.07     -399.72    53261.46    99999.00
1958-02-12 08:08:00.000 043   19023.24     -399.57    53261.77    99999.00
1958-02-12 08:09:00.000 043   19023.54     -399.41    53262.07    99999.00
1958-02-12 08:10:00.000 043   19023.51     -399.26    53262.36    99999.00
1958-02-12 08:11:00.000 043   19023.37     -399.11    53262.65    99999.00
1958-02-12 08:12:00.000 043   19023.23     -398.97    53262.93    99999.00
1958-02-12 08:13:00.000 043   19023.11     -398.84    53263.22    99999.00
1958-02-12 08:14:00.000 043   19023.04     -398.73    53263.49    99999.00
1958-02-12 08:15:00.000 043   19023.07     -398.63    53263.76    99999.00
1958-02-12 08:16:00.000 043   19023.18     -398.56    53264.03    99999.00
1958-02-12 08:17:00.000 043   19023.38     -398.50    53264.30    99999.00
1958-02-12 08:18:00.000 043   19023.68     -398.45    53264.56    99999.00
1958-02-12 08:19:00.000 043   19024.05     -398.40    53264.81    99999.00
1958-02-12 08:20:00.000 043   19024.52     -398.36    53265.07    99999.00
1958-02-12 08:21:00.000 043   19025.08     -398.31    53265.32    99999.00
1958-02-12 08:22:00.000 043   19025.81     -398.25    53265.57    99999.00
1958-02-12 08:23:00.000 043   19026.79     -398.17    53265.82    99999.00
1958-02-12 08:24:00.000 043   19028.31     -398.09    53266.06    99999.00
1958-02-12 08:25:00.000 043   19029.29     -398.01    53266.29    99999.00
1958-02-12 08:26:00.000 043   19028.92     -397.93    53266.53    99999.00
1958-02-12 08:27:00.000 043   19028.12     -397.84    53266.77    99999.00
1958-02-12 08:28:00.000 043   19027.23     -397.77    53267.00    99999.00
1958-02-12 08:29:00.000 043   19026.36     -397.71    53267.23    99999.00
1958-02-12 08:30:00.000 043   19025.54     -397.66    53267.45    99999.00
1958-02-12 08:31:00.000 043   19024.83     -397.64    53267.67    99999.00
1958-02-12 08:32:00.000 043   19024.23     -397.64    53267.88    99999.00
1958-02-12 08:33:00.000 043   19023.80     -397.69    53268.09    99999.00
1958-02-12 08:34:00.000 043   19023.57     -397.78    53268.28    99999.00
1958-02-12 08:35:00.000 043   19023.56     -397.90    53268.47    99999.00
1958-02-12 08:36:00.000 043   19023.75     -398.05    53268.63    99999.00
1958-02-12 08:37:00.000 043   19024.11     -398.21    53268.80    99999.00
1958-02-12 08:38:00.000 043   19024.59     -398.37    53268.93    99999.00
1958-02-12 08:39:00.000 043   19025.15     -398.45    53269.05    99999.00
1958-02-12 08:40:00.000 043   19025.75     -398.43    53269.15    99999.00
1958-02-12 08:41:00.000 043   19026.31     -398.31    53269.23    99999.00
1958-02-12 08:42:00.000 043   19026.76     -398.26    53269.28    99999.00
1958-02-12 08:43:00.000 043   19027.01     -398.60    53269.31    99999.00
1958-02-12 08:44:00.000 043   19027.09     -398.94    53269.31    99999.00
1958-02-12 08:45:00.000 043   19027.09     -398.81    53269.29    99999.00
1958-02-12 08:46:00.000 043   19027.21     -398.44    53269.26    99999.00
1958-02-12 08:47:00.000 043   19027.90     -398.17    53269.21    99999.00
1958-02-12 08:48:00.000 043   19030.13     -398.26    53269.17    99999.00
1958-02-12 08:49:00.000 043   19032.02     -398.58    53269.13    99999.00
1958-02-12 08:50:00.000 043   19032.46     -398.82    53269.09    99999.00
1958-02-12 08:51:00.000 043   19032.07     -398.80    53269.07    99999.00
1958-02-12 08:52:00.000 043   19031.26     -398.59    53269.08    99999.00
1958-02-12 08:53:00.000 043   19030.26     -398.30    53269.11    99999.00
1958-02-12 08:54:00.000 043   19029.16     -398.01    53269.17    99999.00
1958-02-12 08:55:00.000 043   19027.99     -397.75    53269.29    99999.00
1958-02-12 08:56:00.000 043   19026.81     -397.56    53269.46    99999.00
1958-02-12 08:57:00.000 043   19025.64     -397.44    53269.71    99999.00
1958-02-12 08:58:00.000 043   19024.52     -397.38    53270.05    99999.00
1958-02-12 08:59:00.000 043   19023.46     -397.35    53270.51    99999.00
1958-02-12 09:00:00.000 043   19022.53     -397.36    53271.11    99999.00
1958-02-12 09:01:00.000 043   19021.74     -397.37    53271.87    99999.00
1958-02-12 09:02:00.000 043   19021.13     -397.38    53272.74    99999.00
1958-02-12 09:03:00.000 043   19020.74     -397.35    53273.68    99999.00
1958-02-12 09:04:00.000 043   19020.63     -397.24    53274.62    99999.00
1958-02-12 09:05:00.000 043   19020.87     -397.16    53275.48    99999.00
1958-02-12 09:06:00.000 043   19021.57     -397.53    53276.18    99999.00
1958-02-12 09:07:00.000 043   19022.85     -398.42    53276.62    99999.00
1958-02-12 09:08:00.000 043   19024.78     -399.45    53276.77    99999.00
1958-02-12 09:09:00.000 043   19027.29     -400.42    53276.61    99999.00
1958-02-12 09:10:00.000 043   19030.22     -401.17    53276.13    99999.00
1958-02-12 09:11:00.000 043   19033.30     -401.56    53275.40    99999.00
1958-02-12 09:12:00.000 043   19036.17     -401.46    53274.49    99999.00
1958-02-12 09:13:00.000 043   19038.40     -400.93    53273.44    99999.00
1958-02-12 09:14:00.000 043   19039.58     -400.10    53272.31    99999.00
1958-02-12 09:15:00.000 043   19039.27     -399.18    53271.11    99999.00
1958-02-12 09:16:00.000 043   19037.01     -398.33    53269.88    99999.00
1958-02-12 09:17:00.000 043   19033.25     -397.50    53268.65    99999.00
1958-02-12 09:18:00.000 043   19029.05     -396.61    53267.44    99999.00
1958-02-12 09:19:00.000 043   19026.05     -395.56    53266.28    99999.00
1958-02-12 09:20:00.000 043   19027.25     -394.27    53265.20    99999.00
1958-02-12 09:21:00.000 043   19033.54     -392.82    53264.24    99999.00
1958-02-12 09:22:00.000 043   19035.98     -391.63    53263.43    99999.00
1958-02-12 09:23:00.000 043   19037.79     -391.74    53262.81    99999.00
1958-02-12 09:24:00.000 043   19037.24     -392.19    53262.40    99999.00
1958-02-12 09:25:00.000 043   19034.00     -392.58    53262.19    99999.00
1958-02-12 09:26:00.000 043   19030.81     -392.86    53262.17    99999.00
1958-02-12 09:27:00.000 043   19028.15     -393.04    53262.29    99999.00
1958-02-12 09:28:00.000 043   19026.29     -393.14    53262.53    99999.00
1958-02-12 09:29:00.000 043   19025.32     -393.23    53262.85    99999.00
1958-02-12 09:30:00.000 043   19025.08     -393.32    53263.21    99999.00
1958-02-12 09:31:00.000 043   19025.37     -393.47    53263.55    99999.00
1958-02-12 09:32:00.000 043   19025.97     -393.72    53263.87    99999.00
1958-02-12 09:33:00.000 043   19026.78     -394.06    53264.11    99999.00
1958-02-12 09:34:00.000 043   19027.68     -394.45    53264.26    99999.00
1958-02-12 09:35:00.000 043   19028.61     -394.83    53264.33    99999.00
1958-02-12 09:36:00.000 043   19029.52     -395.18    53264.33    99999.00
1958-02-12 09:37:00.000 043   19030.38     -395.48    53264.27    99999.00
1958-02-12 09:38:00.000 043   19031.17     -395.74    53264.18    99999.00
1958-02-12 09:39:00.000 043   19031.91     -395.96    53264.06    99999.00
1958-02-12 09:40:00.000 043   19032.58     -396.13    53263.92    99999.00
1958-02-12 09:41:00.000 043   19033.19     -396.26    53263.76    99999.00
1958-02-12 09:42:00.000 043   19033.74     -396.35    53263.60    99999.00
1958-02-12 09:43:00.000 043   19034.22     -396.41    53263.45    99999.00
1958-02-12 09:44:00.000 043   19034.65     -396.44    53263.30    99999.00
1958-02-12 09:45:00.000 043   19035.01     -396.45    53263.16    99999.00
1958-02-12 09:46:00.000 043   19035.30     -396.45    53263.05    99999.00
1958-02-12 09:47:00.000 043   19035.52     -396.44    53262.95    99999.00
1958-02-12 09:48:00.000 043   19035.68     -396.43    53262.89    99999.00
1958-02-12 09:49:00.000 043   19035.78     -396.44    53262.85    99999.00
1958-02-12 09:50:00.000 043   19035.81     -396.47    53262.85    99999.00
1958-02-12 09:51:00.000 043   19035.80     -396.57    53262.88    99999.00
1958-02-12 09:52:00.000 043   19035.74     -396.77    53262.93    99999.00
1958-02-12 09:53:00.000 043   19035.63     -397.08    53262.99    99999.00
1958-02-12 09:54:00.000 043   19035.50     -397.37    53263.07    99999.00
1958-02-12 09:55:00.000 043   19035.32     -397.56    53263.16    99999.00
1958-02-12 09:56:00.000 043   19035.13     -397.63    53263.26    99999.00
1958-02-12 09:57:00.000 043   19034.90     -397.61    53263.35    99999.00
1958-02-12 09:58:00.000 043   19034.66     -397.51    53263.45    99999.00
1958-02-12 09:59:00.000 043   19034.40     -397.36    53263.54    99999.00
1958-02-12 10:00:00.000 043   19034.13     -397.16    53263.61    99999.00
1958-02-12 10:01:00.000 043   19033.85     -396.91    53263.68    99999.00
1958-02-12 10:02:00.000 043   19033.56     -396.62    53263.71    99999.00
1958-02-12 10:03:00.000 043   19033.29     -396.32    53263.72    99999.00
1958-02-12 10:04:00.000 043   19033.01     -396.03    53263.70    99999.00
1958-02-12 10:05:00.000 043   19032.72     -395.80    53263.65    99999.00
1958-02-12 10:06:00.000 043   19032.39     -395.69    53263.57    99999.00
1958-02-12 10:07:00.000 043   19031.99     -395.71    53263.48    99999.00
1958-02-12 10:08:00.000 043   19031.48     -395.86    53263.39    99999.00
1958-02-12 10:09:00.000 043   19030.81     -396.15    53263.29    99999.00
1958-02-12 10:10:00.000 043   19029.99     -396.59    53263.21    99999.00
1958-02-12 10:11:00.000 043   19029.01     -397.05    53263.15    99999.00
1958-02-12 10:12:00.000 043   19027.89     -397.12    53263.14    99999.00
1958-02-12 10:13:00.000 043   19026.71     -396.52    53263.20    99999.00
1958-02-12 10:14:00.000 043   19025.47     -396.10    53263.36    99999.00
1958-02-12 10:15:00.000 043   19024.22     -396.10    53263.68    99999.00
1958-02-12 10:16:00.000 043   19022.98     -396.43    53264.22    99999.00
1958-02-12 10:17:00.000 043   19021.76     -396.94    53265.00    99999.00
1958-02-12 10:18:00.000 043   19020.59     -397.53    53265.95    99999.00
1958-02-12 10:19:00.000 043   19019.48     -398.16    53266.96    99999.00
1958-02-12 10:20:00.000 043   19018.46     -398.80    53267.86    99999.00
1958-02-12 10:21:00.000 043   19017.55     -399.40    53268.49    99999.00
1958-02-12 10:22:00.000 043   19016.76     -399.94    53268.76    99999.00
1958-02-12 10:23:00.000 043   19016.12     -400.35    53268.67    99999.00
1958-02-12 10:24:00.000 043   19015.63     -400.52    53268.32    99999.00
1958-02-12 10:25:00.000 043   19015.23     -400.37    53267.81    99999.00
1958-02-12 10:26:00.000 043   19014.93     -399.93    53267.19    99999.00
1958-02-12 10:27:00.000 043   19014.69     -399.39    53266.52    99999.00
1958-02-12 10:28:00.000 043   19014.48     -398.96    53265.82    99999.00
1958-02-12 10:29:00.000 043   19014.24     -398.67    53265.15    99999.00
1958-02-12 10:30:00.000 043   19013.88     -398.47    53264.54    99999.00
1958-02-12 10:31:00.000 043   19013.28     -398.32    53264.09    99999.00
1958-02-12 10:32:00.000 043   19012.28     -398.21    53263.85    99999.00
1958-02-12 10:33:00.000 043   19010.90     -398.12    53263.87    99999.00
1958-02-12 10:34:00.000 043   19009.60     -398.05    53264.07    99999.00
1958-02-12 10:35:00.000 043   19009.96     -397.99    53264.38    99999.00
1958-02-12 10:36:00.000 043   19013.22     -397.95    53264.67    99999.00
1958-02-12 10:37:00.000 043   19016.38     -397.94    53264.87    99999.00
1958-02-12 10:38:00.000 043   19014.53     -397.98    53264.95    99999.00
1958-02-12 10:39:00.000 043   19013.45     -398.08    53264.91    99999.00
1958-02-12 10:40:00.000 043   19015.54     -398.27    53264.78    99999.00
1958-02-12 10:41:00.000 043   19016.35     -398.57    53264.59    99999.00
1958-02-12 10:42:00.000 043   19014.66     -398.94    53264.36    99999.00
1958-02-12 10:43:00.000 043   19012.43     -399.30    53264.11    99999.00
1958-02-12 10:44:00.000 043   19011.08     -399.57    53263.84    99999.00
1958-02-12 10:45:00.000 043   19011.19     -399.67    53263.57    99999.00
1958-02-12 10:46:00.000 043   19012.45     -399.60    53263.30    99999.00
1958-02-12 10:47:00.000 043   19014.24     -399.44    53263.03    99999.00
1958-02-12 10:48:00.000 043   19016.16     -399.23    53262.79    99999.00
1958-02-12 10:49:00.000 043   19017.84     -399.02    53262.56    99999.00
1958-02-12 10:50:00.000 043   19018.99     -398.87    53262.38    99999.00
1958-02-12 10:51:00.000 043   19019.53     -398.85    53262.23    99999.00
1958-02-12 10:52:00.000 043   19019.61     -398.98    53262.13    99999.00
1958-02-12 10:53:00.000 043   19019.43     -399.20    53262.07    99999.00
1958-02-12 10:54:00.000 043   19019.12     -399.44    53262.07    99999.00
1958-02-12 10:55:00.000 043   19018.77     -399.63    53262.11    99999.00
1958-02-12 10:56:00.000 043   19018.44     -399.79    53262.20    99999.00
1958-02-12 10:57:00.000 043   19018.12     -399.93    53262.34    99999.00
1958-02-12 10:58:00.000 043   19017.83     -400.05    53262.52    99999.00
1958-02-12 10:59:00.000 043   19017.59     -400.17    53262.76    99999.00
1958-02-12 11:00:00.000 043   19017.37     -400.30    53263.02    99999.00
1958-02-12 11:01:00.000 043   19017.20     -400.43    53263.34    99999.00
1958-02-12 11:02:00.000 043   19017.08     -400.57    53263.68    99999.00
1958-02-12 11:03:00.000 043   19017.02     -400.71    53264.04    99999.00
1958-02-12 11:04:00.000 043   19017.03     -400.85    53264.42    99999.00
1958-02-12 11:05:00.000 043   19017.16     -400.99    53264.80    99999.00
1958-02-12 11:06:00.000 043   19017.42     -401.11    53265.19    99999.00
1958-02-12 11:07:00.000 043   19017.88     -401.23    53265.56    99999.00
1958-02-12 11:08:00.000 043   19018.52     -401.33    53265.92    99999.00
1958-02-12 11:09:00.000 043   19019.33     -401.41    53266.25    99999.00
1958-02-12 11:10:00.000 043   19020.25     -401.47    53266.57    99999.00
1958-02-12 11:11:00.000 043   19021.20     -401.51    53266.85    99999.00
1958-02-12 11:12:00.000 043   19022.15     -401.54    53267.10    99999.00
1958-02-12 11:13:00.000 043   19023.05     -401.54    53267.31    99999.00
1958-02-12 11:14:00.000 043   19023.89     -401.52    53267.51    99999.00
1958-02-12 11:15:00.000 043   19024.69     -401.49    53267.68    99999.00
1958-02-12 11:16:00.000 043   19025.42     -401.43    53267.83    99999.00
1958-02-12 11:17:00.000 043   19026.10     -401.36    53267.97    99999.00
1958-02-12 11:18:00.000 043   19026.70     -401.27    53268.10    99999.00
1958-02-12 11:19:00.000 043   19027.24     -401.16    53268.22    99999.00
1958-02-12 11:20:00.000 043   19027.70     -401.04    53268.34    99999.00
1958-02-12 11:21:00.000 043   19028.06     -400.90    53268.46    99999.00
1958-02-12 11:22:00.000 043   19028.32     -400.74    53268.57    99999.00
1958-02-12 11:23:00.000 043   19028.48     -400.56    53268.68    99999.00
1958-02-12 11:24:00.000 043   19028.49     -400.37    53268.80    99999.00
1958-02-12 11:25:00.000 043   19028.37     -400.15    53268.92    99999.00
1958-02-12 11:26:00.000 043   19028.11     -399.91    53269.05    99999.00
1958-02-12 11:27:00.000 043   19027.73     -399.65    53269.19    99999.00
1958-02-12 11:28:00.000 043   19027.27     -399.38    53269.33    99999.00
1958-02-12 11:29:00.000 043   19026.72     -399.09    53269.47    99999.00
1958-02-12 11:30:00.000 043   19026.13     -398.80    53269.62    99999.00
1958-02-12 11:31:00.000 043   19025.55     -398.50    53269.78    99999.00
1958-02-12 11:32:00.000 043   19025.05     -398.21    53269.93    99999.00
1958-02-12 11:33:00.000 043   19024.79     -397.93    53270.09    99999.00
1958-02-12 11:34:00.000 043   19025.11     -397.68    53270.24    99999.00
1958-02-12 11:35:00.000 043   19026.18     -397.47    53270.41    99999.00
1958-02-12 11:36:00.000 043   19027.53     -397.30    53270.57    99999.00
1958-02-12 11:37:00.000 043   19028.34     -397.15    53270.73    99999.00
1958-02-12 11:38:00.000 043   19028.54     -397.02    53270.88    99999.00
1958-02-12 11:39:00.000 043   19028.38     -396.87    53271.04    99999.00
1958-02-12 11:40:00.000 043   19028.02     -396.71    53271.19    99999.00
1958-02-12 11:41:00.000 043   19027.55     -396.52    53271.34    99999.00
1958-02-12 11:42:00.000 043   19026.98     -396.32    53271.48    99999.00
1958-02-12 11:43:00.000 043   19026.36     -396.10    53271.61    99999.00
1958-02-12 11:44:00.000 043   19025.71     -395.87    53271.73    99999.00
1958-02-12 11:45:00.000 043   19025.04     -395.63    53271.81    99999.00
1958-02-12 11:46:00.000 043   19024.40     -395.39    53271.88    99999.00
1958-02-12 11:47:00.000 043   19023.85     -395.13    53271.89    99999.00
1958-02-12 11:48:00.000 043   19023.56     -394.87    53271.85    99999.00
1958-02-12 11:49:00.000 043   19023.74     -394.59    53271.78    99999.00
1958-02-12 11:50:00.000 043   19024.56     -394.29    53271.69    99999.00
1958-02-12 11:51:00.000 043   19025.76     -393.95    53271.60    99999.00
1958-02-12 11:52:00.000 043   19026.91     -393.63    53271.53    99999.00
1958-02-12 11:53:00.000 043   19027.56     -393.42    53271.48    99999.00
1958-02-12 11:54:00.000 043   19027.03     -393.30    53271.43    99999.00
1958-02-12 11:55:00.000 043   19024.68     -393.25    53271.39    99999.00
1958-02-12 11:56:00.000 043   19021.84     -393.29    53271.35    99999.00
1958-02-12 11:57:00.000 043   19022.13     -393.47    53271.31    99999.00
1958-02-12 11:58:00.000 043   19025.85     -393.89    53271.28    99999.00
1958-02-12 11:59:00.000 043   19027.11     -394.53    53271.25    99999.00
1958-02-12 12:00:00.000 043   19022.10     -394.97    53271.22    99999.00
