 Format                 IAGA-2002                                        |
 Source of Data         British Geological Survey                        |
 Station Name           Hartland                                         |
 IAGA Code              HAD                                              |
 Geodetic Latitude      50.995                                           |
 Geodetic Longitude     355.516                                          |
 Elevation              95.0                                             |
 Reported               HDZF                                             |
 Sensor Orientation                                                      |
 Digital Sampling                                                        |
 Data Interval Type     1-minute                                         |
 Data Type              quasi definitive                                 |
 # Digitised using Engauge Digitizer from BGS magnetogram                |
 # photographs of the Feb 1958 geomagnetic storm.                        |
 # Missing data are denoted by 99999.00                                  |
DATE       TIME         DOY   HADH        HADD        HADZ        HADF   |
1958-02-10 10:00:00.000 041   18630.29     -617.25    43461.64    99999.00
1958-02-10 10:01:00.000 041   18630.22     -616.64    43461.70    99999.00
1958-02-10 10:02:00.000 041   18629.72     -616.34    43462.01    99999.00
1958-02-10 10:03:00.000 041   18629.45     -616.48    43462.32    99999.00
1958-02-10 10:04:00.000 041   18629.64     -616.80    43462.61    99999.00
1958-02-10 10:05:00.000 041   18630.40     -617.16    43462.90    99999.00
1958-02-10 10:06:00.000 041   18631.23     -617.49    43463.18    99999.00
1958-02-10 10:07:00.000 041   18631.53     -617.72    43463.43    99999.00
1958-02-10 10:08:00.000 041   18631.01     -617.72    43463.66    99999.00
1958-02-10 10:09:00.000 041   18629.95     -617.41    43463.86    99999.00
1958-02-10 10:10:00.000 041   18628.87     -616.89    43464.03    99999.00
1958-02-10 10:11:00.000 041   18628.09     -616.68    43464.15    99999.00
1958-02-10 10:12:00.000 041   18627.81     -617.36    43464.22    99999.00
1958-02-10 10:13:00.000 041   18628.15     -616.99    43464.23    99999.00
1958-02-10 10:14:00.000 041   18628.98     -616.60    43464.15    99999.00
1958-02-10 10:15:00.000 041   18630.06     -616.55    43463.97    99999.00
1958-02-10 10:16:00.000 041   18631.19     -616.69    43463.66    99999.00
1958-02-10 10:17:00.000 041   18632.20     -616.91    43463.23    99999.00
1958-02-10 10:18:00.000 041   18632.97     -617.16    43462.67    99999.00
1958-02-10 10:19:00.000 041   18633.38     -617.43    43462.04    99999.00
1958-02-10 10:20:00.000 041   18633.36     -617.69    43461.37    99999.00
1958-02-10 10:21:00.000 041   18632.97     -617.93    43460.72    99999.00
1958-02-10 10:22:00.000 041   18632.31     -618.12    43460.16    99999.00
1958-02-10 10:23:00.000 041   18631.48     -618.20    43459.76    99999.00
1958-02-10 10:24:00.000 041   18630.59     -618.13    43459.55    99999.00
1958-02-10 10:25:00.000 041   18629.76     -617.89    43459.55    99999.00
1958-02-10 10:26:00.000 041   18629.24     -617.76    43459.71    99999.00
1958-02-10 10:27:00.000 041   18629.50     -618.07    43459.99    99999.00
1958-02-10 10:28:00.000 041   18630.58     -618.14    43460.35    99999.00
1958-02-10 10:29:00.000 041   18631.51     -618.02    43460.76    99999.00
1958-02-10 10:30:00.000 041   18631.51     -617.84    43461.19    99999.00
1958-02-10 10:31:00.000 041   18630.82     -617.64    43461.61    99999.00
1958-02-10 10:32:00.000 041   18629.86     -617.45    43462.00    99999.00
1958-02-10 10:33:00.000 041   18628.81     -617.30    43462.34    99999.00
1958-02-10 10:34:00.000 041   18627.82     -617.27    43462.58    99999.00
1958-02-10 10:35:00.000 041   18627.12     -617.56    43462.68    99999.00
1958-02-10 10:36:00.000 041   18627.18     -618.03    43462.64    99999.00
1958-02-10 10:37:00.000 041   18628.66     -617.76    43462.45    99999.00
1958-02-10 10:38:00.000 041   18628.88     -617.36    43462.13    99999.00
1958-02-10 10:39:00.000 041   18627.41     -617.13    43461.72    99999.00
1958-02-10 10:40:00.000 041   18626.93     -617.36    43461.26    99999.00
1958-02-10 10:41:00.000 041   18626.94     -617.85    43460.83    99999.00
1958-02-10 10:42:00.000 041   18627.20     -617.97    43460.57    99999.00
1958-02-10 10:43:00.000 041   18627.58     -617.64    43460.80    99999.00
1958-02-10 10:44:00.000 041   18628.01     -617.29    43461.57    99999.00
1958-02-10 10:45:00.000 041   18628.47     -617.10    43462.36    99999.00
1958-02-10 10:46:00.000 041   18628.92     -617.14    43462.80    99999.00
1958-02-10 10:47:00.000 041   18629.34     -617.33    43462.91    99999.00
1958-02-10 10:48:00.000 041   18629.72     -617.57    43462.81    99999.00
1958-02-10 10:49:00.000 041   18630.02     -617.81    43462.59    99999.00
1958-02-10 10:50:00.000 041   18630.19     -618.00    43462.32    99999.00
1958-02-10 10:51:00.000 041   18630.17     -618.08    43462.01    99999.00
1958-02-10 10:52:00.000 041   18629.86     -618.03    43461.70    99999.00
1958-02-10 10:53:00.000 041   18629.25     -617.90    43461.41    99999.00
1958-02-10 10:54:00.000 041   18628.45     -617.74    43461.17    99999.00
1958-02-10 10:55:00.000 041   18627.65     -617.62    43461.07    99999.00
1958-02-10 10:56:00.000 041   18627.02     -617.56    43461.33    99999.00
1958-02-10 10:57:00.000 041   18626.63     -617.61    43462.49    99999.00
1958-02-10 10:58:00.000 041   18626.48     -617.72    43463.15    99999.00
1958-02-10 10:59:00.000 041   18626.53     -617.87    43462.62    99999.00
1958-02-10 11:00:00.000 041   18626.71     -618.05    43461.86    99999.00
1958-02-10 11:01:00.000 041   18626.99     -618.22    43461.08    99999.00
1958-02-10 11:02:00.000 041   18627.32     -618.36    43460.40    99999.00
1958-02-10 11:03:00.000 041   18627.69     -618.32    43459.99    99999.00
1958-02-10 11:04:00.000 041   18628.08     -617.94    43460.20    99999.00
1958-02-10 11:05:00.000 041   18628.48     -617.83    43460.94    99999.00
1958-02-10 11:06:00.000 041   18628.88     -617.98    43461.49    99999.00
1958-02-10 11:07:00.000 041   18629.26     -618.19    43461.56    99999.00
1958-02-10 11:08:00.000 041   18629.61     -618.41    43461.33    99999.00
1958-02-10 11:09:00.000 041   18629.92     -618.61    43460.96    99999.00
1958-02-10 11:10:00.000 041   18630.17     -618.78    43460.54    99999.00
1958-02-10 11:11:00.000 041   18630.31     -618.87    43460.11    99999.00
1958-02-10 11:12:00.000 041   18630.31     -618.85    43459.71    99999.00
1958-02-10 11:13:00.000 041   18630.11     -618.68    43459.37    99999.00
1958-02-10 11:14:00.000 041   18629.71     -618.40    43459.14    99999.00
1958-02-10 11:15:00.000 041   18629.14     -618.09    43459.05    99999.00
1958-02-10 11:16:00.000 041   18628.50     -618.04    43459.09    99999.00
1958-02-10 11:17:00.000 041   18627.86     -618.38    43459.24    99999.00
1958-02-10 11:18:00.000 041   18627.32     -618.74    43459.47    99999.00
1958-02-10 11:19:00.000 041   18626.91     -618.85    43459.72    99999.00
1958-02-10 11:20:00.000 041   18626.63     -618.70    43459.96    99999.00
1958-02-10 11:21:00.000 041   18626.47     -618.44    43460.17    99999.00
1958-02-10 11:22:00.000 041   18626.42     -618.18    43460.34    99999.00
1958-02-10 11:23:00.000 041   18626.45     -618.04    43460.47    99999.00
1958-02-10 11:24:00.000 041   18626.53     -618.36    43460.57    99999.00
1958-02-10 11:25:00.000 041   18626.67     -618.88    43460.62    99999.00
1958-02-10 11:26:00.000 041   18626.85     -618.86    43460.63    99999.00
1958-02-10 11:27:00.000 041   18627.06     -618.63    43460.57    99999.00
1958-02-10 11:28:00.000 041   18627.30     -618.40    43460.41    99999.00
1958-02-10 11:29:00.000 041   18627.57     -618.32    43460.15    99999.00
1958-02-10 11:30:00.000 041   18627.86     -618.66    43459.82    99999.00
1958-02-10 11:31:00.000 041   18628.18     -619.15    43459.51    99999.00
1958-02-10 11:32:00.000 041   18628.52     -618.65    43459.29    99999.00
1958-02-10 11:33:00.000 041   18628.88     -618.36    43459.18    99999.00
1958-02-10 11:34:00.000 041   18629.26     -618.70    43459.14    99999.00
1958-02-10 11:35:00.000 041   18629.66     -619.18    43459.14    99999.00
1958-02-10 11:36:00.000 041   18630.08     -619.12    43459.14    99999.00
1958-02-10 11:37:00.000 041   18630.52     -618.61    43459.12    99999.00
1958-02-10 11:38:00.000 041   18630.98     -618.60    43459.06    99999.00
1958-02-10 11:39:00.000 041   18631.47     -618.84    43458.94    99999.00
1958-02-10 11:40:00.000 041   18631.99     -619.17    43458.71    99999.00
1958-02-10 11:40:00.000 041   18632.53     -619.53    43458.32    99999.00
1958-02-10 11:41:00.000 041   18633.10     -619.90    43457.76    99999.00
1958-02-10 11:42:00.000 041   18633.69     -620.25    43457.06    99999.00
1958-02-10 11:43:00.000 041   18634.30     -620.53    43456.35    99999.00
1958-02-10 11:44:00.000 041   18634.91     -620.59    43456.11    99999.00
1958-02-10 11:45:00.000 041   18635.51     -619.69    43457.01    99999.00
1958-02-10 11:46:00.000 041   18636.05     -619.54    43457.60    99999.00
1958-02-10 11:47:00.000 041   18636.47     -620.00    43457.55    99999.00
1958-02-10 11:48:00.000 041   18636.67     -620.52    43457.19    99999.00
1958-02-10 11:49:00.000 041   18636.48     -620.94    43456.71    99999.00
1958-02-10 11:50:00.000 041   18635.86     -621.01    43456.19    99999.00
1958-02-10 11:51:00.000 041   18634.87     -620.57    43455.68    99999.00
1958-02-10 11:52:00.000 041   18633.82     -620.49    43455.19    99999.00
1958-02-10 11:53:00.000 041   18634.22     -620.85    43454.77    99999.00
1958-02-10 11:54:00.000 041   18636.55     -621.25    43454.44    99999.00
1958-02-10 11:55:00.000 041   18637.43     -621.52    43454.21    99999.00
1958-02-10 11:56:00.000 041   18637.43     -621.57    43454.10    99999.00
1958-02-10 11:57:00.000 041   18637.09     -621.40    43454.09    99999.00
1958-02-10 11:58:00.000 041   18636.63     -621.10    43454.17    99999.00
1958-02-10 11:59:00.000 041   18636.13     -620.78    43454.32    99999.00
1958-02-10 12:00:00.000 041   18635.64     -620.61    43454.54    99999.00
1958-02-10 12:01:00.000 041   18635.23     -621.01    43454.81    99999.00
1958-02-10 12:02:00.000 041   18634.94     -621.50    43455.12    99999.00
1958-02-10 12:03:00.000 041   18634.85     -620.65    43455.44    99999.00
1958-02-10 12:04:00.000 041   18635.03     -620.34    43455.76    99999.00
1958-02-10 12:05:00.000 041   18635.47     -620.59    43456.05    99999.00
1958-02-10 12:06:00.000 041   18636.09     -620.98    43456.28    99999.00
1958-02-10 12:07:00.000 041   18636.80     -621.29    43456.42    99999.00
1958-02-10 12:08:00.000 041   18637.45     -621.39    43456.43    99999.00
1958-02-10 12:09:00.000 041   18637.90     -621.21    43456.25    99999.00
1958-02-10 12:10:00.000 041   18638.04     -620.88    43455.83    99999.00
1958-02-10 12:11:00.000 041   18637.89     -620.61    43455.20    99999.00
1958-02-10 12:12:00.000 041   18637.54     -621.06    43454.48    99999.00
1958-02-10 12:13:00.000 041   18637.04     -621.12    43453.86    99999.00
1958-02-10 12:14:00.000 041   18636.45     -620.66    43453.73    99999.00
1958-02-10 12:15:00.000 041   18635.84     -620.29    43454.42    99999.00
1958-02-10 12:16:00.000 041   18635.27     -620.04    43455.49    99999.00
1958-02-10 12:17:00.000 041   18634.87     -619.92    43456.28    99999.00
1958-02-10 12:18:00.000 041   18634.79     -619.89    43456.54    99999.00
1958-02-10 12:19:00.000 041   18635.10     -619.94    43456.44    99999.00
1958-02-10 12:20:00.000 041   18635.78     -620.05    43456.15    99999.00
1958-02-10 12:21:00.000 041   18636.64     -620.19    43455.79    99999.00
1958-02-10 12:22:00.000 041   18637.51     -620.35    43455.41    99999.00
1958-02-10 12:23:00.000 041   18638.28     -620.53    43455.05    99999.00
1958-02-10 12:24:00.000 041   18638.90     -620.72    43454.74    99999.00
1958-02-10 12:25:00.000 041   18639.29     -620.90    43454.49    99999.00
1958-02-10 12:26:00.000 041   18639.40     -621.08    43454.30    99999.00
1958-02-10 12:27:00.000 041   18639.16     -621.24    43454.17    99999.00
1958-02-10 12:28:00.000 041   18638.65     -621.38    43454.11    99999.00
1958-02-10 12:29:00.000 041   18637.98     -621.48    43454.13    99999.00
1958-02-10 12:30:00.000 041   18637.33     -621.51    43454.27    99999.00
1958-02-10 12:31:00.000 041   18637.03     -621.45    43454.60    99999.00
1958-02-10 12:32:00.000 041   18637.84     -621.27    43455.37    99999.00
1958-02-10 12:33:00.000 041   18639.36     -620.98    43456.73    99999.00
1958-02-10 12:34:00.000 041   18639.20     -620.64    43457.26    99999.00
1958-02-10 12:35:00.000 041   18637.94     -620.69    43456.93    99999.00
1958-02-10 12:36:00.000 041   18636.77     -621.06    43456.40    99999.00
1958-02-10 12:37:00.000 041   18636.12     -621.35    43455.88    99999.00
1958-02-10 12:38:00.000 041   18636.20     -621.51    43455.47    99999.00
1958-02-10 12:39:00.000 041   18636.93     -621.58    43455.28    99999.00
1958-02-10 12:40:00.000 041   18638.03     -621.57    43455.47    99999.00
1958-02-10 12:41:00.000 041   18639.25     -621.50    43456.04    99999.00
1958-02-10 12:42:00.000 041   18640.32     -621.41    43456.86    99999.00
1958-02-10 12:43:00.000 041   18640.83     -621.30    43457.67    99999.00
1958-02-10 12:44:00.000 041   18640.36     -621.18    43458.12    99999.00
1958-02-10 12:45:00.000 041   18639.27     -621.04    43458.15    99999.00
1958-02-10 12:46:00.000 041   18638.84     -620.89    43457.87    99999.00
1958-02-10 12:47:00.000 041   18639.83     -620.74    43457.45    99999.00
1958-02-10 12:48:00.000 041   18641.23     -620.59    43456.97    99999.00
1958-02-10 12:49:00.000 041   18641.73     -620.44    43456.50    99999.00
1958-02-10 12:50:00.000 041   18639.35     -620.29    43456.05    99999.00
1958-02-10 12:51:00.000 041   18636.77     -620.14    43455.66    99999.00
1958-02-10 12:52:00.000 041   18637.83     -620.01    43455.35    99999.00
1958-02-10 12:53:00.000 041   18640.25     -619.88    43455.29    99999.00
1958-02-10 12:54:00.000 041   18641.27     -619.78    43456.45    99999.00
1958-02-10 12:55:00.000 041   18637.58     -619.69    43457.86    99999.00
1958-02-10 12:56:00.000 041   18636.80     -619.62    43458.41    99999.00
1958-02-10 12:57:00.000 041   18638.56     -619.57    43458.70    99999.00
1958-02-10 12:58:00.000 041   18640.04     -619.56    43458.79    99999.00
1958-02-10 12:59:00.000 041   18638.96     -619.57    43458.63    99999.00
1958-02-10 13:00:00.000 041   18636.79     -619.60    43458.19    99999.00
1958-02-10 13:01:00.000 041   18635.71     -619.66    43457.67    99999.00
1958-02-10 13:02:00.000 041   18635.49     -619.76    43457.62    99999.00
1958-02-10 13:03:00.000 041   18635.80     -619.91    43458.17    99999.00
1958-02-10 13:04:00.000 041   18636.39     -620.11    43458.82    99999.00
1958-02-10 13:05:00.000 041   18637.16     -620.34    43459.20    99999.00
1958-02-10 13:06:00.000 041   18638.04     -620.58    43459.15    99999.00
1958-02-10 13:07:00.000 041   18639.02     -620.82    43458.87    99999.00
1958-02-10 13:08:00.000 041   18640.06     -621.05    43458.56    99999.00
1958-02-10 13:09:00.000 041   18641.16     -621.25    43458.39    99999.00
1958-02-10 13:10:00.000 041   18642.30     -621.42    43458.43    99999.00
1958-02-10 13:11:00.000 041   18643.45     -621.54    43458.63    99999.00
1958-02-10 13:12:00.000 041   18644.56     -621.55    43458.91    99999.00
1958-02-10 13:13:00.000 041   18645.31     -621.40    43459.23    99999.00
1958-02-10 13:14:00.000 041   18644.29     -621.12    43459.52    99999.00
1958-02-10 13:15:00.000 041   18642.13     -620.93    43459.76    99999.00
1958-02-10 13:16:00.000 041   18642.02     -621.10    43459.94    99999.00
1958-02-10 13:17:00.000 041   18644.21     -621.47    43460.04    99999.00
1958-02-10 13:18:00.000 041   18645.81     -621.82    43460.06    99999.00
1958-02-10 13:19:00.000 041   18646.26     -622.05    43459.98    99999.00
1958-02-10 13:20:00.000 041   18645.88     -622.17    43459.73    99999.00
1958-02-10 13:21:00.000 041   18645.10     -622.16    43459.12    99999.00
1958-02-10 13:22:00.000 041   18644.16     -622.06    43458.53    99999.00
1958-02-10 13:23:00.000 041   18643.19     -621.90    43458.68    99999.00
1958-02-10 13:24:00.000 041   18642.33     -621.71    43459.22    99999.00
1958-02-10 13:25:00.000 041   18641.71     -621.50    43459.86    99999.00
1958-02-10 13:26:00.000 041   18641.57     -621.30    43460.49    99999.00
1958-02-10 13:27:00.000 041   18642.01     -621.11    43461.06    99999.00
1958-02-10 13:28:00.000 041   18642.88     -620.96    43461.53    99999.00
1958-02-10 13:29:00.000 041   18643.91     -620.87    43461.80    99999.00
1958-02-10 13:30:00.000 041   18644.90     -620.92    43461.74    99999.00
1958-02-10 13:31:00.000 041   18645.74     -621.14    43461.32    99999.00
1958-02-10 13:32:00.000 041   18646.44     -621.59    43460.62    99999.00
1958-02-10 13:33:00.000 041   18647.04     -622.18    43460.03    99999.00
1958-02-10 13:34:00.000 041   18647.58     -622.45    43460.35    99999.00
1958-02-10 13:35:00.000 041   18648.07     -622.00    43461.53    99999.00
1958-02-10 13:36:00.000 041   18648.53     -621.51    43462.50    99999.00
1958-02-10 13:37:00.000 041   18648.98     -621.52    43462.48    99999.00
1958-02-10 13:38:00.000 041   18649.42     -621.84    43461.71    99999.00
1958-02-10 13:39:00.000 041   18649.87     -622.16    43460.79    99999.00
1958-02-10 13:40:00.000 041   18650.37     -621.98    43460.20    99999.00
1958-02-10 13:41:00.000 041   18650.98     -621.46    43460.37    99999.00
1958-02-10 13:42:00.000 041   18651.56     -621.89    43461.17    99999.00
1958-02-10 13:43:00.000 041   18651.34     -621.95    43462.05    99999.00
1958-02-10 13:44:00.000 041   18650.74     -621.24    43462.46    99999.00
1958-02-10 13:45:00.000 041   18650.10     -621.31    43462.08    99999.00
1958-02-10 13:46:00.000 041   18649.50     -621.67    43461.30    99999.00
1958-02-10 13:47:00.000 041   18648.99     -622.03    43460.56    99999.00
1958-02-10 13:48:00.000 041   18648.60     -622.18    43460.05    99999.00
1958-02-10 13:49:00.000 041   18648.37     -621.82    43459.83    99999.00
1958-02-10 13:50:00.000 041   18648.34     -621.33    43459.90    99999.00
1958-02-10 13:51:00.000 041   18648.54     -621.35    43460.17    99999.00
1958-02-10 13:52:00.000 041   18648.90     -621.63    43460.58    99999.00
1958-02-10 13:53:00.000 041   18649.38     -621.89    43461.07    99999.00
1958-02-10 13:54:00.000 041   18649.86     -622.00    43461.61    99999.00
1958-02-10 13:55:00.000 041   18650.24     -621.87    43462.17    99999.00
1958-02-10 13:56:00.000 041   18650.32     -621.59    43462.72    99999.00
1958-02-10 13:57:00.000 041   18650.03     -621.29    43463.23    99999.00
1958-02-10 13:58:00.000 041   18649.47     -621.07    43463.63    99999.00
1958-02-10 13:59:00.000 041   18648.92     -620.99    43463.87    99999.00
1958-02-10 14:00:00.000 041   18649.02     -621.04    43463.89    99999.00
1958-02-10 14:01:00.000 041   18649.66     -621.17    43463.70    99999.00
1958-02-10 14:02:00.000 041   18649.91     -621.34    43463.34    99999.00
1958-02-10 14:03:00.000 041   18649.62     -621.50    43462.99    99999.00
1958-02-10 14:04:00.000 041   18649.04     -621.63    43462.81    99999.00
1958-02-10 14:05:00.000 041   18648.37     -621.72    43462.83    99999.00
1958-02-10 14:06:00.000 041   18647.69     -621.77    43463.02    99999.00
1958-02-10 14:07:00.000 041   18647.10     -621.78    43463.34    99999.00
1958-02-10 14:08:00.000 041   18646.67     -621.75    43463.80    99999.00
1958-02-10 14:09:00.000 041   18646.59     -621.68    43464.38    99999.00
1958-02-10 14:10:00.000 041   18647.01     -621.57    43464.97    99999.00
1958-02-10 14:11:00.000 041   18647.86     -621.41    43465.46    99999.00
1958-02-10 14:12:00.000 041   18648.71     -621.21    43465.79    99999.00
1958-02-10 14:13:00.000 041   18648.88     -620.98    43465.92    99999.00
1958-02-10 14:14:00.000 041   18648.33     -620.74    43465.89    99999.00
1958-02-10 14:15:00.000 041   18647.55     -620.60    43465.79    99999.00
1958-02-10 14:16:00.000 041   18646.89     -621.03    43465.68    99999.00
1958-02-10 14:17:00.000 041   18646.52     -621.35    43465.60    99999.00
1958-02-10 14:18:00.000 041   18646.47     -621.40    43465.60    99999.00
1958-02-10 14:19:00.000 041   18646.66     -621.33    43465.72    99999.00
1958-02-10 14:20:00.000 041   18647.00     -621.21    43466.01    99999.00
1958-02-10 14:21:00.000 041   18647.44     -621.06    43466.43    99999.00
1958-02-10 14:22:00.000 041   18647.94     -620.89    43466.96    99999.00
1958-02-10 14:23:00.000 041   18648.47     -620.71    43467.53    99999.00
1958-02-10 14:24:00.000 041   18649.00     -620.52    43468.11    99999.00
1958-02-10 14:25:00.000 041   18649.50     -620.33    43468.66    99999.00
1958-02-10 14:26:00.000 041   18649.93     -620.13    43469.14    99999.00
1958-02-10 14:27:00.000 041   18650.23     -619.93    43469.56    99999.00
1958-02-10 14:28:00.000 041   18650.27     -619.72    43469.90    99999.00
1958-02-10 14:29:00.000 041   18649.56     -619.52    43470.17    99999.00
1958-02-10 14:30:00.000 041   18647.15     -619.32    43470.36    99999.00
1958-02-10 14:31:00.000 041   18646.29     -619.12    43470.47    99999.00
1958-02-10 14:32:00.000 041   18646.66     -618.94    43470.49    99999.00
1958-02-10 14:33:00.000 041   18647.30     -618.78    43470.38    99999.00
1958-02-10 14:34:00.000 041   18647.97     -618.66    43470.13    99999.00
1958-02-10 14:35:00.000 041   18648.57     -618.71    43469.71    99999.00
1958-02-10 14:36:00.000 041   18649.00     -619.09    43469.17    99999.00
1958-02-10 14:37:00.000 041   18649.17     -619.34    43468.57    99999.00
1958-02-10 14:38:00.000 041   18648.96     -619.50    43468.04    99999.00
1958-02-10 14:39:00.000 041   18648.39     -619.57    43467.80    99999.00
1958-02-10 14:40:00.000 041   18647.57     -619.33    43467.98    99999.00
1958-02-10 14:41:00.000 041   18646.68     -619.17    43468.45    99999.00
1958-02-10 14:42:00.000 041   18645.95     -619.46    43468.92    99999.00
1958-02-10 14:43:00.000 041   18645.68     -619.76    43469.09    99999.00
1958-02-10 14:44:00.000 041   18646.06     -620.00    43469.04    99999.00
1958-02-10 14:45:00.000 041   18646.92     -620.16    43468.95    99999.00
1958-02-10 14:46:00.000 041   18647.96     -620.22    43468.95    99999.00
1958-02-10 14:47:00.000 041   18648.79     -620.16    43469.07    99999.00
1958-02-10 14:48:00.000 041   18648.90     -620.00    43469.29    99999.00
1958-02-10 14:49:00.000 041   18648.08     -619.77    43469.56    99999.00
1958-02-10 14:50:00.000 041   18646.80     -619.50    43469.86    99999.00
1958-02-10 14:51:00.000 041   18645.84     -619.25    43470.15    99999.00
1958-02-10 14:52:00.000 041   18646.04     -619.38    43470.43    99999.00
1958-02-10 14:53:00.000 041   18647.16     -619.82    43470.68    99999.00
1958-02-10 14:54:00.000 041   18648.32     -619.65    43470.88    99999.00
1958-02-10 14:55:00.000 041   18648.83     -619.36    43471.04    99999.00
1958-02-10 14:56:00.000 041   18648.52     -619.06    43471.16    99999.00
1958-02-10 14:57:00.000 041   18647.79     -618.77    43471.26    99999.00
1958-02-10 14:58:00.000 041   18647.01     -618.54    43471.35    99999.00
1958-02-10 14:59:00.000 041   18646.72     -618.39    43471.43    99999.00
1958-02-10 15:00:00.000 041   18647.38     -618.40    43471.52    99999.00
1958-02-10 15:01:00.000 041   18648.08     -618.61    43471.61    99999.00
1958-02-10 15:02:00.000 041   18647.53     -618.99    43471.68    99999.00
1958-02-10 15:03:00.000 041   18646.20     -619.09    43471.71    99999.00
1958-02-10 15:04:00.000 041   18645.03     -618.38    43471.69    99999.00
1958-02-10 15:05:00.000 041   18644.98     -618.70    43471.57    99999.00
1958-02-10 15:06:00.000 041   18646.44     -619.12    43471.34    99999.00
1958-02-10 15:07:00.000 041   18647.66     -619.35    43471.08    99999.00
1958-02-10 15:08:00.000 041   18647.82     -619.37    43470.94    99999.00
1958-02-10 15:09:00.000 041   18647.17     -619.20    43471.23    99999.00
1958-02-10 15:10:00.000 041   18646.15     -618.94    43472.11    99999.00
1958-02-10 15:11:00.000 041   18645.03     -618.64    43472.87    99999.00
1958-02-10 15:12:00.000 041   18643.94     -618.34    43473.10    99999.00
1958-02-10 15:13:00.000 041   18643.03     -618.08    43472.86    99999.00
1958-02-10 15:14:00.000 041   18642.45     -617.92    43472.38    99999.00
1958-02-10 15:15:00.000 041   18642.42     -617.94    43471.81    99999.00
1958-02-10 15:16:00.000 041   18642.95     -618.19    43471.23    99999.00
1958-02-10 15:17:00.000 041   18643.86     -618.63    43470.72    99999.00
1958-02-10 15:18:00.000 041   18644.89     -619.10    43470.42    99999.00
1958-02-10 15:19:00.000 041   18645.74     -619.40    43470.67    99999.00
1958-02-10 15:20:00.000 041   18646.22     -619.34    43471.79    99999.00
1958-02-10 15:21:00.000 041   18646.39     -619.05    43473.17    99999.00
1958-02-10 15:22:00.000 041   18646.36     -618.70    43473.86    99999.00
1958-02-10 15:23:00.000 041   18646.24     -618.47    43474.15    99999.00
1958-02-10 15:24:00.000 041   18646.09     -618.63    43474.22    99999.00
1958-02-10 15:25:00.000 041   18646.04     -619.00    43474.18    99999.00
1958-02-10 15:26:00.000 041   18646.26     -619.26    43474.10    99999.00
1958-02-10 15:27:00.000 041   18646.82     -619.33    43474.07    99999.00
1958-02-10 15:28:00.000 041   18647.33     -619.24    43474.09    99999.00
1958-02-10 15:29:00.000 041   18647.34     -619.06    43474.20    99999.00
1958-02-10 15:30:00.000 041   18646.78     -618.82    43474.38    99999.00
1958-02-10 15:31:00.000 041   18645.89     -618.56    43474.62    99999.00
1958-02-10 15:32:00.000 041   18644.94     -618.28    43474.89    99999.00
1958-02-10 15:33:00.000 041   18644.03     -618.00    43475.20    99999.00
1958-02-10 15:34:00.000 041   18643.26     -617.73    43475.53    99999.00
1958-02-10 15:35:00.000 041   18642.69     -617.49    43475.87    99999.00
1958-02-10 15:36:00.000 041   18642.37     -617.33    43476.22    99999.00
1958-02-10 15:37:00.000 041   18642.36     -617.38    43476.56    99999.00
1958-02-10 15:38:00.000 041   18642.64     -617.89    43476.90    99999.00
1958-02-10 15:39:00.000 041   18643.12     -618.33    43477.24    99999.00
1958-02-10 15:40:00.000 041   18643.74     -618.36    43477.57    99999.00
1958-02-10 15:41:00.000 041   18644.41     -618.28    43477.89    99999.00
1958-02-10 15:42:00.000 041   18645.05     -618.17    43478.20    99999.00
1958-02-10 15:43:00.000 041   18645.55     -618.05    43478.51    99999.00
1958-02-10 15:44:00.000 041   18645.71     -617.96    43478.81    99999.00
1958-02-10 15:45:00.000 041   18645.31     -617.94    43479.10    99999.00
1958-02-10 15:46:00.000 041   18644.37     -618.06    43479.39    99999.00
1958-02-10 15:47:00.000 041   18643.11     -618.31    43479.68    99999.00
1958-02-10 15:48:00.000 041   18642.32     -618.54    43479.96    99999.00
1958-02-10 15:49:00.000 041   18643.09     -618.65    43480.23    99999.00
1958-02-10 15:50:00.000 041   18644.44     -618.65    43480.50    99999.00
1958-02-10 15:51:00.000 041   18645.21     -618.57    43480.76    99999.00
1958-02-10 15:52:00.000 041   18645.21     -618.43    43481.01    99999.00
1958-02-10 15:53:00.000 041   18644.62     -618.26    43481.25    99999.00
1958-02-10 15:54:00.000 041   18643.73     -618.07    43481.49    99999.00
1958-02-10 15:55:00.000 041   18642.72     -617.87    43481.74    99999.00
1958-02-10 15:56:00.000 041   18641.71     -617.65    43481.98    99999.00
1958-02-10 15:57:00.000 041   18640.77     -617.42    43482.25    99999.00
1958-02-10 15:58:00.000 041   18639.98     -617.18    43482.53    99999.00
1958-02-10 15:59:00.000 041   18639.44     -616.95    43482.85    99999.00
1958-02-10 16:00:00.000 041   18639.27     -616.73    43483.21    99999.00
1958-02-10 16:01:00.000 041   18639.59     -616.60    43483.60    99999.00
1958-02-10 16:02:00.000 041   18640.37     -616.65    43484.01    99999.00
1958-02-10 16:03:00.000 041   18641.53     -616.83    43484.43    99999.00
1958-02-10 16:04:00.000 041   18642.90     -617.02    43484.83    99999.00
1958-02-10 16:05:00.000 041   18644.11     -617.17    43485.24    99999.00
1958-02-10 16:06:00.000 041   18644.14     -617.23    43485.63    99999.00
1958-02-10 16:07:00.000 041   18642.27     -617.14    43486.02    99999.00
1958-02-10 16:08:00.000 041   18640.73     -616.92    43486.39    99999.00
1958-02-10 16:09:00.000 041   18639.99     -616.63    43486.74    99999.00
1958-02-10 16:10:00.000 041   18639.82     -616.54    43487.08    99999.00
1958-02-10 16:11:00.000 041   18640.03     -616.74    43487.39    99999.00
1958-02-10 16:12:00.000 041   18640.47     -616.70    43487.68    99999.00
1958-02-10 16:13:00.000 041   18641.05     -616.59    43487.94    99999.00
1958-02-10 16:14:00.000 041   18641.68     -616.46    43488.15    99999.00
1958-02-10 16:15:00.000 041   18642.32     -616.31    43488.32    99999.00
1958-02-10 16:16:00.000 041   18642.97     -616.16    43488.42    99999.00
1958-02-10 16:17:00.000 041   18643.58     -616.01    43488.44    99999.00
1958-02-10 16:18:00.000 041   18644.15     -615.86    43488.38    99999.00
1958-02-10 16:19:00.000 041   18644.67     -615.74    43488.23    99999.00
1958-02-10 16:20:00.000 041   18645.11     -615.64    43488.01    99999.00
1958-02-10 16:21:00.000 041   18645.48     -615.62    43487.74    99999.00
1958-02-10 16:22:00.000 041   18645.75     -615.71    43487.43    99999.00
1958-02-10 16:23:00.000 041   18645.92     -615.98    43487.13    99999.00
1958-02-10 16:24:00.000 041   18645.96     -616.36    43486.85    99999.00
1958-02-10 16:25:00.000 041   18645.88     -616.58    43486.60    99999.00
1958-02-10 16:26:00.000 041   18645.64     -616.11    43486.38    99999.00
1958-02-10 16:27:00.000 041   18645.24     -616.08    43486.22    99999.00
1958-02-10 16:28:00.000 041   18644.65     -616.47    43486.13    99999.00
1958-02-10 16:29:00.000 041   18643.89     -616.95    43486.13    99999.00
1958-02-10 16:30:00.000 041   18642.98     -617.35    43486.29    99999.00
1958-02-10 16:31:00.000 041   18641.98     -617.52    43486.76    99999.00
1958-02-10 16:32:00.000 041   18640.89     -617.09    43487.71    99999.00
1958-02-10 16:33:00.000 041   18639.78     -616.57    43488.95    99999.00
1958-02-10 16:34:00.000 041   18638.67     -617.17    43488.33    99999.00
1958-02-10 16:35:00.000 041   18637.60     -617.25    43488.13    99999.00
1958-02-10 16:36:00.000 041   18636.64     -616.98    43488.87    99999.00
1958-02-10 16:37:00.000 041   18635.81     -616.51    43490.04    99999.00
1958-02-10 16:38:00.000 041   18635.18     -615.91    43491.45    99999.00
1958-02-10 16:39:00.000 041   18634.81     -615.24    43493.03    99999.00
1958-02-10 16:40:00.000 041   18634.74     -614.54    43494.80    99999.00
1958-02-10 16:41:00.000 041   18635.05     -613.80    43496.72    99999.00
1958-02-10 16:42:00.000 041   18635.80     -613.05    43498.70    99999.00
1958-02-10 16:43:00.000 041   18637.06     -612.30    43500.66    99999.00
1958-02-10 16:44:00.000 041   18638.92     -611.54    43502.59    99999.00
1958-02-10 16:45:00.000 041   18641.43     -610.80    43504.52    99999.00
1958-02-10 16:46:00.000 041   18644.55     -610.08    43506.47    99999.00
1958-02-10 16:47:00.000 041   18648.18     -609.39    43508.47    99999.00
1958-02-10 16:48:00.000 041   18652.22     -608.76    43510.57    99999.00
1958-02-10 16:49:00.000 041   18656.55     -608.25    43512.95    99999.00
1958-02-10 16:50:00.000 041   18661.06     -608.02    43515.61    99999.00
1958-02-10 16:51:00.000 041   18665.62     -608.79    43515.51    99999.00
1958-02-10 16:52:00.000 041   18670.10     -608.07    43515.15    99999.00
1958-02-10 16:53:00.000 041   18674.39     -608.19    43514.65    99999.00
1958-02-10 16:54:00.000 041   18678.34     -608.69    43513.99    99999.00
1958-02-10 16:55:00.000 041   18681.86     -609.41    43513.11    99999.00
1958-02-10 16:56:00.000 041   18684.81     -610.23    43511.88    99999.00
1958-02-10 16:57:00.000 041   18687.11     -611.10    43509.93    99999.00
1958-02-10 16:58:00.000 041   18688.65     -612.01    43506.72    99999.00
1958-02-10 16:59:00.000 041   18689.36     -612.94    43502.21    99999.00
1958-02-10 17:00:00.000 041   18689.20     -613.87    43498.63    99999.00
1958-02-10 17:01:00.000 041   18688.26     -614.79    43495.73    99999.00
1958-02-10 17:02:00.000 041   18686.67     -615.69    43492.91    99999.00
1958-02-10 17:03:00.000 041   18684.49     -616.54    43492.14    99999.00
1958-02-10 17:04:00.000 041   18681.82     -617.30    43493.14    99999.00
1958-02-10 17:05:00.000 041   18678.73     -617.84    43493.43    99999.00
1958-02-10 17:06:00.000 041   18675.29     -617.86    43491.84    99999.00
1958-02-10 17:07:00.000 041   18671.57     -616.67    43489.44    99999.00
1958-02-10 17:08:00.000 041   18667.65     -617.56    43487.81    99999.00
1958-02-10 17:09:00.000 041   18663.60     -618.01    43487.59    99999.00
1958-02-10 17:10:00.000 041   18659.53     -617.66    43488.78    99999.00
1958-02-10 17:11:00.000 041   18655.53     -616.63    43490.69    99999.00
1958-02-10 17:12:00.000 041   18651.76     -615.33    43492.76    99999.00
1958-02-10 17:13:00.000 041   18648.43     -614.00    43494.67    99999.00
1958-02-10 17:14:00.000 041   18645.86     -612.83    43496.19    99999.00
1958-02-10 17:15:00.000 041   18644.27     -611.95    43497.16    99999.00
1958-02-10 17:16:00.000 041   18643.80     -611.45    43497.51    99999.00
1958-02-10 17:17:00.000 041   18644.59     -611.28    43497.35    99999.00
1958-02-10 17:18:00.000 041   18646.61     -611.38    43496.82    99999.00
1958-02-10 17:19:00.000 041   18649.51     -611.65    43496.02    99999.00
1958-02-10 17:20:00.000 041   18652.23     -612.05    43495.04    99999.00
1958-02-10 17:21:00.000 041   18653.23     -612.52    43493.95    99999.00
1958-02-10 17:22:00.000 041   18652.27     -613.03    43492.82    99999.00
1958-02-10 17:23:00.000 041   18649.98     -613.54    43491.72    99999.00
1958-02-10 17:24:00.000 041   18647.11     -614.05    43490.69    99999.00
1958-02-10 17:25:00.000 041   18646.53     -614.56    43489.76    99999.00
1958-02-10 17:26:00.000 041   18649.82     -615.06    43488.90    99999.00
1958-02-10 17:27:00.000 041   18649.68     -615.54    43488.14    99999.00
1958-02-10 17:28:00.000 041   18648.21     -615.99    43487.49    99999.00
1958-02-10 17:29:00.000 041   18646.19     -616.39    43486.94    99999.00
1958-02-10 17:30:00.000 041   18643.97     -616.67    43486.54    99999.00
1958-02-10 17:31:00.000 041   18641.65     -616.65    43486.32    99999.00
1958-02-10 17:32:00.000 041   18639.33     -616.27    43486.35    99999.00
1958-02-10 17:33:00.000 041   18637.04     -616.74    43486.69    99999.00
1958-02-10 17:34:00.000 041   18634.84     -616.70    43487.43    99999.00
1958-02-10 17:35:00.000 041   18632.79     -616.38    43488.61    99999.00
1958-02-10 17:36:00.000 041   18630.96     -615.92    43490.17    99999.00
1958-02-10 17:37:00.000 041   18629.45     -615.40    43492.00    99999.00
1958-02-10 17:38:00.000 041   18628.45     -614.87    43493.95    99999.00
1958-02-10 17:39:00.000 041   18628.19     -614.36    43495.83    99999.00
1958-02-10 17:40:00.000 041   18628.77     -613.90    43497.32    99999.00
1958-02-10 17:41:00.000 041   18630.23     -613.51    43497.93    99999.00
1958-02-10 17:42:00.000 041   18632.26     -613.23    43497.72    99999.00
1958-02-10 17:43:00.000 041   18634.17     -613.12    43497.08    99999.00
1958-02-10 17:44:00.000 041   18635.16     -613.20    43496.30    99999.00
1958-02-10 17:45:00.000 041   18635.05     -613.45    43495.50    99999.00
1958-02-10 17:46:00.000 041   18634.26     -613.83    43494.77    99999.00
1958-02-10 17:47:00.000 041   18633.06     -614.23    43494.16    99999.00
1958-02-10 17:48:00.000 041   18631.68     -614.40    43493.71    99999.00
1958-02-10 17:49:00.000 041   18630.31     -614.17    43493.48    99999.00
1958-02-10 17:50:00.000 041   18629.35     -613.75    43493.48    99999.00
1958-02-10 17:51:00.000 041   18629.61     -613.96    43493.71    99999.00
1958-02-10 17:52:00.000 041   18631.70     -614.38    43494.15    99999.00
1958-02-10 17:53:00.000 041   18632.65     -614.40    43494.83    99999.00
1958-02-10 17:54:00.000 041   18631.27     -614.17    43495.74    99999.00
1958-02-10 17:55:00.000 041   18630.21     -613.85    43496.85    99999.00
1958-02-10 17:56:00.000 041   18630.03     -613.50    43497.99    99999.00
1958-02-10 17:57:00.000 041   18630.70     -613.16    43498.91    99999.00
1958-02-10 17:58:00.000 041   18631.86     -612.83    43499.48    99999.00
1958-02-10 17:59:00.000 041   18633.24     -612.56    43499.63    99999.00
1958-02-10 18:00:00.000 041   18634.64     -612.36    43499.40    99999.00
1958-02-10 18:01:00.000 041   18635.91     -612.27    43498.90    99999.00
1958-02-10 18:02:00.000 041   18636.88     -612.33    43498.25    99999.00
1958-02-10 18:03:00.000 041   18637.30     -612.52    43497.50    99999.00
1958-02-10 18:04:00.000 041   18636.95     -612.85    43496.73    99999.00
1958-02-10 18:05:00.000 041   18636.00     -613.25    43495.97    99999.00
1958-02-10 18:06:00.000 041   18634.87     -613.63    43495.34    99999.00
1958-02-10 18:07:00.000 041   18634.02     -613.71    43495.03    99999.00
1958-02-10 18:08:00.000 041   18633.69     -613.32    43495.37    99999.00
1958-02-10 18:09:00.000 041   18633.94     -613.03    43496.42    99999.00
1958-02-10 18:10:00.000 041   18634.62     -613.16    43497.14    99999.00
1958-02-10 18:11:00.000 041   18635.51     -613.47    43497.07    99999.00
1958-02-10 18:12:00.000 041   18636.47     -613.75    43496.64    99999.00
1958-02-10 18:13:00.000 041   18637.41     -613.36    43496.06    99999.00
1958-02-10 18:14:00.000 041   18638.26     -613.40    43495.40    99999.00
1958-02-10 18:15:00.000 041   18638.93     -613.60    43494.72    99999.00
1958-02-10 18:16:00.000 041   18639.36     -613.87    43494.05    99999.00
1958-02-10 18:17:00.000 041   18639.47     -614.16    43493.40    99999.00
1958-02-10 18:18:00.000 041   18639.16     -614.45    43492.79    99999.00
1958-02-10 18:19:00.000 041   18638.43     -614.74    43492.24    99999.00
1958-02-10 18:20:00.000 041   18637.38     -615.02    43491.75    99999.00
1958-02-10 18:21:00.000 041   18636.15     -615.29    43491.34    99999.00
1958-02-10 18:22:00.000 041   18634.88     -615.55    43491.01    99999.00
1958-02-10 18:23:00.000 041   18633.67     -615.78    43490.78    99999.00
1958-02-10 18:24:00.000 041   18632.58     -615.98    43490.66    99999.00
1958-02-10 18:25:00.000 041   18631.65     -616.14    43490.65    99999.00
1958-02-10 18:26:00.000 041   18630.91     -616.26    43490.75    99999.00
1958-02-10 18:27:00.000 041   18630.36     -616.30    43490.95    99999.00
1958-02-10 18:28:00.000 041   18630.00     -616.26    43491.24    99999.00
1958-02-10 18:29:00.000 041   18629.81     -616.13    43491.64    99999.00
1958-02-10 18:30:00.000 041   18629.80     -615.92    43492.16    99999.00
1958-02-10 18:31:00.000 041   18629.93     -615.66    43492.83    99999.00
1958-02-10 18:32:00.000 041   18630.15     -615.39    43493.78    99999.00
1958-02-10 18:33:00.000 041   18630.46     -615.15    43495.03    99999.00
1958-02-10 18:34:00.000 041   18630.83     -614.97    43495.79    99999.00
1958-02-10 18:35:00.000 041   18631.24     -614.87    43495.94    99999.00
1958-02-10 18:36:00.000 041   18631.69     -614.85    43495.82    99999.00
1958-02-10 18:37:00.000 041   18632.15     -614.91    43495.57    99999.00
1958-02-10 18:38:00.000 041   18632.63     -615.02    43495.26    99999.00
1958-02-10 18:39:00.000 041   18633.10     -615.17    43494.91    99999.00
1958-02-10 18:40:00.000 041   18633.57     -615.35    43494.53    99999.00
1958-02-10 18:41:00.000 041   18634.01     -615.55    43494.12    99999.00
1958-02-10 18:42:00.000 041   18634.44     -615.77    43493.70    99999.00
1958-02-10 18:43:00.000 041   18634.83     -616.00    43493.28    99999.00
1958-02-10 18:44:00.000 041   18635.18     -616.24    43492.85    99999.00
1958-02-10 18:45:00.000 041   18635.47     -616.47    43492.44    99999.00
1958-02-10 18:46:00.000 041   18635.70     -616.71    43492.07    99999.00
1958-02-10 18:47:00.000 041   18635.86     -616.93    43491.85    99999.00
1958-02-10 18:48:00.000 041   18635.92     -617.14    43491.90    99999.00
1958-02-10 18:49:00.000 041   18635.88     -617.33    43492.23    99999.00
1958-02-10 18:50:00.000 041   18635.72     -617.46    43492.63    99999.00
1958-02-10 18:51:00.000 041   18635.40     -617.53    43492.97    99999.00
1958-02-10 18:52:00.000 041   18634.94     -617.52    43493.19    99999.00
1958-02-10 18:53:00.000 041   18634.33     -617.43    43493.29    99999.00
1958-02-10 18:54:00.000 041   18633.60     -617.27    43493.24    99999.00
1958-02-10 18:55:00.000 041   18632.74     -617.16    43493.10    99999.00
1958-02-10 18:56:00.000 041   18631.78     -617.32    43492.91    99999.00
1958-02-10 18:57:00.000 041   18630.74     -617.61    43492.69    99999.00
1958-02-10 18:58:00.000 041   18629.64     -617.82    43492.47    99999.00
1958-02-10 18:59:00.000 041   18628.52     -617.86    43492.28    99999.00
1958-02-10 19:00:00.000 041   18627.43     -617.72    43492.15    99999.00
1958-02-10 19:01:00.000 041   18626.43     -617.40    43492.15    99999.00
1958-02-10 19:02:00.000 041   18625.59     -616.94    43492.39    99999.00
1958-02-10 19:03:00.000 041   18625.00     -616.38    43493.08    99999.00
1958-02-10 19:04:00.000 041   18624.80     -615.78    43494.45    99999.00
1958-02-10 19:05:00.000 041   18625.15     -615.14    43496.61    99999.00
1958-02-10 19:06:00.000 041   18626.18     -614.51    43499.23    99999.00
1958-02-10 19:07:00.000 041   18627.91     -613.89    43501.69    99999.00
1958-02-10 19:08:00.000 041   18630.29     -613.33    43503.54    99999.00
1958-02-10 19:09:00.000 041   18633.23     -612.84    43504.44    99999.00
1958-02-10 19:10:00.000 041   18636.58     -612.52    43504.17    99999.00
1958-02-10 19:11:00.000 041   18640.05     -612.47    43502.95    99999.00
1958-02-10 19:12:00.000 041   18643.03     -612.79    43501.33    99999.00
1958-02-10 19:13:00.000 041   18644.18     -613.44    43499.90    99999.00
1958-02-10 19:14:00.000 041   18642.14     -613.74    43499.57    99999.00
1958-02-10 19:15:00.000 041   18638.64     -612.76    43502.19    99999.00
1958-02-10 19:16:00.000 041   18639.39     -611.89    43506.39    99999.00
1958-02-10 19:17:00.000 041   18646.03     -612.05    43506.65    99999.00
1958-02-10 19:18:00.000 041   18653.47     -613.36    43502.37    99999.00
1958-02-10 19:19:00.000 041   18658.81     -615.52    43496.00    99999.00
1958-02-10 19:20:00.000 041   18660.87     -617.92    43489.44    99999.00
1958-02-10 19:21:00.000 041   18659.17     -620.19    43483.49    99999.00
1958-02-10 19:22:00.000 041   18653.93     -622.13    43478.62    99999.00
1958-02-10 19:23:00.000 041   18646.59     -623.57    43475.12    99999.00
1958-02-10 19:24:00.000 041   18638.37     -624.41    43473.26    99999.00
1958-02-10 19:25:00.000 041   18630.19     -624.57    43473.24    99999.00
1958-02-10 19:26:00.000 041   18622.69     -624.04    43474.87    99999.00
1958-02-10 19:27:00.000 041   18616.40     -622.99    43477.72    99999.00
1958-02-10 19:28:00.000 041   18611.74     -621.58    43481.40    99999.00
1958-02-10 19:29:00.000 041   18609.06     -619.93    43485.57    99999.00
1958-02-10 19:30:00.000 041   18608.54     -618.16    43489.92    99999.00
1958-02-10 19:31:00.000 041   18609.82     -616.38    43494.12    99999.00
1958-02-10 19:32:00.000 041   18612.49     -614.72    43497.84    99999.00
1958-02-10 19:33:00.000 041   18616.20     -613.29    43500.71    99999.00
1958-02-10 19:34:00.000 041   18620.65     -612.24    43502.30    99999.00
1958-02-10 19:35:00.000 041   18625.51     -611.72    43502.45    99999.00
1958-02-10 19:36:00.000 041   18630.43     -611.70    43501.32    99999.00
1958-02-10 19:37:00.000 041   18634.92     -612.11    43499.15    99999.00
1958-02-10 19:38:00.000 041   18638.27     -612.85    43496.21    99999.00
1958-02-10 19:39:00.000 041   18639.38     -613.79    43492.92    99999.00
1958-02-10 19:40:00.000 041   18637.89     -614.76    43489.95    99999.00
1958-02-10 19:41:00.000 041   18634.36     -615.49    43488.58    99999.00
1958-02-10 19:42:00.000 041   18630.30     -615.67    43489.60    99999.00
1958-02-10 19:43:00.000 041   18627.24     -615.27    43491.89    99999.00
1958-02-10 19:44:00.000 041   18625.87     -614.52    43493.95    99999.00
1958-02-10 19:45:00.000 041   18626.09     -613.72    43495.19    99999.00
1958-02-10 19:46:00.000 041   18627.27     -613.08    43495.59    99999.00
1958-02-10 19:47:00.000 041   18628.99     -612.69    43495.33    99999.00
1958-02-10 19:48:00.000 041   18630.97     -612.59    43494.65    99999.00
1958-02-10 19:49:00.000 041   18633.05     -612.72    43493.72    99999.00
1958-02-10 19:50:00.000 041   18635.09     -613.00    43492.62    99999.00
1958-02-10 19:51:00.000 041   18636.98     -613.37    43491.43    99999.00
1958-02-10 19:52:00.000 041   18638.64     -613.79    43490.19    99999.00
1958-02-10 19:53:00.000 041   18639.99     -614.24    43488.94    99999.00
1958-02-10 19:54:00.000 041   18640.94     -614.69    43487.72    99999.00
1958-02-10 19:55:00.000 041   18641.45     -615.12    43486.56    99999.00
1958-02-10 19:56:00.000 041   18641.56     -615.50    43485.52    99999.00
1958-02-10 19:57:00.000 041   18641.32     -615.83    43484.67    99999.00
1958-02-10 19:58:00.000 041   18640.80     -616.07    43484.08    99999.00
1958-02-10 19:59:00.000 041   18640.04     -616.20    43483.84    99999.00
1958-02-10 20:00:00.000 041   18639.10     -616.23    43483.95    99999.00
1958-02-10 20:01:00.000 041   18638.01     -616.17    43484.38    99999.00
1958-02-10 20:02:00.000 041   18636.85     -616.03    43485.05    99999.00
1958-02-10 20:03:00.000 041   18635.69     -615.83    43485.85    99999.00
1958-02-10 20:04:00.000 041   18634.64     -615.60    43486.62    99999.00
1958-02-10 20:05:00.000 041   18633.90     -615.35    43487.22    99999.00
1958-02-10 20:06:00.000 041   18633.83     -615.11    43487.57    99999.00
1958-02-10 20:07:00.000 041   18634.62     -614.89    43487.62    99999.00
1958-02-10 20:08:00.000 041   18636.06     -614.72    43487.43    99999.00
1958-02-10 20:09:00.000 041   18637.37     -614.62    43487.06    99999.00
1958-02-10 20:10:00.000 041   18638.00     -614.60    43486.58    99999.00
1958-02-10 20:11:00.000 041   18637.95     -614.65    43486.00    99999.00
1958-02-10 20:12:00.000 041   18637.48     -614.75    43485.36    99999.00
1958-02-10 20:13:00.000 041   18636.78     -614.90    43484.68    99999.00
1958-02-10 20:14:00.000 041   18635.94     -615.08    43484.00    99999.00
1958-02-10 20:15:00.000 041   18635.01     -615.29    43483.37    99999.00
1958-02-10 20:16:00.000 041   18634.04     -615.51    43482.88    99999.00
1958-02-10 20:17:00.000 041   18633.08     -615.71    43482.74    99999.00
1958-02-10 20:18:00.000 041   18632.21     -615.83    43483.20    99999.00
1958-02-10 20:19:00.000 041   18631.73     -615.72    43483.98    99999.00
1958-02-10 20:20:00.000 041   18633.35     -615.36    43483.86    99999.00
1958-02-10 20:21:00.000 041   18634.49     -615.21    43483.12    99999.00
1958-02-10 20:22:00.000 041   18634.36     -615.31    43482.29    99999.00
1958-02-10 20:23:00.000 041   18633.84     -615.52    43481.53    99999.00
1958-02-10 20:24:00.000 041   18633.16     -615.77    43480.89    99999.00
1958-02-10 20:25:00.000 041   18632.39     -616.02    43480.36    99999.00
1958-02-10 20:26:00.000 041   18631.57     -616.25    43479.97    99999.00
1958-02-10 20:27:00.000 041   18630.71     -616.47    43479.69    99999.00
1958-02-10 20:28:00.000 041   18629.84     -616.66    43479.53    99999.00
1958-02-10 20:29:00.000 041   18628.96     -616.82    43479.48    99999.00
1958-02-10 20:30:00.000 041   18628.07     -616.94    43479.53    99999.00
1958-02-10 20:31:00.000 041   18627.20     -617.03    43479.67    99999.00
1958-02-10 20:32:00.000 041   18626.34     -617.07    43479.86    99999.00
1958-02-10 20:33:00.000 041   18625.51     -617.07    43480.11    99999.00
1958-02-10 20:34:00.000 041   18624.74     -617.02    43480.40    99999.00
1958-02-10 20:35:00.000 041   18624.10     -616.95    43480.72    99999.00
1958-02-10 20:36:00.000 041   18623.75     -616.85    43481.07    99999.00
1958-02-10 20:37:00.000 041   18624.34     -616.73    43481.45    99999.00
1958-02-10 20:38:00.000 041   18624.75     -616.60    43481.84    99999.00
1958-02-10 20:39:00.000 041   18623.47     -616.46    43482.24    99999.00
1958-02-10 20:40:00.000 041   18622.32     -616.31    43482.66    99999.00
1958-02-10 20:41:00.000 041   18621.97     -616.16    43483.07    99999.00
1958-02-10 20:42:00.000 041   18623.64     -616.02    43483.49    99999.00
1958-02-10 20:43:00.000 041   18624.15     -615.89    43483.89    99999.00
1958-02-10 20:44:00.000 041   18622.94     -615.77    43484.28    99999.00
1958-02-10 20:45:00.000 041   18621.77     -615.67    43484.63    99999.00
1958-02-10 20:46:00.000 041   18621.57     -615.60    43484.91    99999.00
1958-02-10 20:47:00.000 041   18622.80     -615.56    43485.09    99999.00
1958-02-10 20:48:00.000 041   18624.20     -615.55    43485.10    99999.00
1958-02-10 20:49:00.000 041   18624.63     -615.58    43484.81    99999.00
1958-02-10 20:50:00.000 041   18624.09     -615.63    43484.01    99999.00
1958-02-10 20:51:00.000 041   18623.14     -615.71    43483.69    99999.00
1958-02-10 20:52:00.000 041   18622.12     -615.80    43484.17    99999.00
1958-02-10 20:53:00.000 041   18621.41     -615.90    43484.69    99999.00
1958-02-10 20:54:00.000 041   18621.64     -616.01    43484.98    99999.00
1958-02-10 20:55:00.000 041   18622.88     -616.11    43484.82    99999.00
1958-02-10 20:56:00.000 041   18623.58     -616.20    43484.20    99999.00
1958-02-10 20:57:00.000 041   18622.98     -616.27    43483.41    99999.00
1958-02-10 20:58:00.000 041   18621.92     -616.30    43482.78    99999.00
1958-02-10 20:59:00.000 041   18620.97     -616.28    43482.55    99999.00
1958-02-10 21:00:00.000 041   18620.31     -616.21    43482.84    99999.00
1958-02-10 21:01:00.000 041   18620.00     -616.10    43483.54    99999.00
1958-02-10 21:02:00.000 041   18620.05     -615.95    43484.48    99999.00
1958-02-10 21:03:00.000 041   18620.42     -615.78    43485.52    99999.00
1958-02-10 21:04:00.000 041   18621.00     -615.61    43486.51    99999.00
1958-02-10 21:05:00.000 041   18621.71     -615.45    43487.16    99999.00
1958-02-10 21:06:00.000 041   18622.51     -615.33    43486.94    99999.00
1958-02-10 21:07:00.000 041   18623.34     -615.26    43486.12    99999.00
1958-02-10 21:08:00.000 041   18624.17     -615.28    43487.48    99999.00
1958-02-10 21:09:00.000 041   18624.93     -615.38    43487.14    99999.00
1958-02-10 21:10:00.000 041   18625.53     -615.54    43486.40    99999.00
1958-02-10 21:11:00.000 041   18625.79     -615.75    43485.61    99999.00
1958-02-10 21:12:00.000 041   18625.45     -615.98    43484.88    99999.00
1958-02-10 21:13:00.000 041   18624.41     -616.23    43484.37    99999.00
1958-02-10 21:14:00.000 041   18623.19     -616.46    43484.38    99999.00
1958-02-10 21:15:00.000 041   18622.76     -616.61    43485.27    99999.00
1958-02-10 21:16:00.000 041   18623.11     -616.61    43486.41    99999.00
1958-02-10 21:17:00.000 041   18623.78     -616.40    43486.97    99999.00
1958-02-10 21:18:00.000 041   18624.51     -616.10    43486.96    99999.00
1958-02-10 21:19:00.000 041   18625.15     -615.91    43486.65    99999.00
1958-02-10 21:20:00.000 041   18625.56     -615.89    43486.20    99999.00
1958-02-10 21:21:00.000 041   18625.55     -616.02    43485.69    99999.00
1958-02-10 21:22:00.000 041   18625.00     -616.21    43485.16    99999.00
1958-02-10 21:23:00.000 041   18624.03     -616.43    43484.66    99999.00
1958-02-10 21:24:00.000 041   18622.92     -616.67    43484.26    99999.00
1958-02-10 21:25:00.000 041   18622.04     -616.90    43484.10    99999.00
1958-02-10 21:26:00.000 041   18621.77     -617.08    43484.37    99999.00
1958-02-10 21:27:00.000 041   18622.29     -617.12    43485.09    99999.00
1958-02-10 21:28:00.000 041   18623.27     -616.82    43485.66    99999.00
1958-02-10 21:29:00.000 041   18624.34     -616.61    43485.59    99999.00
1958-02-10 21:30:00.000 041   18625.15     -616.88    43485.20    99999.00
1958-02-10 21:31:00.000 041   18625.36     -617.10    43484.77    99999.00
1958-02-10 21:32:00.000 041   18624.67     -617.17    43484.44    99999.00
1958-02-10 21:33:00.000 041   18623.16     -617.13    43484.35    99999.00
1958-02-10 21:34:00.000 041   18621.15     -616.97    43484.66    99999.00
1958-02-10 21:35:00.000 041   18619.03     -616.75    43485.47    99999.00
1958-02-10 21:36:00.000 041   18617.55     -616.50    43486.64    99999.00
1958-02-10 21:37:00.000 041   18618.20     -616.22    43487.94    99999.00
1958-02-10 21:38:00.000 041   18620.05     -615.93    43487.98    99999.00
1958-02-10 21:39:00.000 041   18618.80     -615.65    43485.60    99999.00
1958-02-10 21:40:00.000 041   18615.91     -615.40    43485.46    99999.00
1958-02-10 21:41:00.000 041   18613.53     -615.23    43485.97    99999.00
1958-02-10 21:42:00.000 041   18612.86     -615.28    43486.78    99999.00
1958-02-10 21:43:00.000 041   18613.96     -615.55    43487.72    99999.00
1958-02-10 21:44:00.000 041   18615.62     -615.54    43488.72    99999.00
1958-02-10 21:45:00.000 041   18616.66     -615.26    43489.75    99999.00
1958-02-10 21:46:00.000 041   18616.21     -614.88    43490.80    99999.00
1958-02-10 21:47:00.000 041   18614.69     -614.46    43491.83    99999.00
1958-02-10 21:48:00.000 041   18613.10     -614.04    43492.85    99999.00
1958-02-10 21:49:00.000 041   18612.14     -613.62    43493.82    99999.00
1958-02-10 21:50:00.000 041   18612.18     -613.23    43494.72    99999.00
1958-02-10 21:51:00.000 041   18613.20     -612.86    43495.53    99999.00
1958-02-10 21:52:00.000 041   18614.78     -612.54    43496.19    99999.00
1958-02-10 21:53:00.000 041   18616.61     -612.29    43496.58    99999.00
1958-02-10 21:54:00.000 041   18618.42     -612.16    43496.56    99999.00
1958-02-10 21:55:00.000 041   18619.91     -612.18    43495.89    99999.00
1958-02-10 21:56:00.000 041   18620.58     -612.37    43494.16    99999.00
1958-02-10 21:57:00.000 041   18620.05     -612.71    43491.99    99999.00
1958-02-10 21:58:00.000 041   18618.48     -613.08    43492.57    99999.00
1958-02-10 21:59:00.000 041   18616.90     -613.06    43493.85    99999.00
1958-02-10 22:00:00.000 041   18617.56     -612.53    43494.28    99999.00
1958-02-10 22:01:00.000 041   18619.61     -612.28    43493.60    99999.00
1958-02-10 22:02:00.000 041   18620.05     -612.71    43492.52    99999.00
1958-02-10 22:03:00.000 041   18618.38     -612.92    43491.61    99999.00
1958-02-10 22:04:00.000 041   18616.43     -612.70    43491.52    99999.00
1958-02-10 22:05:00.000 041   18615.39     -612.44    43492.36    99999.00
1958-02-10 22:06:00.000 041   18615.87     -612.26    43493.37    99999.00
1958-02-10 22:07:00.000 041   18617.13     -612.16    43493.89    99999.00
1958-02-10 22:08:00.000 041   18618.22     -612.12    43493.72    99999.00
1958-02-10 22:09:00.000 041   18618.47     -612.12    43493.10    99999.00
1958-02-10 22:10:00.000 041   18617.50     -612.16    43492.33    99999.00
1958-02-10 22:11:00.000 041   18615.71     -612.20    43491.61    99999.00
1958-02-10 22:12:00.000 041   18613.76     -612.25    43491.02    99999.00
1958-02-10 22:13:00.000 041   18612.08     -612.31    43490.63    99999.00
1958-02-10 22:14:00.000 041   18610.98     -612.35    43490.49    99999.00
1958-02-10 22:15:00.000 041   18610.65     -612.39    43490.61    99999.00
1958-02-10 22:16:00.000 041   18611.09     -612.41    43490.92    99999.00
1958-02-10 22:17:00.000 041   18612.06     -612.40    43491.35    99999.00
1958-02-10 22:18:00.000 041   18613.34     -612.35    43491.84    99999.00
1958-02-10 22:19:00.000 041   18614.78     -612.23    43492.35    99999.00
1958-02-10 22:20:00.000 041   18616.20     -612.06    43492.81    99999.00
1958-02-10 22:21:00.000 041   18617.36     -611.82    43493.19    99999.00
1958-02-10 22:22:00.000 041   18617.87     -611.56    43493.39    99999.00
1958-02-10 22:23:00.000 041   18617.48     -611.33    43493.33    99999.00
1958-02-10 22:24:00.000 041   18616.29     -611.20    43492.90    99999.00
1958-02-10 22:25:00.000 041   18615.46     -611.26    43492.09    99999.00
1958-02-10 22:26:00.000 041   18617.87     -611.48    43490.97    99999.00
1958-02-10 22:27:00.000 041   18619.99     -611.81    43489.71    99999.00
1958-02-10 22:28:00.000 041   18620.38     -612.19    43488.56    99999.00
1958-02-10 22:29:00.000 041   18619.83     -612.59    43487.95    99999.00
1958-02-10 22:30:00.000 041   18619.07     -612.94    43488.16    99999.00
1958-02-10 22:31:00.000 041   18618.38     -613.18    43488.92    99999.00
1958-02-10 22:32:00.000 041   18617.91     -613.22    43489.83    99999.00
1958-02-10 22:33:00.000 041   18617.75     -613.07    43490.42    99999.00
1958-02-10 22:34:00.000 041   18617.97     -612.85    43490.32    99999.00
1958-02-10 22:35:00.000 041   18618.62     -612.78    43489.59    99999.00
1958-02-10 22:36:00.000 041   18619.76     -612.94    43488.61    99999.00
1958-02-10 22:37:00.000 041   18621.37     -613.19    43487.88    99999.00
1958-02-10 22:38:00.000 041   18623.35     -613.36    43489.39    99999.00
1958-02-10 22:39:00.000 041   18625.62     -613.20    43494.24    99999.00
1958-02-10 22:40:00.000 041   18628.11     -612.38    43493.42    99999.00
1958-02-10 22:41:00.000 041   18630.75     -611.26    43491.64    99999.00
1958-02-10 22:42:00.000 041   18633.47     -611.04    43490.84    99999.00
1958-02-10 22:43:00.000 041   18636.17     -611.50    43493.45    99999.00
1958-02-10 22:44:00.000 041   18638.74     -611.03    43492.56    99999.00
1958-02-10 22:45:00.000 041   18640.95     -610.89    43490.35    99999.00
1958-02-10 22:46:00.000 041   18642.36     -611.32    43487.98    99999.00
1958-02-10 22:47:00.000 041   18642.42     -611.81    43486.13    99999.00
1958-02-10 22:48:00.000 041   18640.67     -612.17    43489.06    99999.00
1958-02-10 22:49:00.000 041   18642.83     -612.05    43489.38    99999.00
1958-02-10 22:50:00.000 041   18645.48     -611.42    43487.62    99999.00
1958-02-10 22:51:00.000 041   18646.03     -611.40    43485.67    99999.00
1958-02-10 22:52:00.000 041   18645.43     -611.94    43483.86    99999.00
1958-02-10 22:53:00.000 041   18644.23     -612.52    43482.36    99999.00
1958-02-10 22:54:00.000 041   18642.79     -612.98    43481.28    99999.00
1958-02-10 22:55:00.000 041   18641.31     -613.26    43480.77    99999.00
1958-02-10 22:56:00.000 041   18639.87     -613.33    43481.00    99999.00
1958-02-10 22:57:00.000 041   18638.55     -613.19    43481.96    99999.00
1958-02-10 22:58:00.000 041   18637.40     -612.86    43483.38    99999.00
1958-02-10 22:59:00.000 041   18636.47     -612.37    43484.95    99999.00
1958-02-10 23:00:00.000 041   18635.82     -611.80    43486.43    99999.00
1958-02-10 23:01:00.000 041   18635.48     -611.20    43487.65    99999.00
1958-02-10 23:02:00.000 041   18635.52     -610.61    43488.53    99999.00
1958-02-10 23:03:00.000 041   18635.99     -610.04    43489.02    99999.00
1958-02-10 23:04:00.000 041   18636.88     -609.54    43489.14    99999.00
1958-02-10 23:05:00.000 041   18638.11     -609.12    43488.89    99999.00
1958-02-10 23:06:00.000 041   18639.60     -608.79    43488.31    99999.00
1958-02-10 23:07:00.000 041   18641.27     -608.59    43487.48    99999.00
1958-02-10 23:08:00.000 041   18643.02     -608.53    43486.46    99999.00
1958-02-10 23:09:00.000 041   18644.78     -608.61    43485.30    99999.00
1958-02-10 23:10:00.000 041   18646.45     -608.85    43484.03    99999.00
1958-02-10 23:11:00.000 041   18647.93     -609.22    43482.69    99999.00
1958-02-10 23:12:00.000 041   18649.13     -609.69    43481.28    99999.00
1958-02-10 23:13:00.000 041   18649.97     -610.25    43479.84    99999.00
1958-02-10 23:14:00.000 041   18650.33     -610.87    43478.38    99999.00
1958-02-10 23:15:00.000 041   18650.13     -611.55    43476.93    99999.00
1958-02-10 23:16:00.000 041   18649.40     -612.25    43475.51    99999.00
1958-02-10 23:17:00.000 041   18648.19     -612.95    43474.14    99999.00
1958-02-10 23:18:00.000 041   18646.58     -613.64    43472.86    99999.00
1958-02-10 23:19:00.000 041   18644.63     -614.29    43471.72    99999.00
1958-02-10 23:20:00.000 041   18642.41     -614.85    43470.79    99999.00
1958-02-10 23:21:00.000 041   18639.98     -615.29    43470.19    99999.00
1958-02-10 23:22:00.000 041   18637.45     -615.55    43470.01    99999.00
1958-02-10 23:23:00.000 041   18634.93     -615.63    43470.36    99999.00
1958-02-10 23:24:00.000 041   18632.65     -615.53    43471.35    99999.00
1958-02-10 23:25:00.000 041   18631.03     -615.28    43473.06    99999.00
1958-02-10 23:26:00.000 041   18630.60     -614.92    43475.27    99999.00
1958-02-10 23:27:00.000 041   18632.07     -614.50    43476.90    99999.00
1958-02-10 23:28:00.000 041   18634.41     -614.10    43477.01    99999.00
1958-02-10 23:29:00.000 041   18631.64     -613.77    43476.08    99999.00
1958-02-10 23:30:00.000 041   18631.14     -613.56    43474.71    99999.00
1958-02-10 23:31:00.000 041   18631.94     -613.48    43473.73    99999.00
1958-02-10 23:32:00.000 041   18633.19     -613.50    43474.28    99999.00
1958-02-10 23:33:00.000 041   18634.58     -613.58    43475.36    99999.00
1958-02-10 23:34:00.000 041   18635.95     -613.73    43475.78    99999.00
1958-02-10 23:35:00.000 041   18637.16     -613.92    43475.53    99999.00
1958-02-10 23:36:00.000 041   18638.07     -614.14    43474.96    99999.00
1958-02-10 23:37:00.000 041   18638.41     -614.38    43474.22    99999.00
1958-02-10 23:38:00.000 041   18637.88     -614.59    43473.40    99999.00
1958-02-10 23:39:00.000 041   18636.67     -614.73    43472.55    99999.00
1958-02-10 23:40:00.000 041   18635.36     -614.72    43471.73    99999.00
1958-02-10 23:41:00.000 041   18634.58     -614.66    43470.97    99999.00
1958-02-10 23:42:00.000 041   18634.56     -614.70    43470.33    99999.00
1958-02-10 23:43:00.000 041   18635.21     -614.83    43469.85    99999.00
1958-02-10 23:44:00.000 041   18636.25     -614.98    43469.60    99999.00
1958-02-10 23:45:00.000 041   18637.48     -615.15    43469.68    99999.00
1958-02-10 23:46:00.000 041   18638.77     -615.30    43470.29    99999.00
1958-02-10 23:47:00.000 041   18640.03     -615.42    43471.79    99999.00
1958-02-10 23:48:00.000 041   18641.19     -615.34    43473.44    99999.00
1958-02-10 23:49:00.000 041   18642.15     -614.97    43473.96    99999.00
1958-02-10 23:50:00.000 041   18642.85     -615.12    43473.42    99999.00
1958-02-10 23:51:00.000 041   18643.17     -615.38    43472.34    99999.00
1958-02-10 23:52:00.000 041   18642.97     -615.66    43471.06    99999.00
1958-02-10 23:53:00.000 041   18642.21     -615.95    43469.74    99999.00
1958-02-10 23:54:00.000 041   18640.92     -616.25    43468.51    99999.00
1958-02-10 23:55:00.000 041   18639.17     -616.53    43467.56    99999.00
1958-02-10 23:56:00.000 041   18637.05     -616.79    43467.34    99999.00
1958-02-10 23:57:00.000 041   18634.75     -616.99    43468.46    99999.00
1958-02-10 23:58:00.000 041   18632.75     -617.03    43470.26    99999.00
1958-02-10 23:59:00.000 041   18632.43     -616.54    43470.40    99999.00
1958-02-11 00:00:00.000 042   18634.22     -616.74    43469.47    99999.00
1958-02-11 00:01:00.000 042   18633.31     -617.02    43468.49    99999.00
1958-02-11 00:02:00.000 042   18630.60     -617.19    43467.93    99999.00
1958-02-11 00:03:00.000 042   18628.10     -617.19    43468.22    99999.00
1958-02-11 00:04:00.000 042   18626.58     -617.00    43469.41    99999.00
1958-02-11 00:05:00.000 042   18626.55     -616.69    43471.02    99999.00
1958-02-11 00:06:00.000 042   18627.86     -616.33    43472.53    99999.00
1958-02-11 00:07:00.000 042   18629.80     -616.02    43473.35    99999.00
1958-02-11 00:08:00.000 042   18631.69     -615.93    43473.13    99999.00
1958-02-11 00:09:00.000 042   18632.76     -616.25    43472.23    99999.00
1958-02-11 00:10:00.000 042   18632.26     -616.60    43471.17    99999.00
1958-02-11 00:11:00.000 042   18630.43     -616.66    43470.61    99999.00
1958-02-11 00:12:00.000 042   18628.18     -616.49    43471.39    99999.00
1958-02-11 00:13:00.000 042   18626.80     -616.21    43473.41    99999.00
1958-02-11 00:14:00.000 042   18627.76     -615.89    43475.47    99999.00
1958-02-11 00:15:00.000 042   18630.37     -615.57    43476.16    99999.00
1958-02-11 00:16:00.000 042   18632.64     -615.28    43475.35    99999.00
1958-02-11 00:17:00.000 042   18632.71     -615.12    43474.22    99999.00
1958-02-11 00:18:00.000 042   18631.26     -615.23    43473.37    99999.00
1958-02-11 00:19:00.000 042   18630.02     -615.60    43472.96    99999.00
1958-02-11 00:20:00.000 042   18630.94     -615.61    43473.00    99999.00
1958-02-11 00:21:00.000 042   18633.55     -615.37    43473.38    99999.00
1958-02-11 00:22:00.000 042   18635.05     -615.27    43473.97    99999.00
1958-02-11 00:23:00.000 042   18634.07     -615.46    43474.67    99999.00
1958-02-11 00:24:00.000 042   18632.01     -615.44    43475.41    99999.00
1958-02-11 00:25:00.000 042   18630.34     -615.21    43476.16    99999.00
1958-02-11 00:26:00.000 042   18630.20     -614.94    43476.85    99999.00
1958-02-11 00:27:00.000 042   18632.16     -614.71    43477.42    99999.00
1958-02-11 00:28:00.000 042   18635.16     -614.56    43477.77    99999.00
1958-02-11 00:29:00.000 042   18637.79     -614.56    43477.75    99999.00
1958-02-11 00:30:00.000 042   18638.73     -614.73    43477.25    99999.00
1958-02-11 00:31:00.000 042   18637.63     -614.97    43476.26    99999.00
1958-02-11 00:32:00.000 042   18635.60     -615.16    43474.91    99999.00
1958-02-11 00:33:00.000 042   18633.93     -615.10    43474.20    99999.00
1958-02-11 00:34:00.000 042   18634.28     -614.80    43476.02    99999.00
1958-02-11 00:35:00.000 042   18636.96     -614.53    43477.47    99999.00
1958-02-11 00:36:00.000 042   18639.67     -614.52    43476.91    99999.00
1958-02-11 00:37:00.000 042   18641.07     -614.76    43475.89    99999.00
1958-02-11 00:38:00.000 042   18641.07     -615.05    43475.08    99999.00
1958-02-11 00:39:00.000 042   18640.21     -615.23    43474.67    99999.00
1958-02-11 00:40:00.000 042   18638.95     -615.18    43474.73    99999.00
1958-02-11 00:41:00.000 042   18637.55     -614.99    43475.20    99999.00
1958-02-11 00:42:00.000 042   18636.19     -614.77    43475.89    99999.00
1958-02-11 00:43:00.000 042   18635.05     -614.61    43476.66    99999.00
1958-02-11 00:44:00.000 042   18634.36     -614.59    43477.44    99999.00
1958-02-11 00:45:00.000 042   18634.36     -614.61    43478.14    99999.00
1958-02-11 00:46:00.000 042   18635.09     -614.59    43478.70    99999.00
1958-02-11 00:47:00.000 042   18636.34     -614.38    43479.04    99999.00
1958-02-11 00:48:00.000 042   18637.84     -613.93    43479.12    99999.00
1958-02-11 00:49:00.000 042   18639.33     -613.49    43478.89    99999.00
1958-02-11 00:50:00.000 042   18640.66     -613.22    43478.39    99999.00
1958-02-11 00:51:00.000 042   18641.79     -613.15    43477.68    99999.00
1958-02-11 00:52:00.000 042   18642.70     -613.23    43476.82    99999.00
1958-02-11 00:53:00.000 042   18643.45     -613.41    43475.86    99999.00
1958-02-11 00:54:00.000 042   18644.07     -613.65    43474.91    99999.00
1958-02-11 00:55:00.000 042   18644.57     -613.91    43474.15    99999.00
1958-02-11 00:56:00.000 042   18644.96     -614.19    43474.10    99999.00
1958-02-11 00:57:00.000 042   18645.22     -614.45    43475.45    99999.00
1958-02-11 00:58:00.000 042   18645.35     -614.65    43476.25    99999.00
1958-02-11 00:59:00.000 042   18645.32     -614.53    43475.30    99999.00
1958-02-11 01:00:00.000 042   18645.03     -614.01    43473.91    99999.00
1958-02-11 01:01:00.000 042   18644.27     -614.15    43472.56    99999.00
1958-02-11 01:02:00.000 042   18642.45     -614.42    43471.58    99999.00
1958-02-11 01:03:00.000 042   18639.92     -614.73    43471.42    99999.00
1958-02-11 01:04:00.000 042   18639.18     -615.04    43472.59    99999.00
1958-02-11 01:05:00.000 042   18639.53     -614.95    43474.65    99999.00
1958-02-11 01:06:00.000 042   18640.26     -614.59    43476.28    99999.00
1958-02-11 01:07:00.000 042   18641.17     -614.31    43476.52    99999.00
1958-02-11 01:08:00.000 042   18642.17     -614.07    43475.81    99999.00
1958-02-11 01:09:00.000 042   18643.23     -613.86    43474.72    99999.00
1958-02-11 01:10:00.000 042   18644.32     -613.68    43473.79    99999.00
1958-02-11 01:11:00.000 042   18645.38     -613.53    43474.64    99999.00
1958-02-11 01:12:00.000 042   18646.37     -613.42    43476.62    99999.00
1958-02-11 01:13:00.000 042   18646.94     -613.35    43475.82    99999.00
1958-02-11 01:14:00.000 042   18644.51     -613.31    43474.34    99999.00
1958-02-11 01:15:00.000 042   18643.66     -613.33    43472.98    99999.00
1958-02-11 01:16:00.000 042   18644.01     -613.41    43472.77    99999.00
1958-02-11 01:17:00.000 042   18645.52     -613.56    43475.09    99999.00
1958-02-11 01:18:00.000 042   18648.50     -613.81    43472.66    99999.00
1958-02-11 01:19:00.000 042   18653.60     -614.17    43470.86    99999.00
1958-02-11 01:20:00.000 042   18662.41     -614.72    43477.66    99999.00
1958-02-11 01:21:00.000 042   18682.27     -615.57    43493.29    99999.00
1958-02-11 01:22:00.000 042   18914.02     -617.03    43478.30    99999.00
1958-02-11 01:23:00.000 042   18909.77     -620.00    43453.65    99999.00
1958-02-11 01:24:00.000 042   18897.52     -627.71    43460.00    99999.00
1958-02-11 01:25:00.000 042   18883.59     -625.00    43458.12    99999.00
1958-02-11 01:26:00.000 042   18869.44     -622.81    43451.68    99999.00
1958-02-11 01:27:00.000 042   18855.93     -622.54    43446.14    99999.00
1958-02-11 01:28:00.000 042   18843.96     -624.32    43445.99    99999.00
1958-02-11 01:29:00.000 042   18834.94     -624.39    43449.84    99999.00
1958-02-11 01:30:00.000 042   18832.03     -623.63    43450.35    99999.00
1958-02-11 01:31:00.000 042   18839.96     -625.18    43446.29    99999.00
1958-02-11 01:32:00.000 042   18861.68     -627.30    43440.01    99999.00
1958-02-11 01:33:00.000 042   18880.99     -629.60    43433.22    99999.00
1958-02-11 01:34:00.000 042   18877.02     -631.94    43426.90    99999.00
1958-02-11 01:35:00.000 042   18863.54     -634.19    43422.10    99999.00
1958-02-11 01:36:00.000 042   18850.11     -635.98    43420.54    99999.00
1958-02-11 01:37:00.000 042   18842.37     -633.78    43422.97    99999.00
1958-02-11 01:38:00.000 042   18844.82     -633.91    43426.84    99999.00
1958-02-11 01:39:00.000 042   18855.51     -635.18    43427.66    99999.00
1958-02-11 01:40:00.000 042   18868.54     -636.72    43422.81    99999.00
1958-02-11 01:41:00.000 042   18877.36     -638.34    43414.10    99999.00
1958-02-11 01:42:00.000 042   18874.66     -639.99    43403.82    99999.00
1958-02-11 01:43:00.000 042   18857.48     -641.59    43393.87    99999.00
1958-02-11 01:44:00.000 042   18829.96     -643.04    43388.53    99999.00
1958-02-11 01:45:00.000 042   18798.77     -643.94    43394.49    99999.00
1958-02-11 01:46:00.000 042   18795.73     -640.51    43398.55    99999.00
1958-02-11 01:47:00.000 042   18796.40     -642.12    43396.97    99999.00
1958-02-11 01:48:00.000 042   18802.43     -643.28    43393.23    99999.00
1958-02-11 01:49:00.000 042   18806.03     -643.37    43388.69    99999.00
1958-02-11 01:50:00.000 042   18793.64     -644.05    43383.91    99999.00
1958-02-11 01:51:00.000 042   18777.12     -642.78    43379.41    99999.00
1958-02-11 01:52:00.000 042   18760.59     -641.10    43376.02    99999.00
1958-02-11 01:53:00.000 042   18745.92     -639.48    43375.24    99999.00
1958-02-11 01:54:00.000 042   18734.90     -638.14    43379.19    99999.00
1958-02-11 01:55:00.000 042   18730.46     -637.26    43299.21    99999.00
1958-02-11 01:56:00.000 042   18739.34     -637.10    43200.77    99999.00
1958-02-11 01:57:00.000 042   18767.41     -638.12    43138.84    99999.00
1958-02-11 01:58:00.000 042   18799.97     -641.42    43134.54    99999.00
1958-02-11 01:59:00.000 042   18788.31     -648.48    43180.58    99999.00
1958-02-11 02:00:00.000 042   18732.48     -658.75    43234.69    99999.00
1958-02-11 02:01:00.000 042   18670.57     -661.33    43274.89    99999.00
1958-02-11 02:02:00.000 042   18657.42     -651.82    43296.09    99999.00
1958-02-11 02:03:00.000 042   18751.16     -641.66    43299.95    99999.00
1958-02-11 02:04:00.000 042   18797.95     -634.91    43292.84    99999.00
1958-02-11 02:05:00.000 042   18813.35     -632.27    43279.21    99999.00
1958-02-11 02:06:00.000 042   18813.08     -632.99    43261.72    99999.00
1958-02-11 02:07:00.000 042   18805.26     -635.82    43242.41    99999.00
1958-02-11 02:08:00.000 042   18793.17     -640.03    43223.41    99999.00
1958-02-11 02:09:00.000 042   18778.39     -645.17    43208.07    99999.00
1958-02-11 02:10:00.000 042   18761.86     -650.92    43203.90    99999.00
1958-02-11 02:11:00.000 042   18744.28     -657.03    43222.21    99999.00
1958-02-11 02:12:00.000 042   18726.30     -661.24    43233.32    99999.00
1958-02-11 02:13:00.000 042   18708.68     -665.46    43175.03    99999.00
1958-02-11 02:14:00.000 042   18692.75     -669.68    43198.75    99999.00
1958-02-11 02:15:00.000 042   18681.90     -678.28    43226.73    99999.00
1958-02-11 02:16:00.000 042   18685.37     -685.53    43194.73    99999.00
1958-02-11 02:17:00.000 042   18719.82     -671.93    43193.31    99999.00
1958-02-11 02:18:00.000 042   18700.27     -677.07    43218.06    99999.00
1958-02-11 02:19:00.000 042   18674.60     -673.19    43172.90    99999.00
1958-02-11 02:20:00.000 042   18657.19     -686.45    43208.60    99999.00
1958-02-11 02:21:00.000 042   18659.26     -688.78    43193.87    99999.00
1958-02-11 02:22:00.000 042   18668.82     -675.47    43207.10    99999.00
1958-02-11 02:23:00.000 042   18625.95     -694.25    43179.84    99999.00
1958-02-11 02:24:00.000 042   18650.59     -679.19    43174.99    99999.00
1958-02-11 02:25:00.000 042   18638.35     -687.57    43204.88    99999.00
1958-02-11 02:26:00.000 042   18603.11     -673.33    43236.54    99999.00
1958-02-11 02:27:00.000 042   18573.71     -681.18    43250.00    99999.00
1958-02-11 02:28:00.000 042   18598.01     -687.79    43161.98    99999.00
1958-02-11 02:29:00.000 042   18702.49     -678.13    43128.11    99999.00
1958-02-11 02:30:00.000 042   18575.64     -665.94    43187.65    99999.00
1958-02-11 02:31:00.000 042   18551.36     -671.43    43196.66    99999.00
1958-02-11 02:32:00.000 042   18564.26     -688.26    43147.55    99999.00
1958-02-11 02:33:00.000 042   18590.68     -703.62    43150.17    99999.00
1958-02-11 02:34:00.000 042   18623.50     -695.42    43180.10    99999.00
1958-02-11 02:35:00.000 042   18659.12     -692.05    43172.82    99999.00
1958-02-11 02:36:00.000 042   18647.36     -699.40    43155.28    99999.00
1958-02-11 02:37:00.000 042   18663.57     -695.16    43172.08    99999.00
1958-02-11 02:38:00.000 042   18650.28     -695.94    43160.64    99999.00
1958-02-11 02:39:00.000 042   18631.98     -689.60    43187.66    99999.00
1958-02-11 02:40:00.000 042   18612.11     -698.00    43175.55    99999.00
1958-02-11 02:41:00.000 042   18591.85     -690.18    43164.75    99999.00
1958-02-11 02:42:00.000 042   18571.92     -693.70    43197.74    99999.00
1958-02-11 02:43:00.000 042   18553.15     -685.85    43196.54    99999.00
1958-02-11 02:44:00.000 042   18536.89     -690.93    43190.13    99999.00
1958-02-11 02:45:00.000 042   18526.87     -689.08    43183.83    99999.00
1958-02-11 02:46:00.000 042   18532.23     -680.23    43185.17    99999.00
1958-02-11 02:47:00.000 042   18552.08     -683.01    43211.17    99999.00
1958-02-11 02:48:00.000 042   18529.84     -680.32    43197.22    99999.00
1958-02-11 02:49:00.000 042   18497.75     -675.56    43182.76    99999.00
1958-02-11 02:50:00.000 042   18482.03     -670.45    43205.03    99999.00
1958-02-11 02:51:00.000 042   18501.38     -665.76    43233.86    99999.00
1958-02-11 02:52:00.000 042   18484.14     -663.54    43212.90    99999.00
1958-02-11 02:53:00.000 042   18437.61     -658.21    43243.97    99999.00
1958-02-11 02:54:00.000 042   18549.66     -652.87    43236.10    99999.00
1958-02-11 02:55:00.000 042   18517.87     -646.32    43273.44    99999.00
1958-02-11 02:56:00.000 042   18473.38     -651.35    43258.20    99999.00
1958-02-11 02:57:00.000 042   18502.95     -651.42    43243.13    99999.00
1958-02-11 02:58:00.000 042   18473.50     -643.08    43273.73    99999.00
1958-02-11 02:59:00.000 042   18539.90     -632.81    43269.21    99999.00
1958-02-11 03:00:00.000 042   18491.84     -630.01    43267.28    99999.00
1958-02-11 03:01:00.000 042   18466.64     -637.75    43290.06    99999.00
1958-02-11 03:02:00.000 042   18497.27     -628.77    43281.42    99999.00
1958-02-11 03:03:00.000 042   18477.94     -625.79    43269.81    99999.00
1958-02-11 03:04:00.000 042   18469.99     -623.48    43293.83    99999.00
1958-02-11 03:05:00.000 042   18500.96     -618.16    43298.01    99999.00
1958-02-11 03:06:00.000 042   18486.35     -614.51    43291.27    99999.00
1958-02-11 03:07:00.000 042   18452.41     -616.72    43310.44    99999.00
1958-02-11 03:08:00.000 042   18463.75     -606.81    43303.97    99999.00
1958-02-11 03:09:00.000 042   18498.70     -608.02    43307.13    99999.00
1958-02-11 03:10:00.000 042   18486.70     -611.74    43315.46    99999.00
1958-02-11 03:11:00.000 042   18506.74     -606.91    43309.27    99999.00
1958-02-11 03:12:00.000 042   18506.51     -607.22    43305.23    99999.00
1958-02-11 03:13:00.000 042   18525.94     -603.81    43310.06    99999.00
1958-02-11 03:14:00.000 042   18499.98     -607.13    43326.15    99999.00
1958-02-11 03:15:00.000 042   18514.53     -602.96    43330.73    99999.00
1958-02-11 03:16:00.000 042   18513.24     -606.17    43325.20    99999.00
1958-02-11 03:17:00.000 042   18494.77     -603.67    43316.37    99999.00
1958-02-11 03:18:00.000 042   18533.41     -600.57    43373.13    99999.00
1958-02-11 03:19:00.000 042   18532.69     -602.02    43371.43    99999.00
1958-02-11 03:20:00.000 042   18507.07     -605.98    43383.59    99999.00
1958-02-11 03:21:00.000 042   18513.33     -603.31    43395.99    99999.00
1958-02-11 03:22:00.000 042   18526.61     -603.34    43391.12    99999.00
1958-02-11 03:23:00.000 042   18507.81     -605.48    43378.69    99999.00
1958-02-11 03:24:00.000 042   18526.94     -602.98    43378.78    99999.00
1958-02-11 03:25:00.000 042   18557.67     -600.38    43410.11    99999.00
1958-02-11 03:26:00.000 042   18558.15     -601.72    43393.59    99999.00
1958-02-11 03:27:00.000 042   18532.97     -605.20    43384.14    99999.00
1958-02-11 03:28:00.000 042   18525.06     -608.19    43392.40    99999.00
1958-02-11 03:29:00.000 042   18572.13     -604.35    43386.36    99999.00
1958-02-11 03:30:00.000 042   18545.97     -598.68    43388.78    99999.00
1958-02-11 03:31:00.000 042   18554.79     -606.03    43402.59    99999.00
1958-02-11 03:32:00.000 042   18561.35     -606.87    43402.33    99999.00
1958-02-11 03:33:00.000 042   18550.46     -607.41    43391.40    99999.00
1958-02-11 03:34:00.000 042   18540.62     -606.27    43415.78    99999.00
1958-02-11 03:35:00.000 042   18552.63     -607.16    43400.90    99999.00
1958-02-11 03:36:00.000 042   18555.18     -602.00    43388.30    99999.00
1958-02-11 03:37:00.000 042   18553.27     -604.89    43413.36    99999.00
1958-02-11 03:38:00.000 042   18591.74     -608.32    43411.02    99999.00
1958-02-11 03:39:00.000 042   18564.04     -603.22    43390.01    99999.00
1958-02-11 03:40:00.000 042   18534.33     -607.64    43394.70    99999.00
1958-02-11 03:41:00.000 042   18540.30     -609.70    43429.64    99999.00
1958-02-11 03:42:00.000 042   18562.52     -599.42    43412.66    99999.00
1958-02-11 03:43:00.000 042   18536.53     -602.63    43389.49    99999.00
1958-02-11 03:44:00.000 042   18514.45     -607.82    43381.66    99999.00
1958-02-11 03:45:00.000 042   18538.04     -607.95    43413.91    99999.00
1958-02-11 03:46:00.000 042   18561.73     -596.65    43431.30    99999.00
1958-02-11 03:47:00.000 042   18532.77     -601.37    43426.07    99999.00
1958-02-11 03:48:00.000 042   18513.54     -608.77    43413.90    99999.00
1958-02-11 03:49:00.000 042   18526.04     -609.97    43401.12    99999.00
1958-02-11 03:50:00.000 042   18557.16     -596.77    43415.85    99999.00
1958-02-11 03:51:00.000 042   18550.43     -594.26    43418.72    99999.00
1958-02-11 03:52:00.000 042   18556.16     -598.92    43412.10    99999.00
1958-02-11 03:53:00.000 042   18551.59     -604.56    43405.58    99999.00
1958-02-11 03:54:00.000 042   18551.36     -606.16    43410.52    99999.00
1958-02-11 03:55:00.000 042   18544.56     -598.03    43415.52    99999.00
1958-02-11 03:56:00.000 042   18565.46     -599.87    43408.25    99999.00
1958-02-11 03:57:00.000 042   18547.01     -604.74    43405.28    99999.00
1958-02-11 03:58:00.000 042   18533.27     -603.48    43418.57    99999.00
1958-02-11 03:59:00.000 042   18568.28     -603.97    43406.45    99999.00
1958-02-11 04:00:00.000 042   18552.25     -606.58    43399.55    99999.00
1958-02-11 04:01:00.000 042   18534.36     -608.62    43409.27    99999.00
1958-02-11 04:02:00.000 042   18534.31     -607.44    43419.47    99999.00
1958-02-11 04:03:00.000 042   18565.70     -604.46    43423.04    99999.00
1958-02-11 04:04:00.000 042   18534.13     -608.09    43415.72    99999.00
1958-02-11 04:05:00.000 042   18524.72     -612.58    43402.10    99999.00
1958-02-11 04:06:00.000 042   18545.92     -606.76    43398.60    99999.00
1958-02-11 04:07:00.000 042   18558.29     -609.04    43422.40    99999.00
1958-02-11 04:08:00.000 042   18545.81     -612.57    43413.90    99999.00
1958-02-11 04:09:00.000 042   18522.85     -616.10    43420.72    99999.00
1958-02-11 04:10:00.000 042   18513.90     -618.78    43431.19    99999.00
1958-02-11 04:11:00.000 042   18544.47     -618.35    43432.33    99999.00
1958-02-11 04:12:00.000 042   18532.34     -613.16    43407.39    99999.00
1958-02-11 04:13:00.000 042   18545.02     -614.99    43406.22    99999.00
1958-02-11 04:14:00.000 042   18536.72     -613.28    43432.90    99999.00
1958-02-11 04:15:00.000 042   18561.27     -609.36    43445.36    99999.00
1958-02-11 04:16:00.000 042   18527.01     -610.36    43422.57    99999.00
1958-02-11 04:17:00.000 042   18519.93     -615.56    43405.02    99999.00
1958-02-11 04:18:00.000 042   18550.19     -619.45    43408.12    99999.00
1958-02-11 04:19:00.000 042   18582.58     -612.52    43419.75    99999.00
1958-02-11 04:20:00.000 042   18565.00     -605.75    43431.97    99999.00
1958-02-11 04:21:00.000 042   18539.34     -612.47    43439.35    99999.00
1958-02-11 04:22:00.000 042   18535.39     -618.79    43435.67    99999.00
1958-02-11 04:23:00.000 042   18524.44     -616.49    43421.35    99999.00
1958-02-11 04:24:00.000 042   18566.01     -609.28    43406.03    99999.00
1958-02-11 04:25:00.000 042   18558.74     -609.23    43419.18    99999.00
1958-02-11 04:26:00.000 042   18569.46     -608.32    43439.05    99999.00
1958-02-11 04:27:00.000 042   18544.33     -609.05    43435.16    99999.00
1958-02-11 04:28:00.000 042   18525.53     -615.63    43424.05    99999.00
1958-02-11 04:29:00.000 042   18536.84     -616.45    43413.92    99999.00
1958-02-11 04:30:00.000 042   18559.85     -609.54    43411.82    99999.00
1958-02-11 04:31:00.000 042   18544.51     -606.18    43419.62    99999.00
1958-02-11 04:32:00.000 042   18561.33     -608.50    43426.96    99999.00
1958-02-11 04:33:00.000 042   18535.92     -612.66    43423.31    99999.00
1958-02-11 04:34:00.000 042   18530.29     -616.10    43413.39    99999.00
1958-02-11 04:35:00.000 042   18524.97     -616.20    43408.66    99999.00
1958-02-11 04:36:00.000 042   18542.84     -612.57    43433.64    99999.00
1958-02-11 04:37:00.000 042   18533.26     -613.73    43423.83    99999.00
1958-02-11 04:38:00.000 042   18540.58     -613.09    43408.22    99999.00
1958-02-11 04:39:00.000 042   18511.49     -613.13    43423.98    99999.00
1958-02-11 04:40:00.000 042   18545.76     -617.68    43438.83    99999.00
1958-02-11 04:41:00.000 042   18529.31     -611.87    43434.37    99999.00
1958-02-11 04:42:00.000 042   18509.38     -617.97    43426.14    99999.00
1958-02-11 04:43:00.000 042   18531.65     -620.54    43417.31    99999.00
1958-02-11 04:44:00.000 042   18525.81     -614.61    43411.20    99999.00
1958-02-11 04:45:00.000 042   18524.96     -611.22    43429.77    99999.00
1958-02-11 04:46:00.000 042   18535.72     -616.14    43416.60    99999.00
1958-02-11 04:47:00.000 042   18518.53     -614.96    43442.20    99999.00
1958-02-11 04:48:00.000 042   18515.68     -617.42    43424.18    99999.00
1958-02-11 04:49:00.000 042   18532.87     -621.14    43393.33    99999.00
1958-02-11 04:50:00.000 042   18515.60     -618.93    43411.91    99999.00
1958-02-11 04:51:00.000 042   18561.40     -618.28    43424.40    99999.00
1958-02-11 04:52:00.000 042   18541.03     -615.35    43417.17    99999.00
1958-02-11 04:53:00.000 042   18510.10     -622.69    43422.08    99999.00
1958-02-11 04:54:00.000 042   18530.85     -630.58    43426.20    99999.00
1958-02-11 04:55:00.000 042   18531.87     -634.11    43418.17    99999.00
1958-02-11 04:56:00.000 042   18549.74     -625.32    43411.41    99999.00
1958-02-11 04:57:00.000 042   18566.82     -623.74    43420.26    99999.00
1958-02-11 04:58:00.000 042   18569.56     -625.29    43427.24    99999.00
1958-02-11 04:59:00.000 042   18560.49     -622.07    43416.25    99999.00
1958-02-11 05:00:00.000 042   18575.74     -620.70    43403.32    99999.00
1958-02-11 05:01:00.000 042   18569.53     -623.60    43409.73    99999.00
1958-02-11 05:02:00.000 042   18577.16     -621.99    43422.77    99999.00
1958-02-11 05:03:00.000 042   18569.24     -614.88    43419.73    99999.00
1958-02-11 05:04:00.000 042   18568.16     -615.18    43411.65    99999.00
1958-02-11 05:05:00.000 042   18570.44     -619.90    43402.84    99999.00
1958-02-11 05:06:00.000 042   18588.51     -618.64    43395.39    99999.00
1958-02-11 05:07:00.000 042   18567.51     -613.17    43392.14    99999.00
1958-02-11 05:08:00.000 042   18579.92     -610.47    43402.42    99999.00
1958-02-11 05:09:00.000 042   18579.24     -612.89    43435.31    99999.00
1958-02-11 05:10:00.000 042   18559.48     -615.72    43400.51    99999.00
1958-02-11 05:11:00.000 042   18554.85     -613.98    43360.56    99999.00
1958-02-11 05:12:00.000 042   18609.60     -617.59    43361.07    99999.00
1958-02-11 05:13:00.000 042   18611.69     -615.72    43398.86    99999.00
1958-02-11 05:14:00.000 042   18579.46     -607.40    43430.15    99999.00
1958-02-11 05:15:00.000 042   18539.47     -612.03    43408.64    99999.00
1958-02-11 05:16:00.000 042   18508.32     -620.63    43387.83    99999.00
1958-02-11 05:17:00.000 042   18570.31     -627.94    43383.90    99999.00
1958-02-11 05:18:00.000 042   18574.93     -623.32    43386.76    99999.00
1958-02-11 05:19:00.000 042   18552.11     -608.13    43412.02    99999.00
1958-02-11 05:20:00.000 042   18563.60     -612.17    43410.16    99999.00
1958-02-11 05:21:00.000 042   18526.82     -620.31    43401.51    99999.00
1958-02-11 05:22:00.000 042   18532.74     -620.94    43410.29    99999.00
1958-02-11 05:23:00.000 042   18533.24     -622.89    43410.88    99999.00
1958-02-11 05:24:00.000 042   18547.65     -617.79    43395.82    99999.00
1958-02-11 05:25:00.000 042   18536.43     -613.86    43399.47    99999.00
1958-02-11 05:26:00.000 042   18550.86     -617.99    43402.30    99999.00
1958-02-11 05:27:00.000 042   18543.53     -614.46    43393.36    99999.00
1958-02-11 05:28:00.000 042   18529.75     -614.11    43401.56    99999.00
1958-02-11 05:29:00.000 042   18537.37     -616.62    43412.08    99999.00
1958-02-11 05:30:00.000 042   18523.09     -619.39    43404.10    99999.00
1958-02-11 05:31:00.000 042   18512.03     -617.61    43388.40    99999.00
1958-02-11 05:32:00.000 042   18521.25     -619.22    43399.29    99999.00
1958-02-11 05:33:00.000 042   18541.06     -619.58    43392.24    99999.00
1958-02-11 05:34:00.000 042   18527.05     -615.14    43415.67    99999.00
1958-02-11 05:35:00.000 042   18503.91     -618.77    43404.50    99999.00
1958-02-11 05:36:00.000 042   18505.35     -623.26    43393.50    99999.00
1958-02-11 05:37:00.000 042   18488.43     -619.69    43399.42    99999.00
1958-02-11 05:38:00.000 042   18482.69     -617.73    43411.43    99999.00
1958-02-11 05:39:00.000 042   18483.68     -613.91    43410.92    99999.00
1958-02-11 05:40:00.000 042   18467.33     -616.47    43401.38    99999.00
1958-02-11 05:41:00.000 042   18451.77     -618.63    43397.33    99999.00
1958-02-11 05:42:00.000 042   18455.19     -617.22    43404.37    99999.00
1958-02-11 05:43:00.000 042   18450.13     -612.12    43397.69    99999.00
1958-02-11 05:44:00.000 042   18431.05     -611.11    43409.71    99999.00
1958-02-11 05:45:00.000 042   18433.76     -614.14    43398.08    99999.00
1958-02-11 05:46:00.000 042   18446.13     -612.55    43379.92    99999.00
1958-02-11 05:47:00.000 042   18455.21     -615.04    43399.84    99999.00
1958-02-11 05:48:00.000 042   18452.84     -618.11    43424.73    99999.00
1958-02-11 05:49:00.000 042   18436.71     -615.66    43420.13    99999.00
1958-02-11 05:50:00.000 042   18415.64     -611.87    43400.04    99999.00
1958-02-11 05:51:00.000 042   18407.33     -618.91    43394.81    99999.00
1958-02-11 05:52:00.000 042   18448.87     -620.72    43411.75    99999.00
1958-02-11 05:53:00.000 042   18463.86     -612.38    43421.19    99999.00
1958-02-11 05:54:00.000 042   18436.55     -609.66    43415.81    99999.00
1958-02-11 05:55:00.000 042   18415.19     -614.86    43406.72    99999.00
1958-02-11 05:56:00.000 042   18435.58     -617.81    43402.91    99999.00
1958-02-11 05:57:00.000 042   18450.22     -612.02    43410.95    99999.00
1958-02-11 05:58:00.000 042   18441.84     -608.88    43421.17    99999.00
1958-02-11 05:59:00.000 042   18428.43     -610.78    43420.27    99999.00
1958-02-11 06:00:00.000 042   18430.36     -613.66    43410.84    99999.00
1958-02-11 06:01:00.000 042   18437.55     -614.18    43401.96    99999.00
1958-02-11 06:02:00.000 042   18431.54     -611.14    43410.15    99999.00
1958-02-11 06:03:00.000 042   18455.28     -610.22    43403.16    99999.00
1958-02-11 06:04:00.000 042   18456.56     -612.42    43397.66    99999.00
1958-02-11 06:05:00.000 042   18442.26     -615.54    43410.86    99999.00
1958-02-11 06:06:00.000 042   18437.07     -617.57    43406.14    99999.00
1958-02-11 06:07:00.000 042   18439.06     -614.52    43407.13    99999.00
1958-02-11 06:08:00.000 042   18422.96     -616.99    43415.00    99999.00
1958-02-11 06:09:00.000 042   18431.04     -617.35    43408.31    99999.00
1958-02-11 06:10:00.000 042   18439.79     -617.37    43404.23    99999.00
1958-02-11 06:11:00.000 042   18427.35     -614.62    43420.11    99999.00
1958-02-11 06:12:00.000 042   18423.13     -617.27    43417.69    99999.00
1958-02-11 06:13:00.000 042   18441.12     -613.01    43413.47    99999.00
1958-02-11 06:14:00.000 042   18428.44     -616.60    43413.11    99999.00
1958-02-11 06:15:00.000 042   18422.81     -618.36    43428.01    99999.00
1958-02-11 06:16:00.000 042   18438.13     -615.63    43420.85    99999.00
1958-02-11 06:17:00.000 042   18452.33     -613.19    43411.36    99999.00
1958-02-11 06:18:00.000 042   18440.95     -614.83    43414.96    99999.00
1958-02-11 06:19:00.000 042   18447.04     -615.71    43427.27    99999.00
1958-02-11 06:20:00.000 042   18425.72     -610.34    43430.99    99999.00
1958-02-11 06:21:00.000 042   18431.55     -612.57    43419.11    99999.00
1958-02-11 06:22:00.000 042   18420.53     -615.47    43405.74    99999.00
1958-02-11 06:23:00.000 042   18421.59     -613.25    43411.13    99999.00
1958-02-11 06:24:00.000 042   18431.77     -615.92    43430.62    99999.00
1958-02-11 06:25:00.000 042   18414.12     -608.65    43434.29    99999.00
1958-02-11 06:26:00.000 042   18388.90     -613.03    43425.07    99999.00
1958-02-11 06:27:00.000 042   18377.20     -616.44    43422.19    99999.00
1958-02-11 06:28:00.000 042   18400.28     -615.67    43435.39    99999.00
1958-02-11 06:29:00.000 042   18419.81     -611.25    43432.13    99999.00
1958-02-11 06:30:00.000 042   18405.55     -610.56    43426.20    99999.00
1958-02-11 06:31:00.000 042   18398.46     -613.38    43422.54    99999.00
1958-02-11 06:32:00.000 042   18428.58     -612.93    43426.20    99999.00
1958-02-11 06:33:00.000 042   18410.38     -609.75    43437.06    99999.00
1958-02-11 06:34:00.000 042   18415.90     -606.45    43423.25    99999.00
1958-02-11 06:35:00.000 042   18398.61     -607.76    43436.06    99999.00
1958-02-11 06:36:00.000 042   18408.24     -605.96    43439.95    99999.00
1958-02-11 06:37:00.000 042   18415.49     -603.35    43422.07    99999.00
1958-02-11 06:38:00.000 042   18402.67     -606.21    43408.14    99999.00
1958-02-11 06:39:00.000 042   18430.12     -610.48    43420.67    99999.00
1958-02-11 06:40:00.000 042   18424.63     -605.47    43436.00    99999.00
1958-02-11 06:41:00.000 042   18402.50     -606.44    43430.17    99999.00
1958-02-11 06:42:00.000 042   18379.35     -611.09    43415.35    99999.00
1958-02-11 06:43:00.000 042   18367.88     -613.83    43411.45    99999.00
1958-02-11 06:44:00.000 042   18411.63     -609.58    43422.73    99999.00
1958-02-11 06:45:00.000 042   18393.86     -606.31    43417.83    99999.00
1958-02-11 06:46:00.000 042   18374.60     -609.29    43418.73    99999.00
1958-02-11 06:47:00.000 042   18366.97     -607.66    43423.02    99999.00
1958-02-11 06:48:00.000 042   18381.49     -610.02    43419.87    99999.00
1958-02-11 06:49:00.000 042   18381.92     -606.64    43425.54    99999.00
1958-02-11 06:50:00.000 042   18402.75     -608.76    43409.93    99999.00
1958-02-11 06:51:00.000 042   18419.34     -609.07    43402.21    99999.00
1958-02-11 06:52:00.000 042   18405.10     -610.98    43397.30    99999.00
1958-02-11 06:53:00.000 042   18391.74     -610.23    43387.49    99999.00
1958-02-11 06:54:00.000 042   18403.12     -611.60    43399.88    99999.00
1958-02-11 06:55:00.000 042   18367.51     -615.59    43422.67    99999.00
1958-02-11 06:56:00.000 042   18361.51     -611.48    43415.29    99999.00
1958-02-11 06:57:00.000 042   18373.25     -615.36    43397.03    99999.00
1958-02-11 06:58:00.000 042   18353.86     -617.68    43405.28    99999.00
1958-02-11 06:59:00.000 042   18359.75     -608.04    43412.81    99999.00
1958-02-11 07:00:00.000 042   18374.27     -604.67    43405.49    99999.00
1958-02-11 07:01:00.000 042   18385.30     -611.83    43397.65    99999.00
1958-02-11 07:02:00.000 042   18383.41     -614.34    43395.90    99999.00
1958-02-11 07:03:00.000 042   18369.01     -609.17    43400.29    99999.00
1958-02-11 07:04:00.000 042   18391.81     -612.56    43408.00    99999.00
1958-02-11 07:05:00.000 042   18378.94     -617.83    43417.10    99999.00
1958-02-11 07:06:00.000 042   18387.88     -622.17    43425.91    99999.00
1958-02-11 07:07:00.000 042   18364.13     -620.46    43426.07    99999.00
1958-02-11 07:08:00.000 042   18345.32     -619.89    43407.76    99999.00
1958-02-11 07:09:00.000 042   18345.40     -622.23    43415.96    99999.00
1958-02-11 07:10:00.000 042   18386.30     -623.84    43409.12    99999.00
1958-02-11 07:11:00.000 042   18432.49     -621.97    43403.30    99999.00
1958-02-11 07:12:00.000 042   18405.63     -624.46    43400.06    99999.00
1958-02-11 07:13:00.000 042   18377.52     -628.47    43392.78    99999.00
1958-02-11 07:14:00.000 042   18426.91     -625.36    43443.94    99999.00
1958-02-11 07:15:00.000 042   18399.61     -632.07    43434.29    99999.00
1958-02-11 07:16:00.000 042   18362.54     -638.44    43405.58    99999.00
1958-02-11 07:17:00.000 042   18325.63     -629.41    43396.15    99999.00
1958-02-11 07:18:00.000 042   18295.98     -632.68    43437.49    99999.00
1958-02-11 07:19:00.000 042   18298.06     -621.25    43443.81    99999.00
1958-02-11 07:20:00.000 042   18378.06     -619.70    43427.15    99999.00
1958-02-11 07:21:00.000 042   18353.97     -627.40    43418.67    99999.00
1958-02-11 07:22:00.000 042   18307.61     -627.86    43418.92    99999.00
1958-02-11 07:23:00.000 042   18302.36     -615.23    43407.05    99999.00
1958-02-11 07:24:00.000 042   18424.92     -618.00    43426.04    99999.00
1958-02-11 07:25:00.000 042   18387.92     -623.23    43403.17    99999.00
1958-02-11 07:26:00.000 042   18344.30     -620.35    43393.11    99999.00
1958-02-11 07:27:00.000 042   18377.50     -624.58    43399.02    99999.00
1958-02-11 07:28:00.000 042   18364.22     -626.38    43408.36    99999.00
1958-02-11 07:29:00.000 042   18339.84     -619.51    43416.37    99999.00
1958-02-11 07:30:00.000 042   18368.81     -624.56    43418.18    99999.00
1958-02-11 07:31:00.000 042   18351.99     -631.05    43410.47    99999.00
1958-02-11 07:32:00.000 042   18356.96     -632.75    43396.97    99999.00
1958-02-11 07:33:00.000 042   18365.31     -629.18    43399.05    99999.00
1958-02-11 07:34:00.000 042   18356.28     -624.70    43391.06    99999.00
1958-02-11 07:35:00.000 042   18376.34     -624.16    43392.66    99999.00
1958-02-11 07:36:00.000 042   18379.38     -627.36    43388.93    99999.00
1958-02-11 07:37:00.000 042   18368.49     -626.77    43385.57    99999.00
1958-02-11 07:38:00.000 042   18354.59     -626.27    43385.62    99999.00
1958-02-11 07:39:00.000 042   18341.72     -628.54    43388.23    99999.00
1958-02-11 07:40:00.000 042   18339.73     -631.31    43391.93    99999.00
1958-02-11 07:41:00.000 042   18349.24     -632.03    43395.58    99999.00
1958-02-11 07:42:00.000 042   18338.51     -633.20    43395.39    99999.00
1958-02-11 07:43:00.000 042   18340.97     -635.59    43394.01    99999.00
1958-02-11 07:44:00.000 042   18356.22     -636.03    43395.95    99999.00
1958-02-11 07:45:00.000 042   18351.87     -632.88    43391.88    99999.00
1958-02-11 07:46:00.000 042   18348.25     -634.27    43386.90    99999.00
1958-02-11 07:47:00.000 042   18344.66     -630.23    43385.51    99999.00
1958-02-11 07:48:00.000 042   18342.06     -631.40    43393.61    99999.00
1958-02-11 07:49:00.000 042   18345.84     -628.80    43400.81    99999.00
1958-02-11 07:50:00.000 042   18340.91     -627.78    43394.69    99999.00
1958-02-11 07:51:00.000 042   18338.50     -627.51    43387.30    99999.00
1958-02-11 07:52:00.000 042   18311.89     -625.99    43386.84    99999.00
1958-02-11 07:53:00.000 042   18319.50     -626.45    43391.33    99999.00
1958-02-11 07:54:00.000 042   18334.63     -621.72    43394.64    99999.00
1958-02-11 07:55:00.000 042   18337.48     -620.14    43393.89    99999.00
1958-02-11 07:56:00.000 042   18320.79     -622.34    43389.91    99999.00
1958-02-11 07:57:00.000 042   18307.11     -620.99    43384.86    99999.00
1958-02-11 07:58:00.000 042   18310.37     -622.61    43380.63    99999.00
1958-02-11 07:59:00.000 042   18320.83     -623.71    43380.59    99999.00
1958-02-11 08:00:00.000 042   18329.01     -621.56    43388.10    99999.00
1958-02-11 08:01:00.000 042   18326.97     -620.53    43395.36    99999.00
1958-02-11 08:02:00.000 042   18315.86     -622.84    43393.91    99999.00
1958-02-11 08:03:00.000 042   18305.21     -625.96    43389.79    99999.00
1958-02-11 08:04:00.000 042   18302.46     -626.78    43393.02    99999.00
1958-02-11 08:05:00.000 042   18307.34     -624.06    43394.55    99999.00
1958-02-11 08:06:00.000 042   18315.72     -621.72    43391.48    99999.00
1958-02-11 08:07:00.000 042   18323.70     -622.81    43390.56    99999.00
1958-02-11 08:08:00.000 042   18321.58     -622.94    43394.32    99999.00
1958-02-11 08:09:00.000 042   18318.59     -621.84    43394.84    99999.00
1958-02-11 08:10:00.000 042   18323.21     -623.17    43393.59    99999.00
1958-02-11 08:11:00.000 042   18312.32     -621.14    43391.77    99999.00
1958-02-11 08:12:00.000 042   18300.17     -622.92    43389.83    99999.00
1958-02-11 08:13:00.000 042   18301.31     -620.98    43388.00    99999.00
1958-02-11 08:14:00.000 042   18296.59     -620.88    43386.49    99999.00
1958-02-11 08:15:00.000 042   18299.25     -619.25    43385.62    99999.00
1958-02-11 08:16:00.000 042   18293.36     -620.19    43386.05    99999.00
1958-02-11 08:17:00.000 042   18284.29     -621.61    43388.44    99999.00
1958-02-11 08:18:00.000 042   18291.99     -619.63    43392.81    99999.00
1958-02-11 08:19:00.000 042   18278.08     -621.30    43394.91    99999.00
1958-02-11 08:20:00.000 042   18279.38     -621.91    43390.59    99999.00
1958-02-11 08:21:00.000 042   18279.71     -621.11    43391.52    99999.00
1958-02-11 08:22:00.000 042   18276.39     -619.69    43394.74    99999.00
1958-02-11 08:23:00.000 042   18289.99     -618.45    43392.44    99999.00
1958-02-11 08:24:00.000 042   18293.44     -618.59    43389.09    99999.00
1958-02-11 08:25:00.000 042   18293.21     -620.62    43388.59    99999.00
1958-02-11 08:26:00.000 042   18298.30     -620.63    43392.63    99999.00
1958-02-11 08:27:00.000 042   18304.47     -619.15    43397.87    99999.00
1958-02-11 08:28:00.000 042   18298.84     -619.91    43400.38    99999.00
1958-02-11 08:29:00.000 042   18291.57     -621.43    43398.55    99999.00
1958-02-11 08:30:00.000 042   18287.04     -622.57    43394.78    99999.00
1958-02-11 08:31:00.000 042   18290.88     -621.89    43391.96    99999.00
1958-02-11 08:32:00.000 042   18302.61     -619.56    43393.44    99999.00
1958-02-11 08:33:00.000 042   18299.23     -619.11    43398.17    99999.00
1958-02-11 08:34:00.000 042   18305.72     -620.26    43399.78    99999.00
1958-02-11 08:35:00.000 042   18301.91     -621.46    43394.32    99999.00
1958-02-11 08:36:00.000 042   18301.86     -620.85    43386.46    99999.00
1958-02-11 08:37:00.000 042   18292.20     -619.48    43383.39    99999.00
1958-02-11 08:38:00.000 042   18289.83     -616.79    43388.79    99999.00
1958-02-11 08:39:00.000 042   18288.42     -617.64    43386.28    99999.00
1958-02-11 08:40:00.000 042   18301.89     -619.46    43380.42    99999.00
1958-02-11 08:41:00.000 042   18297.66     -621.40    43382.11    99999.00
1958-02-11 08:42:00.000 042   18285.15     -623.05    43385.47    99999.00
1958-02-11 08:43:00.000 042   18281.87     -621.59    43386.43    99999.00
1958-02-11 08:44:00.000 042   18292.42     -621.59    43382.97    99999.00
1958-02-11 08:45:00.000 042   18286.07     -624.26    43377.07    99999.00
1958-02-11 08:46:00.000 042   18287.19     -627.02    43372.65    99999.00
1958-02-11 08:47:00.000 042   18297.12     -626.84    43377.10    99999.00
1958-02-11 08:48:00.000 042   18305.91     -628.54    43382.61    99999.00
1958-02-11 08:49:00.000 042   18312.45     -629.29    43367.84    99999.00
1958-02-11 08:50:00.000 042   18301.28     -625.80    43360.06    99999.00
1958-02-11 08:51:00.000 042   18275.62     -627.43    43364.68    99999.00
1958-02-11 08:52:00.000 042   18260.97     -624.10    43368.29    99999.00
1958-02-11 08:53:00.000 042   18279.90     -619.17    43362.27    99999.00
1958-02-11 08:54:00.000 042   18281.77     -614.18    43362.17    99999.00
1958-02-11 08:55:00.000 042   18230.35     -610.82    43366.46    99999.00
1958-02-11 08:56:00.000 042   18188.21     -614.89    43362.19    99999.00
1958-02-11 08:57:00.000 042   18219.18     -613.35    43369.16    99999.00
1958-02-11 08:58:00.000 042   18228.17     -611.62    43381.21    99999.00
1958-02-11 08:59:00.000 042   18210.58     -612.92    43381.25    99999.00
1958-02-11 09:00:00.000 042   18224.78     -610.47    43374.83    99999.00
1958-02-11 09:01:00.000 042   18209.02     -614.71    43378.45    99999.00
1958-02-11 09:02:00.000 042   18226.12     -609.45    43383.72    99999.00
1958-02-11 09:03:00.000 042   18253.01     -611.94    43371.42    99999.00
1958-02-11 09:04:00.000 042   18280.52     -615.15    43374.08    99999.00
1958-02-11 09:05:00.000 042   18299.87     -610.19    43376.10    99999.00
1958-02-11 09:06:00.000 042   18283.67     -611.59    43367.22    99999.00
1958-02-11 09:07:00.000 042   18277.75     -609.14    43390.21    99999.00
1958-02-11 09:08:00.000 042   18279.86     -612.55    43382.17    99999.00
1958-02-11 09:09:00.000 042   18281.46     -608.90    43391.47    99999.00
1958-02-11 09:10:00.000 042   18254.19     -610.17    43389.21    99999.00
1958-02-11 09:11:00.000 042   18279.40     -607.26    43394.57    99999.00
1958-02-11 09:12:00.000 042   18309.87     -604.29    43385.72    99999.00
1958-02-11 09:13:00.000 042   18284.14     -609.66    43379.70    99999.00
1958-02-11 09:14:00.000 042   18263.85     -611.44    43397.43    99999.00
1958-02-11 09:15:00.000 042   18328.87     -607.76    43387.24    99999.00
1958-02-11 09:16:00.000 042   18313.16     -603.31    43376.53    99999.00
1958-02-11 09:17:00.000 042   18289.16     -604.90    43390.02    99999.00
1958-02-11 09:18:00.000 042   18269.12     -611.78    43394.79    99999.00
1958-02-11 09:19:00.000 042   18298.46     -605.51    43385.76    99999.00
1958-02-11 09:20:00.000 042   18279.74     -609.16    43388.18    99999.00
1958-02-11 09:21:00.000 042   18245.09     -612.66    43381.72    99999.00
1958-02-11 09:22:00.000 042   18251.21     -606.58    43380.24    99999.00
1958-02-11 09:23:00.000 042   18271.80     -607.05    43395.77    99999.00
1958-02-11 09:24:00.000 042   18224.49     -610.02    43392.48    99999.00
1958-02-11 09:25:00.000 042   18239.29     -613.59    43396.85    99999.00
1958-02-11 09:26:00.000 042   18242.96     -617.23    43404.66    99999.00
1958-02-11 09:27:00.000 042   18224.51     -620.42    43404.08    99999.00
1958-02-11 09:28:00.000 042   18271.21     -621.30    43396.64    99999.00
1958-02-11 09:29:00.000 042   18261.78     -618.64    43388.63    99999.00
1958-02-11 09:30:00.000 042   18261.10     -623.02    43387.81    99999.00
1958-02-11 09:31:00.000 042   18282.42     -616.69    43398.76    99999.00
1958-02-11 09:32:00.000 042   18245.97     -611.26    43396.79    99999.00
1958-02-11 09:33:00.000 042   18213.61     -616.77    43400.47    99999.00
1958-02-11 09:34:00.000 042   18219.14     -616.85    43401.92    99999.00
1958-02-11 09:35:00.000 042   18228.48     -620.16    43399.65    99999.00
1958-02-11 09:36:00.000 042   18232.76     -616.24    43410.68    99999.00
1958-02-11 09:37:00.000 042   18214.88     -615.87    43412.97    99999.00
1958-02-11 09:38:00.000 042   18239.47     -619.31    43408.64    99999.00
1958-02-11 09:39:00.000 042   18221.69     -625.41    43407.93    99999.00
1958-02-11 09:40:00.000 042   18303.17     -629.80    43413.77    99999.00
1958-02-11 09:41:00.000 042   18281.11     -619.84    43421.40    99999.00
1958-02-11 09:42:00.000 042   18295.92     -621.72    43424.87    99999.00
1958-02-11 09:43:00.000 042   18289.03     -615.93    43418.73    99999.00
1958-02-11 09:44:00.000 042   18272.96     -618.12    43406.12    99999.00
1958-02-11 09:45:00.000 042   18273.93     -616.58    43406.47    99999.00
1958-02-11 09:46:00.000 042   18300.62     -613.24    43401.80    99999.00
1958-02-11 09:47:00.000 042   18306.32     -610.29    43403.86    99999.00
1958-02-11 09:48:00.000 042   18300.83     -609.44    43411.41    99999.00
1958-02-11 09:49:00.000 042   18251.64     -613.11    43419.61    99999.00
1958-02-11 09:50:00.000 042   18261.90     -619.39    43423.97    99999.00
1958-02-11 09:51:00.000 042   18279.52     -616.96    43419.28    99999.00
1958-02-11 09:52:00.000 042   18270.23     -617.96    43420.90    99999.00
1958-02-11 09:53:00.000 042   18288.83     -619.17    43425.04    99999.00
1958-02-11 09:54:00.000 042   18297.33     -617.29    43429.95    99999.00
1958-02-11 09:55:00.000 042   18291.63     -616.34    43431.97    99999.00
1958-02-11 09:56:00.000 042   18308.30     -618.68    43425.69    99999.00
1958-02-11 09:57:00.000 042   18302.60     -618.38    43426.67    99999.00
1958-02-11 09:58:00.000 042   18315.61     -618.71    43427.50    99999.00
1958-02-11 09:59:00.000 042   18316.34     -615.97    43428.46    99999.00
1958-02-11 10:00:00.000 042   18308.31     -614.96    43429.41    99999.00
1958-02-11 10:01:00.000 042   18347.17     -616.96    43434.29    99999.00
1958-02-11 10:02:00.000 042   18333.25     -615.49    43430.78    99999.00
1958-02-11 10:03:00.000 042   18320.06     -613.37    43433.04    99999.00
1958-02-11 10:04:00.000 042   18323.51     -611.47    43440.16    99999.00
1958-02-11 10:05:00.000 042   18319.04     -610.58    43443.74    99999.00
1958-02-11 10:06:00.000 042   18314.16     -610.30    43434.93    99999.00
1958-02-11 10:07:00.000 042   18285.03     -607.49    43440.04    99999.00
1958-02-11 10:08:00.000 042   18290.49     -609.36    43437.17    99999.00
1958-02-11 10:09:00.000 042   18288.66     -607.74    43436.06    99999.00
1958-02-11 10:10:00.000 042   18292.34     -611.73    43447.10    99999.00
1958-02-11 10:11:00.000 042   18345.13     -611.48    43444.78    99999.00
1958-02-11 10:12:00.000 042   18329.51     -613.17    43443.02    99999.00
1958-02-11 10:13:00.000 042   18353.08     -607.61    43445.98    99999.00
1958-02-11 10:14:00.000 042   18319.79     -606.93    43434.22    99999.00
1958-02-11 10:15:00.000 042   18320.04     -610.71    43438.48    99999.00
1958-02-11 10:16:00.000 042   18313.34     -615.73    43429.83    99999.00
1958-02-11 10:17:00.000 042   18401.73     -620.90    43448.27    99999.00
1958-02-11 10:18:00.000 042   18363.70     -625.07    43441.59    99999.00
1958-02-11 10:19:00.000 042   18366.54     -621.88    43446.67    99999.00
1958-02-11 10:20:00.000 042   18376.15     -620.27    43448.19    99999.00
1958-02-11 10:21:00.000 042   18349.82     -617.82    43442.98    99999.00
1958-02-11 10:22:00.000 042   18331.24     -617.35    43437.79    99999.00
1958-02-11 10:23:00.000 042   18324.81     -612.40    43447.18    99999.00
1958-02-11 10:24:00.000 042   18319.22     -613.78    43443.69    99999.00
1958-02-11 10:25:00.000 042   18320.60     -613.86    43444.15    99999.00
1958-02-11 10:26:00.000 042   18315.71     -613.42    43453.20    99999.00
1958-02-11 10:27:00.000 042   18339.76     -613.70    43454.17    99999.00
1958-02-11 10:28:00.000 042   18340.89     -615.95    43450.13    99999.00
1958-02-11 10:29:00.000 042   18339.09     -614.58    43452.74    99999.00
1958-02-11 10:30:00.000 042   18343.08     -616.19    43449.52    99999.00
1958-02-11 10:31:00.000 042   18343.20     -615.87    43453.24    99999.00
1958-02-11 10:32:00.000 042   18336.59     -614.88    43449.99    99999.00
1958-02-11 10:33:00.000 042   18346.60     -616.48    43459.35    99999.00
1958-02-11 10:34:00.000 042   18336.01     -615.46    43455.81    99999.00
1958-02-11 10:35:00.000 042   18319.79     -613.94    43451.75    99999.00
1958-02-11 10:36:00.000 042   18335.46     -618.81    43459.82    99999.00
1958-02-11 10:37:00.000 042   18319.25     -615.95    43448.74    99999.00
1958-02-11 10:38:00.000 042   18293.86     -611.30    43456.27    99999.00
1958-02-11 10:39:00.000 042   18312.43     -612.60    43458.20    99999.00
1958-02-11 10:40:00.000 042   18303.25     -614.02    43456.84    99999.00
1958-02-11 10:41:00.000 042   18306.03     -616.41    43471.49    99999.00
1958-02-11 10:42:00.000 042   18338.58     -616.85    43472.09    99999.00
1958-02-11 10:43:00.000 042   18330.09     -613.81    43479.99    99999.00
1958-02-11 10:44:00.000 042   18328.71     -610.77    43474.04    99999.00
1958-02-11 10:45:00.000 042   18300.12     -612.54    43471.79    99999.00
1958-02-11 10:46:00.000 042   18306.35     -613.43    43464.58    99999.00
1958-02-11 10:47:00.000 042   18310.93     -618.51    43469.15    99999.00
1958-02-11 10:48:00.000 042   18328.90     -619.43    43472.96    99999.00
1958-02-11 10:49:00.000 042   18311.66     -617.31    43467.52    99999.00
1958-02-11 10:50:00.000 042   18309.44     -618.90    43467.84    99999.00
1958-02-11 10:51:00.000 042   18322.45     -620.06    43479.12    99999.00
1958-02-11 10:52:00.000 042   18335.29     -617.63    43482.48    99999.00
1958-02-11 10:53:00.000 042   18324.53     -617.73    43478.75    99999.00
1958-02-11 10:54:00.000 042   18336.21     -618.49    43481.74    99999.00
1958-02-11 10:55:00.000 042   18347.75     -616.73    43478.74    99999.00
1958-02-11 10:56:00.000 042   18327.39     -618.62    43477.78    99999.00
1958-02-11 10:57:00.000 042   18304.72     -617.55    43479.39    99999.00
1958-02-11 10:58:00.000 042   18333.96     -621.28    43470.22    99999.00
1958-02-11 10:59:00.000 042   18318.86     -617.48    43474.52    99999.00
1958-02-11 11:00:00.000 042   18322.12     -617.31    43479.38    99999.00
1958-02-11 11:01:00.000 042   18326.52     -620.08    43473.20    99999.00
1958-02-11 11:02:00.000 042   18333.82     -621.33    43477.25    99999.00
1958-02-11 11:03:00.000 042   18331.91     -619.39    43474.48    99999.00
1958-02-11 11:04:00.000 042   18335.81     -619.69    43478.90    99999.00
1958-02-11 11:05:00.000 042   18331.21     -619.05    43475.94    99999.00
1958-02-11 11:06:00.000 042   18344.95     -621.31    43481.56    99999.00
1958-02-11 11:07:00.000 042   18344.53     -620.43    43479.66    99999.00
1958-02-11 11:08:00.000 042   18324.38     -616.11    43475.87    99999.00
1958-02-11 11:09:00.000 042   18315.27     -615.82    43478.04    99999.00
1958-02-11 11:10:00.000 042   18329.61     -619.26    43474.89    99999.00
1958-02-11 11:11:00.000 042   18325.60     -619.13    43481.76    99999.00
1958-02-11 11:12:00.000 042   18344.84     -619.04    43482.42    99999.00
1958-02-11 11:13:00.000 042   18341.73     -618.54    43478.96    99999.00
1958-02-11 11:14:00.000 042   18335.87     -619.53    43476.62    99999.00
1958-02-11 11:15:00.000 042   18339.68     -619.42    43479.95    99999.00
1958-02-11 11:16:00.000 042   18339.61     -618.53    43478.92    99999.00
1958-02-11 11:17:00.000 042   18339.71     -619.94    43476.36    99999.00
1958-02-11 11:18:00.000 042   18341.10     -618.93    43479.96    99999.00
1958-02-11 11:19:00.000 042   18328.60     -616.96    43478.31    99999.00
1958-02-11 11:20:00.000 042   18330.80     -617.43    43477.06    99999.00
1958-02-11 11:21:00.000 042   18322.20     -617.24    43480.92    99999.00
1958-02-11 11:22:00.000 042   18324.43     -618.26    43479.57    99999.00
1958-02-11 11:23:00.000 042   18339.19     -618.97    43486.60    99999.00
1958-02-11 11:24:00.000 042   18335.09     -617.38    43483.44    99999.00
1958-02-11 11:25:00.000 042   18333.35     -618.05    43488.28    99999.00
1958-02-11 11:26:00.000 042   18337.34     -616.85    43487.69    99999.00
1958-02-11 11:27:00.000 042   18337.08     -617.05    43492.19    99999.00
1958-02-11 11:28:00.000 042   18334.63     -615.44    43496.91    99999.00
1958-02-11 11:29:00.000 042   18342.22     -614.21    43498.62    99999.00
1958-02-11 11:30:00.000 042   18343.53     -615.19    43497.30    99999.00
1958-02-11 11:31:00.000 042   18340.91     -614.89    43497.60    99999.00
1958-02-11 11:32:00.000 042   18337.12     -615.06    43495.82    99999.00
1958-02-11 11:33:00.000 042   18335.05     -614.32    43501.78    99999.00
1958-02-11 11:34:00.000 042   18350.54     -614.63    43501.92    99999.00
1958-02-11 11:35:00.000 042   18347.50     -616.15    43500.06    99999.00
1958-02-11 11:36:00.000 042   18351.57     -615.60    43502.72    99999.00
1958-02-11 11:37:00.000 042   18348.09     -616.33    43501.44    99999.00
1958-02-11 11:38:00.000 042   18358.18     -617.27    43503.77    99999.00
1958-02-11 11:39:00.000 042   18355.26     -617.75    43503.28    99999.00
1958-02-11 11:40:00.000 042   18360.34     -617.41    43507.62    99999.00
1958-02-11 11:41:00.000 042   18359.63     -616.38    43508.14    99999.00
1958-02-11 11:42:00.000 042   18359.95     -615.23    43509.36    99999.00
1958-02-11 11:43:00.000 042   18365.03     -615.78    43512.14    99999.00
1958-02-11 11:44:00.000 042   18363.70     -615.73    43510.77    99999.00
1958-02-11 11:45:00.000 042   18373.36     -617.51    43513.50    99999.00
1958-02-11 11:46:00.000 042   18377.49     -618.36    43512.53    99999.00
1958-02-11 11:47:00.000 042   18373.47     -617.65    43511.09    99999.00
1958-02-11 11:48:00.000 042   18383.02     -618.95    43514.76    99999.00
1958-02-11 11:49:00.000 042   18383.08     -618.80    43513.13    99999.00
1958-02-11 11:50:00.000 042   18376.47     -619.65    43511.95    99999.00
1958-02-11 11:51:00.000 042   18373.43     -618.54    43512.58    99999.00
1958-02-11 11:52:00.000 042   18378.57     -618.59    43514.90    99999.00
1958-02-11 11:53:00.000 042   18384.47     -619.53    43515.24    99999.00
1958-02-11 11:54:00.000 042   18384.03     -620.53    43512.02    99999.00
1958-02-11 11:55:00.000 042   18378.23     -620.67    43514.09    99999.00
1958-02-11 11:56:00.000 042   18380.53     -620.61    43513.16    99999.00
1958-02-11 11:57:00.000 042   18371.43     -621.09    43510.32    99999.00
1958-02-11 11:58:00.000 042   18373.56     -620.94    43509.13    99999.00
1958-02-11 11:59:00.000 042   18372.45     -619.70    43512.35    99999.00
1958-02-11 12:00:00.000 042   18365.95     -617.40    43517.34    99999.00
1958-02-11 12:01:00.000 042   18362.81     -616.03    43517.80    99999.00
1958-02-11 12:02:00.000 042   18383.43     -617.75    43513.75    99999.00
1958-02-11 12:03:00.000 042   18374.01     -622.96    43510.64    99999.00
1958-02-11 12:04:00.000 042   18390.01     -621.44    43516.30    99999.00
1958-02-11 12:05:00.000 042   18384.30     -622.08    43513.54    99999.00
1958-02-11 12:06:00.000 042   18369.55     -620.95    43510.35    99999.00
1958-02-11 12:07:00.000 042   18360.51     -620.24    43511.26    99999.00
1958-02-11 12:08:00.000 042   18386.83     -621.18    43517.40    99999.00
1958-02-11 12:09:00.000 042   18379.63     -621.60    43524.82    99999.00
1958-02-11 12:10:00.000 042   18396.40     -618.50    43526.24    99999.00
1958-02-11 12:11:00.000 042   18396.03     -620.06    43519.55    99999.00
1958-02-11 12:12:00.000 042   18406.15     -622.35    43518.09    99999.00
1958-02-11 12:13:00.000 042   18414.19     -623.85    43522.97    99999.00
1958-02-11 12:14:00.000 042   18406.03     -623.42    43528.11    99999.00
1958-02-11 12:15:00.000 042   18415.06     -621.20    43527.52    99999.00
1958-02-11 12:16:00.000 042   18409.58     -619.07    43525.61    99999.00
1958-02-11 12:17:00.000 042   18411.39     -621.05    43527.11    99999.00
1958-02-11 12:18:00.000 042   18422.05     -620.50    43527.81    99999.00
1958-02-11 12:19:00.000 042   18429.98     -620.95    43523.88    99999.00
1958-02-11 12:20:00.000 042   18442.60     -622.39    43526.90    99999.00
1958-02-11 12:21:00.000 042   18435.69     -624.56    43524.42    99999.00
1958-02-11 12:22:00.000 042   18444.44     -625.25    43527.81    99999.00
1958-02-11 12:23:00.000 042   18440.00     -625.67    43530.18    99999.00
1958-02-11 12:24:00.000 042   18444.82     -624.91    43529.36    99999.00
1958-02-11 12:25:00.000 042   18445.55     -627.43    43528.67    99999.00
1958-02-11 12:26:00.000 042   18445.74     -625.62    43529.43    99999.00
1958-02-11 12:27:00.000 042   18446.56     -627.73    43533.53    99999.00
1958-02-11 12:28:00.000 042   18447.37     -625.35    43537.09    99999.00
1958-02-11 12:29:00.000 042   18448.19     -625.45    43535.34    99999.00
1958-02-11 12:30:00.000 042   18449.08     -627.37    43542.49    99999.00
1958-02-11 12:31:00.000 042   18466.93     -624.02    43542.94    99999.00
1958-02-11 12:32:00.000 042   18459.46     -626.23    43546.30    99999.00
1958-02-11 12:33:00.000 042   18470.45     -626.39    43542.50    99999.00
1958-02-11 12:34:00.000 042   18464.16     -631.80    43540.52    99999.00
1958-02-11 12:35:00.000 042   18479.94     -632.05    43546.31    99999.00
1958-02-11 12:36:00.000 042   18469.16     -635.37    43565.53    99999.00
1958-02-11 12:37:00.000 042   18475.88     -638.34    43586.12    99999.00
1958-02-11 12:38:00.000 042   18471.04     -628.73    43572.41    99999.00
1958-02-11 12:39:00.000 042   18465.76     -631.39    43569.93    99999.00
1958-02-11 12:40:00.000 042   18472.23     -631.65    43560.23    99999.00
1958-02-11 12:41:00.000 042   18468.23     -627.93    43566.97    99999.00
1958-02-11 12:42:00.000 042   18471.32     -629.20    43576.68    99999.00
1958-02-11 12:43:00.000 042   18464.42     -626.79    43573.74    99999.00
1958-02-11 12:44:00.000 042   18497.01     -629.41    43569.91    99999.00
1958-02-11 12:45:00.000 042   18485.81     -626.87    43574.50    99999.00
1958-02-11 12:46:00.000 042   18523.60     -625.54    43568.38    99999.00
1958-02-11 12:47:00.000 042   18568.98     -628.95    43562.21    99999.00
1958-02-11 12:48:00.000 042   18563.66     -633.41    43565.43    99999.00
1958-02-11 12:49:00.000 042   18544.83     -633.72    43572.71    99999.00
1958-02-11 12:50:00.000 042   18522.96     -638.44    43571.09    99999.00
1958-02-11 12:51:00.000 042   18500.79     -639.68    43586.95    99999.00
1958-02-11 12:52:00.000 042   18484.70     -638.06    43593.56    99999.00
1958-02-11 12:53:00.000 042   18490.08     -633.19    43588.27    99999.00
1958-02-11 12:54:00.000 042   18505.40     -634.48    43579.53    99999.00
1958-02-11 12:55:00.000 042   18470.05     -637.96    43575.25    99999.00
1958-02-11 12:56:00.000 042   18480.05     -637.19    43591.34    99999.00
1958-02-11 12:57:00.000 042   18487.25     -634.43    43585.29    99999.00
1958-02-11 12:58:00.000 042   18489.96     -633.99    43593.31    99999.00
1958-02-11 12:59:00.000 042   18553.59     -631.21    43591.50    99999.00
1958-02-11 13:00:00.000 042   18560.42     -631.59    43596.99    99999.00
1958-02-11 13:01:00.000 042   18543.76     -628.73    43585.41    99999.00
1958-02-11 13:02:00.000 042   18528.33     -628.12    43599.34    99999.00
1958-02-11 13:03:00.000 042   18548.21     -628.52    43593.86    99999.00
1958-02-11 13:04:00.000 042   18546.03     -625.63    43585.96    99999.00
1958-02-11 13:05:00.000 042   18530.86     -624.13    43572.65    99999.00
1958-02-11 13:06:00.000 042   18533.85     -624.87    43581.09    99999.00
1958-02-11 13:07:00.000 042   18547.28     -624.38    43576.58    99999.00
1958-02-11 13:08:00.000 042   18527.08     -624.35    43582.89    99999.00
1958-02-11 13:09:00.000 042   18543.43     -621.01    43571.76    99999.00
1958-02-11 13:10:00.000 042   18533.88     -621.98    43579.88    99999.00
1958-02-11 13:11:00.000 042   18537.79     -619.04    43567.16    99999.00
1958-02-11 13:12:00.000 042   18498.06     -619.68    43575.85    99999.00
1958-02-11 13:13:00.000 042   18537.72     -618.97    43570.18    99999.00
1958-02-11 13:14:00.000 042   18554.82     -618.39    43570.66    99999.00
1958-02-11 13:15:00.000 042   18529.85     -616.76    43568.14    99999.00
1958-02-11 13:16:00.000 042   18486.97     -617.99    43561.65    99999.00
1958-02-11 13:17:00.000 042   18508.27     -617.70    43561.86    99999.00
1958-02-11 13:18:00.000 042   18492.25     -616.39    43556.03    99999.00
1958-02-11 13:19:00.000 042   18502.49     -616.79    43556.90    99999.00
1958-02-11 13:20:00.000 042   18487.42     -616.77    43556.46    99999.00
1958-02-11 13:21:00.000 042   18487.83     -615.67    43550.97    99999.00
1958-02-11 13:22:00.000 042   18475.86     -614.36    43550.38    99999.00
1958-02-11 13:23:00.000 042   18481.75     -613.72    43550.22    99999.00
1958-02-11 13:24:00.000 042   18485.82     -613.80    43544.71    99999.00
1958-02-11 13:25:00.000 042   18476.51     -614.96    43547.75    99999.00
1958-02-11 13:26:00.000 042   18482.11     -616.12    43541.04    99999.00
1958-02-11 13:27:00.000 042   18473.65     -615.19    43545.09    99999.00
1958-02-11 13:28:00.000 042   18477.25     -617.26    43536.48    99999.00
1958-02-11 13:29:00.000 042   18469.07     -616.05    43544.34    99999.00
1958-02-11 13:30:00.000 042   18468.64     -615.61    43536.30    99999.00
1958-02-11 13:31:00.000 042   18482.38     -614.87    43543.67    99999.00
1958-02-11 13:32:00.000 042   18473.58     -615.85    43539.59    99999.00
1958-02-11 13:33:00.000 042   18464.14     -615.83    43534.15    99999.00
1958-02-11 13:34:00.000 042   18468.97     -617.21    43536.62    99999.00
1958-02-11 13:35:00.000 042   18451.35     -618.72    43531.40    99999.00
1958-02-11 13:36:00.000 042   18471.64     -619.06    43531.03    99999.00
1958-02-11 13:37:00.000 042   18458.96     -620.66    43538.26    99999.00
1958-02-11 13:38:00.000 042   18471.08     -619.14    43535.22    99999.00
1958-02-11 13:39:00.000 042   18472.32     -620.60    43529.37    99999.00
1958-02-11 13:40:00.000 042   18478.80     -618.85    43534.65    99999.00
1958-02-11 13:41:00.000 042   18466.58     -618.87    43526.12    99999.00
1958-02-11 13:42:00.000 042   18478.30     -618.45    43538.66    99999.00
1958-02-11 13:43:00.000 042   18469.10     -619.24    43526.37    99999.00
1958-02-11 13:44:00.000 042   18469.89     -620.24    43536.15    99999.00
1958-02-11 13:45:00.000 042   18466.84     -619.07    43533.26    99999.00
1958-02-11 13:46:00.000 042   18482.12     -619.15    43535.32    99999.00
1958-02-11 13:47:00.000 042   18479.43     -617.49    43535.54    99999.00
1958-02-11 13:48:00.000 042   18511.73     -619.05    43536.60    99999.00
1958-02-11 13:49:00.000 042   18480.34     -618.40    43534.77    99999.00
1958-02-11 13:50:00.000 042   18489.62     -618.27    43534.53    99999.00
1958-02-11 13:51:00.000 042   18478.85     -620.42    43532.62    99999.00
1958-02-11 13:52:00.000 042   18491.72     -620.26    43536.61    99999.00
1958-02-11 13:53:00.000 042   18485.65     -619.63    43530.46    99999.00
1958-02-11 13:54:00.000 042   18469.53     -619.97    43536.07    99999.00
1958-02-11 13:55:00.000 042   18493.28     -620.92    43530.72    99999.00
1958-02-11 13:56:00.000 042   18475.95     -620.98    43532.20    99999.00
1958-02-11 13:57:00.000 042   18484.36     -621.28    43535.88    99999.00
1958-02-11 13:58:00.000 042   18469.46     -622.52    43532.23    99999.00
1958-02-11 13:59:00.000 042   18487.16     -622.45    43536.71    99999.00
1958-02-11 14:00:00.000 042   18483.16     -620.39    43533.48    99999.00
1958-02-11 14:01:00.000 042   18482.11     -620.63    43532.39    99999.00
1958-02-11 14:02:00.000 042   18493.23     -619.57    43534.66    99999.00
1958-02-11 14:03:00.000 042   18494.59     -620.51    43528.86    99999.00
1958-02-11 14:04:00.000 042   18485.92     -621.27    43534.28    99999.00
1958-02-11 14:05:00.000 042   18490.14     -620.52    43528.77    99999.00
1958-02-11 14:06:00.000 042   18497.62     -621.42    43532.16    99999.00
1958-02-11 14:07:00.000 042   18491.41     -620.83    43531.72    99999.00
1958-02-11 14:08:00.000 042   18511.06     -621.90    43535.35    99999.00
1958-02-11 14:09:00.000 042   18504.66     -621.57    43532.93    99999.00
1958-02-11 14:10:00.000 042   18506.43     -622.52    43536.77    99999.00
1958-02-11 14:11:00.000 042   18497.27     -622.82    43534.11    99999.00
1958-02-11 14:12:00.000 042   18496.24     -621.29    43530.48    99999.00
1958-02-11 14:13:00.000 042   18496.65     -622.14    43538.38    99999.00
1958-02-11 14:14:00.000 042   18506.38     -621.83    43535.41    99999.00
1958-02-11 14:15:00.000 042   18504.11     -622.95    43530.66    99999.00
1958-02-11 14:16:00.000 042   18498.42     -622.21    43534.54    99999.00
1958-02-11 14:17:00.000 042   18505.13     -621.74    43532.15    99999.00
1958-02-11 14:18:00.000 042   18509.04     -621.23    43534.47    99999.00
1958-02-11 14:19:00.000 042   18514.06     -621.02    43532.34    99999.00
1958-02-11 14:20:00.000 042   18521.16     -620.49    43536.82    99999.00
1958-02-11 14:21:00.000 042   18527.62     -620.54    43531.05    99999.00
1958-02-11 14:22:00.000 042   18520.55     -621.33    43535.93    99999.00
1958-02-11 14:23:00.000 042   18530.16     -621.73    43533.24    99999.00
1958-02-11 14:24:00.000 042   18532.05     -620.43    43539.45    99999.00
1958-02-11 14:25:00.000 042   18526.79     -620.01    43541.05    99999.00
1958-02-11 14:26:00.000 042   18532.09     -620.45    43541.74    99999.00
1958-02-11 14:27:00.000 042   18525.14     -621.17    43537.07    99999.00
1958-02-11 14:28:00.000 042   18523.16     -622.01    43534.74    99999.00
1958-02-11 14:29:00.000 042   18520.29     -622.90    43534.73    99999.00
1958-02-11 14:30:00.000 042   18528.83     -623.79    43534.26    99999.00
1958-02-11 14:31:00.000 042   18523.17     -624.55    43535.10    99999.00
1958-02-11 14:32:00.000 042   18519.91     -624.44    43533.15    99999.00
1958-02-11 14:33:00.000 042   18523.53     -625.30    43535.59    99999.00
1958-02-11 14:34:00.000 042   18524.50     -623.89    43530.14    99999.00
1958-02-11 14:35:00.000 042   18521.91     -624.45    43536.57    99999.00
1958-02-11 14:36:00.000 042   18538.17     -622.63    43537.15    99999.00
1958-02-11 14:37:00.000 042   18537.46     -622.62    43546.71    99999.00
1958-02-11 14:38:00.000 042   18536.31     -620.35    43536.71    99999.00
1958-02-11 14:39:00.000 042   18535.26     -621.69    43546.23    99999.00
1958-02-11 14:40:00.000 042   18536.22     -619.63    43543.97    99999.00
1958-02-11 14:41:00.000 042   18538.83     -621.26    43556.51    99999.00
1958-02-11 14:42:00.000 042   18535.89     -621.82    43559.10    99999.00
1958-02-11 14:43:00.000 042   18540.12     -619.62    43546.51    99999.00
1958-02-11 14:44:00.000 042   18530.46     -618.84    43564.57    99999.00
1958-02-11 14:45:00.000 042   18521.33     -617.61    43560.29    99999.00
1958-02-11 14:46:00.000 042   18510.42     -617.84    43556.63    99999.00
1958-02-11 14:47:00.000 042   18515.52     -617.77    43562.48    99999.00
1958-02-11 14:48:00.000 042   18517.84     -617.38    43560.32    99999.00
1958-02-11 14:49:00.000 042   18501.30     -616.09    43561.15    99999.00
1958-02-11 14:50:00.000 042   18514.60     -617.02    43560.15    99999.00
1958-02-11 14:51:00.000 042   18514.55     -616.89    43565.98    99999.00
1958-02-11 14:52:00.000 042   18544.45     -616.33    43562.76    99999.00
1958-02-11 14:53:00.000 042   18521.33     -615.90    43558.00    99999.00
1958-02-11 14:54:00.000 042   18499.34     -616.36    43563.13    99999.00
1958-02-11 14:55:00.000 042   18527.90     -616.86    43560.47    99999.00
1958-02-11 14:56:00.000 042   18514.11     -616.77    43554.52    99999.00
1958-02-11 14:57:00.000 042   18515.69     -616.67    43564.25    99999.00
1958-02-11 14:58:00.000 042   18526.37     -615.40    43563.11    99999.00
1958-02-11 14:59:00.000 042   18523.54     -615.83    43557.42    99999.00
1958-02-11 15:00:00.000 042   18525.10     -614.55    43556.40    99999.00
1958-02-11 15:01:00.000 042   18529.70     -615.35    43560.01    99999.00
1958-02-11 15:02:00.000 042   18538.35     -616.44    43553.91    99999.00
1958-02-11 15:03:00.000 042   18530.70     -617.44    43551.93    99999.00
1958-02-11 15:04:00.000 042   18524.96     -617.31    43555.77    99999.00
1958-02-11 15:05:00.000 042   18546.44     -618.11    43555.36    99999.00
1958-02-11 15:06:00.000 042   18525.93     -616.47    43549.14    99999.00
1958-02-11 15:07:00.000 042   18533.55     -617.57    43552.73    99999.00
1958-02-11 15:08:00.000 042   18546.27     -616.53    43551.82    99999.00
1958-02-11 15:09:00.000 042   18535.37     -617.09    43548.34    99999.00
1958-02-11 15:10:00.000 042   18534.87     -616.50    43548.36    99999.00
1958-02-11 15:11:00.000 042   18535.76     -616.50    43548.53    99999.00
1958-02-11 15:12:00.000 042   18545.31     -616.95    43546.94    99999.00
1958-02-11 15:13:00.000 042   18538.48     -616.76    43545.16    99999.00
1958-02-11 15:14:00.000 042   18545.45     -616.19    43543.43    99999.00
1958-02-11 15:15:00.000 042   18557.88     -616.21    43541.97    99999.00
1958-02-11 15:16:00.000 042   18547.86     -617.01    43541.14    99999.00
1958-02-11 15:17:00.000 042   18545.86     -617.80    43541.78    99999.00
1958-02-11 15:18:00.000 042   18545.41     -617.71    43544.07    99999.00
1958-02-11 15:19:00.000 042   18538.70     -616.56    43545.18    99999.00
1958-02-11 15:20:00.000 042   18532.43     -615.44    43544.44    99999.00
1958-02-11 15:21:00.000 042   18537.05     -615.28    43543.13    99999.00
1958-02-11 15:22:00.000 042   18536.27     -615.76    43541.85    99999.00
1958-02-11 15:23:00.000 042   18532.90     -616.20    43541.16    99999.00
1958-02-11 15:24:00.000 042   18529.42     -616.13    43541.62    99999.00
1958-02-11 15:25:00.000 042   18526.76     -615.61    43543.00    99999.00
1958-02-11 15:26:00.000 042   18526.90     -615.11    43543.70    99999.00
1958-02-11 15:27:00.000 042   18531.67     -615.01    43542.53    99999.00
1958-02-11 15:28:00.000 042   18533.22     -615.31    43544.37    99999.00
1958-02-11 15:29:00.000 042   18529.20     -615.71    43543.09    99999.00
1958-02-11 15:30:00.000 042   18523.46     -615.65    43544.75    99999.00
1958-02-11 15:31:00.000 042   18518.43     -615.06    43544.69    99999.00
1958-02-11 15:32:00.000 042   18519.05     -615.24    43542.27    99999.00
1958-02-11 15:33:00.000 042   18520.62     -615.72    43546.78    99999.00
1958-02-11 15:34:00.000 042   18521.49     -615.21    43544.98    99999.00
1958-02-11 15:35:00.000 042   18518.99     -615.44    43542.84    99999.00
1958-02-11 15:36:00.000 042   18518.02     -615.79    43541.29    99999.00
1958-02-11 15:37:00.000 042   18519.87     -616.15    43541.15    99999.00
1958-02-11 15:38:00.000 042   18522.78     -616.45    43542.76    99999.00
1958-02-11 15:39:00.000 042   18525.41     -616.62    43544.93    99999.00
1958-02-11 15:40:00.000 042   18524.30     -616.47    43545.96    99999.00
1958-02-11 15:41:00.000 042   18523.80     -616.08    43545.11    99999.00
1958-02-11 15:42:00.000 042   18519.79     -616.58    43543.23    99999.00
1958-02-11 15:43:00.000 042   18518.04     -617.41    43541.16    99999.00
1958-02-11 15:44:00.000 042   18525.62     -617.73    43539.79    99999.00
1958-02-11 15:45:00.000 042   18525.54     -617.35    43540.24    99999.00
1958-02-11 15:46:00.000 042   18525.37     -616.63    43542.16    99999.00
1958-02-11 15:47:00.000 042   18524.69     -616.05    43542.11    99999.00
1958-02-11 15:48:00.000 042   18529.27     -616.31    43542.26    99999.00
1958-02-11 15:49:00.000 042   18532.89     -616.35    43541.40    99999.00
1958-02-11 15:50:00.000 042   18532.85     -615.86    43540.22    99999.00
1958-02-11 15:51:00.000 042   18537.81     -615.87    43539.06    99999.00
1958-02-11 15:52:00.000 042   18541.37     -616.17    43538.06    99999.00
1958-02-11 15:53:00.000 042   18542.27     -616.57    43537.55    99999.00
1958-02-11 15:54:00.000 042   18540.67     -616.98    43538.51    99999.00
1958-02-11 15:55:00.000 042   18537.72     -617.33    43540.02    99999.00
1958-02-11 15:56:00.000 042   18534.28     -617.47    43538.79    99999.00
1958-02-11 15:57:00.000 042   18531.93     -617.16    43536.96    99999.00
1958-02-11 15:58:00.000 042   18534.25     -616.82    43537.58    99999.00
1958-02-11 15:59:00.000 042   18534.33     -617.13    43536.80    99999.00
1958-02-11 16:00:00.000 042   18532.52     -617.03    43535.59    99999.00
1958-02-11 16:01:00.000 042   18530.34     -617.31    43534.58    99999.00
1958-02-11 16:02:00.000 042   18528.39     -617.75    43534.19    99999.00
1958-02-11 16:03:00.000 042   18528.23     -617.94    43535.30    99999.00
1958-02-11 16:04:00.000 042   18533.07     -617.80    43537.04    99999.00
1958-02-11 16:05:00.000 042   18538.34     -618.15    43537.57    99999.00
1958-02-11 16:06:00.000 042   18539.35     -617.93    43537.02    99999.00
1958-02-11 16:07:00.000 042   18536.35     -617.85    43535.95    99999.00
1958-02-11 16:08:00.000 042   18534.55     -618.10    43534.67    99999.00
1958-02-11 16:09:00.000 042   18535.05     -618.47    43533.30    99999.00
1958-02-11 16:10:00.000 042   18532.80     -618.87    43531.96    99999.00
1958-02-11 16:11:00.000 042   18533.46     -619.27    43530.81    99999.00
1958-02-11 16:12:00.000 042   18535.09     -619.64    43530.57    99999.00
1958-02-11 16:13:00.000 042   18536.68     -619.85    43533.73    99999.00
1958-02-11 16:14:00.000 042   18537.99     -619.36    43531.47    99999.00
1958-02-11 16:15:00.000 042   18543.32     -619.70    43529.78    99999.00
1958-02-11 16:16:00.000 042   18543.45     -619.90    43534.38    99999.00
1958-02-11 16:17:00.000 042   18542.22     -620.02    43532.45    99999.00
1958-02-11 16:18:00.000 042   18541.01     -619.94    43529.98    99999.00
1958-02-11 16:19:00.000 042   18540.65     -619.66    43533.58    99999.00
1958-02-11 16:20:00.000 042   18543.25     -619.34    43532.02    99999.00
1958-02-11 16:21:00.000 042   18540.66     -619.02    43531.75    99999.00
1958-02-11 16:22:00.000 042   18540.74     -618.79    43535.00    99999.00
1958-02-11 16:23:00.000 042   18545.75     -618.98    43534.94    99999.00
1958-02-11 16:24:00.000 042   18545.23     -618.52    43533.89    99999.00
1958-02-11 16:25:00.000 042   18537.78     -617.92    43536.13    99999.00
1958-02-11 16:26:00.000 042   18549.13     -617.65    43538.33    99999.00
1958-02-11 16:27:00.000 042   18548.71     -617.78    43539.43    99999.00
1958-02-11 16:28:00.000 042   18541.51     -617.49    43538.98    99999.00
1958-02-11 16:29:00.000 042   18536.76     -617.42    43537.44    99999.00
1958-02-11 16:30:00.000 042   18540.42     -617.55    43535.45    99999.00
1958-02-11 16:31:00.000 042   18535.64     -617.63    43535.33    99999.00
1958-02-11 16:32:00.000 042   18538.05     -617.52    43537.73    99999.00
1958-02-11 16:33:00.000 042   18541.38     -617.93    43536.79    99999.00
1958-02-11 16:34:00.000 042   18537.09     -617.94    43536.21    99999.00
1958-02-11 16:35:00.000 042   18534.33     -617.50    43536.96    99999.00
1958-02-11 16:36:00.000 042   18544.41     -616.95    43539.47    99999.00
1958-02-11 16:37:00.000 042   18546.31     -616.69    43541.97    99999.00
1958-02-11 16:38:00.000 042   18545.17     -617.33    43542.36    99999.00
1958-02-11 16:39:00.000 042   18543.11     -616.95    43540.65    99999.00
1958-02-11 16:40:00.000 042   18540.95     -616.59    43538.25    99999.00
1958-02-11 16:41:00.000 042   18539.37     -617.03    43537.04    99999.00
1958-02-11 16:42:00.000 042   18540.84     -616.49    43540.87    99999.00
1958-02-11 16:43:00.000 042   18544.63     -616.02    43539.16    99999.00
1958-02-11 16:44:00.000 042   18543.35     -616.78    43540.58    99999.00
1958-02-11 16:45:00.000 042   18541.78     -616.49    43538.01    99999.00
1958-02-11 16:46:00.000 042   18541.88     -617.00    43541.91    99999.00
1958-02-11 16:47:00.000 042   18546.35     -615.63    43545.22    99999.00
1958-02-11 16:48:00.000 042   18553.51     -614.14    43541.63    99999.00
1958-02-11 16:49:00.000 042   18549.96     -614.07    43537.68    99999.00
1958-02-11 16:50:00.000 042   18548.82     -614.81    43541.16    99999.00
1958-02-11 16:51:00.000 042   18551.21     -614.91    43536.14    99999.00
1958-02-11 16:52:00.000 042   18550.50     -616.87    43533.26    99999.00
1958-02-11 16:53:00.000 042   18550.28     -615.66    43541.19    99999.00
1958-02-11 16:54:00.000 042   18553.96     -614.07    43543.36    99999.00
1958-02-11 16:55:00.000 042   18562.55     -612.87    43545.90    99999.00
1958-02-11 16:56:00.000 042   18560.73     -612.61    43543.07    99999.00
1958-02-11 16:57:00.000 042   18568.35     -613.55    43536.09    99999.00
1958-02-11 16:58:00.000 042   18554.85     -615.21    43531.00    99999.00
1958-02-11 16:59:00.000 042   18544.13     -616.59    43531.46    99999.00
1958-02-11 17:00:00.000 042   18554.24     -616.08    43536.76    99999.00
1958-02-11 17:01:00.000 042   18552.36     -614.18    43539.80    99999.00
1958-02-11 17:02:00.000 042   18548.60     -613.57    43535.87    99999.00
1958-02-11 17:03:00.000 042   18566.17     -614.58    43535.05    99999.00
1958-02-11 17:04:00.000 042   18561.85     -616.20    43527.52    99999.00
1958-02-11 17:05:00.000 042   18550.55     -617.41    43527.29    99999.00
1958-02-11 17:06:00.000 042   18563.70     -617.18    43533.58    99999.00
1958-02-11 17:07:00.000 042   18555.79     -615.90    43536.46    99999.00
1958-02-11 17:08:00.000 042   18548.80     -615.30    43533.11    99999.00
1958-02-11 17:09:00.000 042   18566.34     -615.85    43528.38    99999.00
1958-02-11 17:10:00.000 042   18570.56     -616.24    43531.74    99999.00
1958-02-11 17:11:00.000 042   18558.72     -615.03    43530.05    99999.00
1958-02-11 17:12:00.000 042   18558.09     -615.84    43525.98    99999.00
1958-02-11 17:13:00.000 042   18565.83     -616.83    43522.65    99999.00
1958-02-11 17:14:00.000 042   18559.94     -617.05    43522.82    99999.00
1958-02-11 17:15:00.000 042   18557.22     -616.23    43526.82    99999.00
1958-02-11 17:16:00.000 042   18565.89     -615.62    43525.33    99999.00
1958-02-11 17:17:00.000 042   18567.16     -615.98    43530.90    99999.00
1958-02-11 17:18:00.000 042   18561.02     -615.34    43527.10    99999.00
1958-02-11 17:19:00.000 042   18556.60     -616.66    43518.17    99999.00
1958-02-11 17:20:00.000 042   18560.40     -618.07    43512.45    99999.00
1958-02-11 17:21:00.000 042   18559.26     -618.59    43520.46    99999.00
1958-02-11 17:22:00.000 042   18555.45     -618.43    43515.70    99999.00
1958-02-11 17:23:00.000 042   18560.06     -618.47    43519.01    99999.00
1958-02-11 17:24:00.000 042   18554.53     -617.29    43523.49    99999.00
1958-02-11 17:25:00.000 042   18548.36     -616.21    43519.47    99999.00
1958-02-11 17:26:00.000 042   18549.52     -616.87    43514.51    99999.00
1958-02-11 17:27:00.000 042   18562.57     -617.75    43520.75    99999.00
1958-02-11 17:28:00.000 042   18559.51     -616.94    43520.55    99999.00
1958-02-11 17:29:00.000 042   18544.25     -616.39    43513.68    99999.00
1958-02-11 17:30:00.000 042   18539.68     -617.51    43507.90    99999.00
1958-02-11 17:31:00.000 042   18553.15     -619.67    43509.37    99999.00
1958-02-11 17:32:00.000 042   18546.63     -619.44    43523.40    99999.00
1958-02-11 17:33:00.000 042   18546.86     -617.71    43520.83    99999.00
1958-02-11 17:34:00.000 042   18552.47     -616.18    43513.19    99999.00
1958-02-11 17:35:00.000 042   18544.63     -616.96    43518.82    99999.00
1958-02-11 17:36:00.000 042   18537.34     -616.25    43514.08    99999.00
1958-02-11 17:37:00.000 042   18552.32     -617.48    43510.56    99999.00
1958-02-11 17:38:00.000 042   18553.35     -617.41    43521.32    99999.00
1958-02-11 17:39:00.000 042   18543.79     -616.98    43519.21    99999.00
1958-02-11 17:40:00.000 042   18534.78     -617.53    43514.62    99999.00
1958-02-11 17:41:00.000 042   18532.82     -617.33    43518.43    99999.00
1958-02-11 17:42:00.000 042   18556.04     -616.68    43518.26    99999.00
1958-02-11 17:43:00.000 042   18550.88     -616.48    43514.42    99999.00
1958-02-11 17:44:00.000 042   18536.13     -617.14    43515.23    99999.00
1958-02-11 17:45:00.000 042   18545.00     -615.84    43524.86    99999.00
1958-02-11 17:46:00.000 042   18540.96     -615.67    43520.45    99999.00
1958-02-11 17:47:00.000 042   18531.61     -616.64    43515.38    99999.00
1958-02-11 17:48:00.000 042   18550.81     -615.90    43520.61    99999.00
1958-02-11 17:49:00.000 042   18547.97     -616.40    43518.76    99999.00
1958-02-11 17:50:00.000 042   18537.79     -616.36    43520.84    99999.00
1958-02-11 17:51:00.000 042   18541.43     -617.42    43515.39    99999.00
1958-02-11 17:52:00.000 042   18545.89     -618.13    43512.08    99999.00
1958-02-11 17:53:00.000 042   18539.34     -617.38    43517.63    99999.00
1958-02-11 17:54:00.000 042   18534.70     -615.59    43526.18    99999.00
1958-02-11 17:55:00.000 042   18551.55     -615.25    43522.81    99999.00
1958-02-11 17:56:00.000 042   18550.62     -615.86    43517.84    99999.00
1958-02-11 17:57:00.000 042   18537.40     -616.60    43518.01    99999.00
1958-02-11 17:58:00.000 042   18548.29     -616.31    43521.73    99999.00
1958-02-11 17:59:00.000 042   18544.63     -615.82    43525.35    99999.00
1958-02-11 18:00:00.000 042   18550.83     -614.85    43522.67    99999.00
1958-02-11 18:01:00.000 042   18548.12     -617.26    43512.41    99999.00
1958-02-11 18:02:00.000 042   18541.04     -617.97    43519.24    99999.00
1958-02-11 18:03:00.000 042   18542.25     -617.84    43529.06    99999.00
1958-02-11 18:04:00.000 042   18554.50     -616.03    43524.58    99999.00
1958-02-11 18:05:00.000 042   18557.70     -615.39    43532.30    99999.00
1958-02-11 18:06:00.000 042   18552.87     -615.06    43534.43    99999.00
1958-02-11 18:07:00.000 042   18545.93     -615.15    43524.34    99999.00
1958-02-11 18:08:00.000 042   18549.99     -617.23    43520.33    99999.00
1958-02-11 18:09:00.000 042   18553.84     -615.58    43526.28    99999.00
1958-02-11 18:10:00.000 042   18555.88     -617.52    43514.85    99999.00
1958-02-11 18:11:00.000 042   18548.83     -618.57    43519.29    99999.00
1958-02-11 18:12:00.000 042   18542.57     -617.78    43522.87    99999.00
1958-02-11 18:13:00.000 042   18557.02     -616.55    43524.57    99999.00
1958-02-11 18:14:00.000 042   18556.65     -614.12    43530.90    99999.00
1958-02-11 18:15:00.000 042   18573.78     -616.56    43518.87    99999.00
1958-02-11 18:16:00.000 042   18575.73     -619.38    43513.15    99999.00
1958-02-11 18:17:00.000 042   18564.27     -618.74    43518.59    99999.00
1958-02-11 18:18:00.000 042   18557.64     -619.03    43529.31    99999.00
1958-02-11 18:19:00.000 042   18568.81     -613.64    43538.63    99999.00
1958-02-11 18:20:00.000 042   18561.11     -613.63    43535.05    99999.00
1958-02-11 18:21:00.000 042   18561.20     -615.94    43523.06    99999.00
1958-02-11 18:22:00.000 042   18564.40     -614.39    43529.93    99999.00
1958-02-11 18:23:00.000 042   18554.37     -616.13    43524.85    99999.00
1958-02-11 18:24:00.000 042   18567.07     -618.01    43520.89    99999.00
1958-02-11 18:25:00.000 042   18566.64     -617.38    43530.00    99999.00
1958-02-11 18:26:00.000 042   18555.28     -615.79    43531.18    99999.00
1958-02-11 18:27:00.000 042   18567.02     -615.32    43527.37    99999.00
1958-02-11 18:28:00.000 042   18562.62     -616.09    43522.34    99999.00
1958-02-11 18:29:00.000 042   18578.31     -617.94    43520.13    99999.00
1958-02-11 18:30:00.000 042   18573.87     -619.60    43516.28    99999.00
1958-02-11 18:31:00.000 042   18555.75     -619.65    43525.73    99999.00
1958-02-11 18:32:00.000 042   18567.72     -616.50    43522.38    99999.00
1958-02-11 18:33:00.000 042   18570.56     -620.13    43516.96    99999.00
1958-02-11 18:34:00.000 042   18563.41     -619.33    43517.97    99999.00
1958-02-11 18:35:00.000 042   18570.65     -621.44    43510.61    99999.00
1958-02-11 18:36:00.000 042   18579.54     -623.01    43512.75    99999.00
1958-02-11 18:37:00.000 042   18576.56     -621.78    43520.32    99999.00
1958-02-11 18:38:00.000 042   18564.83     -619.71    43527.93    99999.00
1958-02-11 18:39:00.000 042   18559.93     -618.33    43529.93    99999.00
1958-02-11 18:40:00.000 042   18561.78     -619.33    43524.26    99999.00
1958-02-11 18:41:00.000 042   18548.12     -619.72    43530.55    99999.00
1958-02-11 18:42:00.000 042   18556.80     -618.90    43525.98    99999.00
1958-02-11 18:43:00.000 042   18546.78     -618.71    43527.80    99999.00
1958-02-11 18:44:00.000 042   18550.84     -618.68    43535.99    99999.00
1958-02-11 18:45:00.000 042   18540.66     -616.56    43543.22    99999.00
1958-02-11 18:46:00.000 042   18529.74     -615.57    43542.26    99999.00
1958-02-11 18:47:00.000 042   18540.84     -617.91    43537.98    99999.00
1958-02-11 18:48:00.000 042   18539.12     -615.51    43541.69    99999.00
1958-02-11 18:49:00.000 042   18544.45     -616.95    43535.33    99999.00
1958-02-11 18:50:00.000 042   18538.60     -618.81    43529.93    99999.00
1958-02-11 18:51:00.000 042   18540.31     -620.06    43526.71    99999.00
1958-02-11 18:52:00.000 042   18541.81     -620.90    43526.44    99999.00
1958-02-11 18:53:00.000 042   18532.68     -621.46    43528.54    99999.00
1958-02-11 18:54:00.000 042   18529.92     -621.67    43531.89    99999.00
1958-02-11 18:55:00.000 042   18540.13     -621.26    43535.30    99999.00
1958-02-11 18:56:00.000 042   18556.81     -620.58    43536.80    99999.00
1958-02-11 18:57:00.000 042   18554.43     -621.28    43534.25    99999.00
1958-02-11 18:58:00.000 042   18567.85     -622.29    43530.64    99999.00
1958-02-11 18:59:00.000 042   18563.07     -622.38    43537.85    99999.00
1958-02-11 19:00:00.000 042   18554.99     -621.31    43535.79    99999.00
1958-02-11 19:01:00.000 042   18546.22     -621.45    43537.31    99999.00
1958-02-11 19:02:00.000 042   18538.72     -621.02    43540.12    99999.00
1958-02-11 19:03:00.000 042   18543.82     -620.22    43540.50    99999.00
1958-02-11 19:04:00.000 042   18544.45     -620.29    43541.96    99999.00
1958-02-11 19:05:00.000 042   18544.65     -620.33    43544.28    99999.00
1958-02-11 19:06:00.000 042   18546.99     -619.61    43544.65    99999.00
1958-02-11 19:07:00.000 042   18540.82     -619.69    43542.86    99999.00
1958-02-11 19:08:00.000 042   18533.32     -620.52    43539.77    99999.00
1958-02-11 19:09:00.000 042   18540.18     -621.43    43536.41    99999.00
1958-02-11 19:10:00.000 042   18539.93     -621.02    43534.61    99999.00
1958-02-11 19:11:00.000 042   18537.18     -622.36    43545.08    99999.00
1958-02-11 19:12:00.000 042   18540.04     -620.91    43543.02    99999.00
1958-02-11 19:13:00.000 042   18540.92     -621.79    43538.97    99999.00
1958-02-11 19:14:00.000 042   18542.22     -621.10    43537.06    99999.00
1958-02-11 19:15:00.000 042   18545.89     -620.21    43540.20    99999.00
1958-02-11 19:16:00.000 042   18551.60     -619.71    43536.27    99999.00
1958-02-11 19:17:00.000 042   18557.06     -621.24    43534.79    99999.00
1958-02-11 19:18:00.000 042   18560.01     -621.31    43539.85    99999.00
1958-02-11 19:19:00.000 042   18558.33     -620.51    43545.18    99999.00
1958-02-11 19:20:00.000 042   18553.73     -619.73    43545.82    99999.00
1958-02-11 19:21:00.000 042   18558.04     -619.81    43542.47    99999.00
1958-02-11 19:22:00.000 042   18571.76     -620.14    43545.56    99999.00
1958-02-11 19:23:00.000 042   18563.53     -620.12    43543.52    99999.00
1958-02-11 19:24:00.000 042   18558.13     -621.20    43543.72    99999.00
1958-02-11 19:25:00.000 042   18556.31     -621.98    43547.23    99999.00
1958-02-11 19:26:00.000 042   18557.48     -621.41    43543.59    99999.00
1958-02-11 19:27:00.000 042   18549.54     -622.61    43547.78    99999.00
1958-02-11 19:28:00.000 042   18546.75     -621.78    43545.26    99999.00
1958-02-11 19:29:00.000 042   18554.12     -622.72    43549.14    99999.00
1958-02-11 19:30:00.000 042   18557.57     -620.98    43553.82    99999.00
1958-02-11 19:31:00.000 042   18553.11     -621.29    43552.08    99999.00
1958-02-11 19:32:00.000 042   18549.54     -620.87    43556.08    99999.00
1958-02-11 19:33:00.000 042   18553.72     -620.12    43560.85    99999.00
1958-02-11 19:34:00.000 042   18549.79     -619.35    43565.20    99999.00
1958-02-11 19:35:00.000 042   18558.45     -618.09    43568.81    99999.00
1958-02-11 19:36:00.000 042   18555.30     -616.83    43571.57    99999.00
1958-02-11 19:37:00.000 042   18544.84     -615.73    43573.40    99999.00
1958-02-11 19:38:00.000 042   18550.21     -615.09    43574.27    99999.00
1958-02-11 19:39:00.000 042   18542.81     -615.22    43574.25    99999.00
1958-02-11 19:40:00.000 042   18537.63     -615.43    43573.55    99999.00
1958-02-11 19:41:00.000 042   18541.20     -616.06    43572.35    99999.00
1958-02-11 19:42:00.000 042   18533.06     -616.85    43570.77    99999.00
1958-02-11 19:43:00.000 042   18533.26     -617.64    43568.91    99999.00
1958-02-11 19:44:00.000 042   18537.27     -618.38    43566.86    99999.00
1958-02-11 19:45:00.000 042   18535.10     -619.03    43564.73    99999.00
1958-02-11 19:46:00.000 042   18538.38     -619.52    43562.65    99999.00
1958-02-11 19:47:00.000 042   18545.58     -619.80    43560.86    99999.00
1958-02-11 19:48:00.000 042   18549.38     -619.85    43559.85    99999.00
1958-02-11 19:49:00.000 042   18551.75     -619.69    43560.28    99999.00
1958-02-11 19:50:00.000 042   18558.43     -619.39    43563.61    99999.00
1958-02-11 19:51:00.000 042   18566.40     -619.07    43562.99    99999.00
1958-02-11 19:52:00.000 042   18570.77     -618.69    43566.13    99999.00
1958-02-11 19:53:00.000 042   18571.02     -618.04    43568.41    99999.00
1958-02-11 19:54:00.000 042   18573.24     -617.10    43566.82    99999.00
1958-02-11 19:55:00.000 042   18572.06     -617.06    43567.96    99999.00
1958-02-11 19:56:00.000 042   18569.49     -617.02    43565.99    99999.00
1958-02-11 19:57:00.000 042   18566.45     -616.55    43569.13    99999.00
1958-02-11 19:58:00.000 042   18563.38     -616.06    43570.81    99999.00
1958-02-11 19:59:00.000 042   18560.90     -615.67    43568.84    99999.00
1958-02-11 20:00:00.000 042   18563.11     -615.72    43566.21    99999.00
1958-02-11 20:01:00.000 042   18563.00     -616.07    43568.58    99999.00
1958-02-11 20:02:00.000 042   18560.65     -615.91    43565.15    99999.00
1958-02-11 20:03:00.000 042   18565.62     -617.47    43562.07    99999.00
1958-02-11 20:04:00.000 042   18563.58     -617.47    43566.21    99999.00
1958-02-11 20:05:00.000 042   18570.19     -617.08    43563.32    99999.00
1958-02-11 20:06:00.000 042   18566.74     -618.46    43560.81    99999.00
1958-02-11 20:07:00.000 042   18568.30     -618.14    43562.58    99999.00
1958-02-11 20:08:00.000 042   18574.78     -617.29    43566.16    99999.00
1958-02-11 20:09:00.000 042   18579.21     -618.24    43565.26    99999.00
1958-02-11 20:10:00.000 042   18575.65     -618.25    43561.70    99999.00
1958-02-11 20:11:00.000 042   18579.08     -617.07    43563.59    99999.00
1958-02-11 20:12:00.000 042   18581.74     -619.06    43561.05    99999.00
1958-02-11 20:13:00.000 042   18573.55     -618.14    43566.32    99999.00
1958-02-11 20:14:00.000 042   18577.30     -616.61    43568.94    99999.00
1958-02-11 20:15:00.000 042   18575.92     -615.62    43568.52    99999.00
1958-02-11 20:16:00.000 042   18571.21     -616.22    43566.99    99999.00
1958-02-11 20:17:00.000 042   18567.41     -616.53    43564.99    99999.00
1958-02-11 20:18:00.000 042   18572.17     -617.86    43562.77    99999.00
1958-02-11 20:19:00.000 042   18575.38     -616.57    43560.46    99999.00
1958-02-11 20:20:00.000 042   18563.44     -617.60    43558.21    99999.00
1958-02-11 20:21:00.000 042   18576.01     -619.01    43556.61    99999.00
1958-02-11 20:22:00.000 042   18565.51     -619.82    43558.94    99999.00
1958-02-11 20:23:00.000 042   18559.77     -619.41    43556.71    99999.00
1958-02-11 20:24:00.000 042   18564.19     -621.16    43554.26    99999.00
1958-02-11 20:25:00.000 042   18571.80     -620.63    43551.96    99999.00
1958-02-11 20:26:00.000 042   18572.73     -621.02    43550.03    99999.00
1958-02-11 20:27:00.000 042   18574.42     -622.49    43548.74    99999.00
1958-02-11 20:28:00.000 042   18569.52     -623.42    43548.74    99999.00
1958-02-11 20:29:00.000 042   18571.72     -623.19    43551.38    99999.00
1958-02-11 20:30:00.000 042   18571.88     -621.73    43558.05    99999.00
1958-02-11 20:31:00.000 042   18568.21     -619.05    43561.73    99999.00
1958-02-11 20:32:00.000 042   18565.43     -619.17    43559.09    99999.00
1958-02-11 20:33:00.000 042   18569.27     -619.80    43560.24    99999.00
1958-02-11 20:34:00.000 042   18568.52     -618.80    43565.04    99999.00
1958-02-11 20:35:00.000 042   18558.92     -617.06    43568.84    99999.00
1958-02-11 20:36:00.000 042   18562.85     -616.98    43569.85    99999.00
1958-02-11 20:37:00.000 042   18557.58     -615.36    43568.52    99999.00
1958-02-11 20:38:00.000 042   18550.86     -616.73    43566.08    99999.00
1958-02-11 20:39:00.000 042   18546.83     -616.52    43563.56    99999.00
1958-02-11 20:40:00.000 042   18548.10     -615.36    43566.25    99999.00
1958-02-11 20:41:00.000 042   18548.72     -614.40    43567.67    99999.00
1958-02-11 20:42:00.000 042   18550.67     -614.69    43565.09    99999.00
1958-02-11 20:43:00.000 042   18550.22     -615.22    43563.29    99999.00
1958-02-11 20:44:00.000 042   18548.24     -616.77    43564.95    99999.00
1958-02-11 20:45:00.000 042   18558.03     -614.10    43562.91    99999.00
1958-02-11 20:46:00.000 042   18560.77     -614.60    43561.57    99999.00
1958-02-11 20:47:00.000 042   18559.95     -614.72    43562.70    99999.00
1958-02-11 20:48:00.000 042   18563.45     -614.49    43561.62    99999.00
1958-02-11 20:49:00.000 042   18558.21     -614.44    43559.64    99999.00
1958-02-11 20:50:00.000 042   18552.74     -615.33    43557.70    99999.00
1958-02-11 20:51:00.000 042   18562.60     -615.15    43556.84    99999.00
1958-02-11 20:52:00.000 042   18560.13     -614.46    43558.56    99999.00
1958-02-11 20:53:00.000 042   18555.49     -615.77    43557.36    99999.00
1958-02-11 20:54:00.000 042   18557.78     -614.64    43556.16    99999.00
1958-02-11 20:55:00.000 042   18553.59     -614.55    43557.17    99999.00
1958-02-11 20:56:00.000 042   18550.78     -613.83    43558.68    99999.00
1958-02-11 20:57:00.000 042   18552.07     -613.60    43557.81    99999.00
1958-02-11 20:58:00.000 042   18555.22     -613.97    43556.12    99999.00
1958-02-11 20:59:00.000 042   18556.88     -613.96    43556.97    99999.00
1958-02-11 21:00:00.000 042   18554.65     -613.80    43555.10    99999.00
1958-02-11 21:01:00.000 042   18551.52     -614.08    43553.01    99999.00
1958-02-11 21:02:00.000 042   18552.37     -614.41    43551.01    99999.00
1958-02-11 21:03:00.000 042   18553.90     -614.68    43550.20    99999.00
1958-02-11 21:04:00.000 042   18550.88     -614.33    43552.62    99999.00
1958-02-11 21:05:00.000 042   18550.53     -614.60    43551.86    99999.00
1958-02-11 21:06:00.000 042   18552.96     -613.91    43550.74    99999.00
1958-02-11 21:07:00.000 042   18555.76     -613.36    43549.52    99999.00
1958-02-11 21:08:00.000 042   18557.24     -613.43    43548.27    99999.00
1958-02-11 21:09:00.000 042   18557.40     -613.82    43547.12    99999.00
1958-02-11 21:10:00.000 042   18558.55     -614.29    43546.55    99999.00
1958-02-11 21:11:00.000 042   18559.74     -614.24    43547.42    99999.00
1958-02-11 21:12:00.000 042   18558.27     -614.05    43545.69    99999.00
1958-02-11 21:13:00.000 042   18557.56     -614.33    43543.87    99999.00
1958-02-11 21:14:00.000 042   18563.30     -614.64    43542.32    99999.00
1958-02-11 21:15:00.000 042   18565.09     -614.73    43543.29    99999.00
1958-02-11 21:16:00.000 042   18563.39     -614.67    43541.59    99999.00
1958-02-11 21:17:00.000 042   18561.27     -615.06    43540.07    99999.00
1958-02-11 21:18:00.000 042   18559.91     -615.15    43541.01    99999.00
1958-02-11 21:19:00.000 042   18560.04     -615.01    43540.05    99999.00
1958-02-11 21:20:00.000 042   18561.65     -614.96    43538.20    99999.00
1958-02-11 21:21:00.000 042   18564.09     -615.33    43536.39    99999.00
1958-02-11 21:22:00.000 042   18566.64     -615.38    43535.04    99999.00
1958-02-11 21:23:00.000 042   18567.80     -614.72    43535.63    99999.00
1958-02-11 21:24:00.000 042   18565.86     -614.02    43538.96    99999.00
1958-02-11 21:25:00.000 042   18565.63     -613.91    43537.56    99999.00
1958-02-11 21:26:00.000 042   18566.38     -614.47    43535.92    99999.00
1958-02-11 21:27:00.000 042   18566.19     -614.31    43535.44    99999.00
1958-02-11 21:28:00.000 042   18569.27     -614.16    43536.13    99999.00
1958-02-11 21:29:00.000 042   18569.50     -614.56    43537.08    99999.00
1958-02-11 21:30:00.000 042   18567.54     -614.29    43537.43    99999.00
1958-02-11 21:31:00.000 042   18564.63     -614.26    43536.34    99999.00
1958-02-11 21:32:00.000 042   18561.50     -614.67    43533.98    99999.00
1958-02-11 21:33:00.000 042   18558.87     -614.63    43531.64    99999.00
1958-02-11 21:34:00.000 042   18559.57     -614.17    43535.53    99999.00
1958-02-11 21:35:00.000 042   18561.24     -614.10    43534.45    99999.00
1958-02-11 21:36:00.000 042   18558.43     -614.66    43532.37    99999.00
1958-02-11 21:37:00.000 042   18557.92     -614.30    43531.97    99999.00
1958-02-11 21:38:00.000 042   18559.47     -613.73    43534.26    99999.00
1958-02-11 21:39:00.000 042   18562.17     -613.22    43535.80    99999.00
1958-02-11 21:40:00.000 042   18565.75     -613.14    43533.50    99999.00
1958-02-11 21:41:00.000 042   18568.62     -613.61    43530.58    99999.00
1958-02-11 21:42:00.000 042   18565.02     -613.54    43529.26    99999.00
1958-02-11 21:43:00.000 042   18558.84     -613.16    43529.77    99999.00
1958-02-11 21:44:00.000 042   18558.84     -612.84    43531.26    99999.00
1958-02-11 21:45:00.000 042   18563.99     -613.04    43533.16    99999.00
1958-02-11 21:46:00.000 042   18561.74     -612.98    43534.92    99999.00
1958-02-11 21:47:00.000 042   18556.07     -612.13    43535.35    99999.00
1958-02-11 21:48:00.000 042   18555.08     -611.66    43535.71    99999.00
1958-02-11 21:49:00.000 042   18558.23     -612.29    43534.12    99999.00
1958-02-11 21:50:00.000 042   18559.59     -612.77    43529.78    99999.00
1958-02-11 21:51:00.000 042   18556.14     -613.16    43526.51    99999.00
1958-02-11 21:52:00.000 042   18551.40     -612.51    43528.03    99999.00
1958-02-11 21:53:00.000 042   18548.46     -611.62    43533.26    99999.00
1958-02-11 21:54:00.000 042   18548.09     -611.36    43533.05    99999.00
1958-02-11 21:55:00.000 042   18550.14     -611.83    43531.18    99999.00
1958-02-11 21:56:00.000 042   18549.71     -611.57    43531.18    99999.00
1958-02-11 21:57:00.000 042   18550.94     -611.12    43531.44    99999.00
1958-02-11 21:58:00.000 042   18553.37     -611.58    43529.83    99999.00
1958-02-11 21:59:00.000 042   18560.56     -611.90    43531.29    99999.00
1958-02-11 22:00:00.000 042   18554.53     -611.74    43530.71    99999.00
1958-02-11 22:01:00.000 042   18549.67     -612.24    43529.15    99999.00
1958-02-11 22:02:00.000 042   18548.24     -612.83    43527.39    99999.00
1958-02-11 22:03:00.000 042   18551.24     -613.13    43526.03    99999.00
1958-02-11 22:04:00.000 042   18553.48     -612.65    43528.35    99999.00
1958-02-11 22:05:00.000 042   18552.93     -612.12    43526.73    99999.00
1958-02-11 22:06:00.000 042   18551.37     -612.14    43525.29    99999.00
1958-02-11 22:07:00.000 042   18550.77     -611.65    43527.06    99999.00
1958-02-11 22:08:00.000 042   18554.92     -611.61    43525.74    99999.00
1958-02-11 22:09:00.000 042   18558.56     -612.03    43524.31    99999.00
1958-02-11 22:10:00.000 042   18561.02     -611.65    43522.96    99999.00
1958-02-11 22:11:00.000 042   18562.05     -611.72    43521.83    99999.00
1958-02-11 22:12:00.000 042   18560.98     -610.86    43521.19    99999.00
1958-02-11 22:13:00.000 042   18558.13     -611.21    43521.93    99999.00
1958-02-11 22:14:00.000 042   18556.49     -609.75    43528.65    99999.00
1958-02-11 22:15:00.000 042   18559.89     -609.46    43528.10    99999.00
1958-02-11 22:16:00.000 042   18557.25     -610.18    43528.66    99999.00
1958-02-11 22:17:00.000 042   18557.98     -607.71    43531.36    99999.00
1958-02-11 22:18:00.000 042   18557.70     -607.96    43535.01    99999.00
1958-02-11 22:19:00.000 042   18556.51     -605.63    43538.58    99999.00
1958-02-11 22:20:00.000 042   18554.68     -605.86    43539.16    99999.00
1958-02-11 22:21:00.000 042   18551.96     -604.14    43543.52    99999.00
1958-02-11 22:22:00.000 042   18547.00     -602.49    43546.88    99999.00
1958-02-11 22:23:00.000 042   18538.08     -601.48    43545.29    99999.00
1958-02-11 22:24:00.000 042   18539.44     -601.03    43545.99    99999.00
1958-02-11 22:25:00.000 042   18543.03     -600.55    43550.97    99999.00
1958-02-11 22:26:00.000 042   18542.20     -599.36    43556.69    99999.00
1958-02-11 22:27:00.000 042   18537.86     -597.40    43561.98    99999.00
1958-02-11 22:28:00.000 042   18535.28     -595.09    43566.28    99999.00
1958-02-11 22:29:00.000 042   18533.44     -593.02    43569.11    99999.00
1958-02-11 22:30:00.000 042   18534.94     -592.47    43569.92    99999.00
1958-02-11 22:31:00.000 042   18531.34     -592.70    43568.73    99999.00
1958-02-11 22:32:00.000 042   18531.36     -593.08    43565.94    99999.00
1958-02-11 22:33:00.000 042   18531.33     -593.66    43562.02    99999.00
1958-02-11 22:34:00.000 042   18529.50     -594.23    43558.36    99999.00
1958-02-11 22:35:00.000 042   18527.63     -594.44    43562.71    99999.00
1958-02-11 22:36:00.000 042   18527.08     -594.41    43562.31    99999.00
1958-02-11 22:37:00.000 042   18530.68     -595.11    43560.42    99999.00
1958-02-11 22:38:00.000 042   18529.98     -595.90    43558.05    99999.00
1958-02-11 22:39:00.000 042   18527.70     -596.73    43555.47    99999.00
1958-02-11 22:40:00.000 042   18529.47     -597.58    43552.79    99999.00
1958-02-11 22:41:00.000 042   18532.78     -598.43    43550.08    99999.00
1958-02-11 22:42:00.000 042   18531.40     -599.28    43547.39    99999.00
1958-02-11 22:43:00.000 042   18531.69     -600.12    43544.78    99999.00
1958-02-11 22:44:00.000 042   18534.05     -600.93    43542.36    99999.00
1958-02-11 22:45:00.000 042   18538.08     -601.70    43540.34    99999.00
1958-02-11 22:46:00.000 042   18543.11     -602.34    43539.15    99999.00
1958-02-11 22:47:00.000 042   18545.25     -602.36    43539.62    99999.00
1958-02-11 22:48:00.000 042   18546.39     -602.43    43541.49    99999.00
1958-02-11 22:49:00.000 042   18547.70     -602.93    43540.45    99999.00
1958-02-11 22:50:00.000 042   18547.58     -603.27    43538.82    99999.00
1958-02-11 22:51:00.000 042   18546.69     -603.06    43539.48    99999.00
1958-02-11 22:52:00.000 042   18545.47     -602.73    43540.76    99999.00
1958-02-11 22:53:00.000 042   18544.14     -602.81    43539.97    99999.00
1958-02-11 22:54:00.000 042   18542.37     -603.14    43538.42    99999.00
1958-02-11 22:55:00.000 042   18539.81     -603.56    43536.69    99999.00
1958-02-11 22:56:00.000 042   18537.06     -604.01    43535.07    99999.00
1958-02-11 22:57:00.000 042   18535.10     -604.41    43534.38    99999.00
1958-02-11 22:58:00.000 042   18535.00     -604.31    43536.67    99999.00
1958-02-11 22:59:00.000 042   18536.59     -604.52    43535.69    99999.00
1958-02-11 23:00:00.000 042   18537.83     -605.01    43534.07    99999.00
1958-02-11 23:01:00.000 042   18537.10     -605.13    43533.09    99999.00
1958-02-11 23:02:00.000 042   18536.55     -604.80    43534.91    99999.00
1958-02-11 23:03:00.000 042   18538.31     -604.27    43534.83    99999.00
1958-02-11 23:04:00.000 042   18540.27     -603.83    43533.60    99999.00
1958-02-11 23:05:00.000 042   18540.52     -604.17    43532.03    99999.00
1958-02-11 23:06:00.000 042   18539.35     -604.60    43530.36    99999.00
1958-02-11 23:07:00.000 042   18537.70     -604.77    43528.68    99999.00
1958-02-11 23:08:00.000 042   18537.08     -605.34    43527.09    99999.00
1958-02-11 23:09:00.000 042   18540.41     -605.65    43525.76    99999.00
1958-02-11 23:10:00.000 042   18542.16     -605.43    43525.27    99999.00
1958-02-11 23:11:00.000 042   18543.12     -604.97    43527.07    99999.00
1958-02-11 23:12:00.000 042   18543.52     -604.88    43525.37    99999.00
1958-02-11 23:13:00.000 042   18543.38     -605.60    43524.38    99999.00
1958-02-11 23:14:00.000 042   18543.09     -605.85    43524.74    99999.00
1958-02-11 23:15:00.000 042   18543.29     -605.67    43525.86    99999.00
1958-02-11 23:16:00.000 042   18544.83     -605.32    43527.22    99999.00
1958-02-11 23:17:00.000 042   18546.86     -604.91    43528.56    99999.00
1958-02-11 23:18:00.000 042   18546.93     -604.49    43529.53    99999.00
1958-02-11 23:19:00.000 042   18544.49     -604.14    43529.33    99999.00
1958-02-11 23:20:00.000 042   18541.45     -604.28    43527.10    99999.00
1958-02-11 23:21:00.000 042   18539.69     -604.58    43528.66    99999.00
1958-02-11 23:22:00.000 042   18540.05     -603.99    43529.20    99999.00
1958-02-11 23:23:00.000 042   18540.85     -604.18    43527.92    99999.00
1958-02-11 23:24:00.000 042   18539.70     -603.80    43527.10    99999.00
1958-02-11 23:25:00.000 042   18540.50     -603.33    43529.34    99999.00
1958-02-11 23:26:00.000 042   18542.06     -602.84    43528.79    99999.00
1958-02-11 23:27:00.000 042   18544.00     -602.37    43527.87    99999.00
1958-02-11 23:28:00.000 042   18546.16     -601.89    43528.60    99999.00
1958-02-11 23:29:00.000 042   18547.80     -601.15    43528.81    99999.00
1958-02-11 23:30:00.000 042   18545.96     -600.15    43533.28    99999.00
1958-02-11 23:31:00.000 042   18546.84     -599.08    43535.40    99999.00
1958-02-11 23:32:00.000 042   18550.32     -598.01    43534.28    99999.00
1958-02-11 23:33:00.000 042   18549.77     -597.01    43537.61    99999.00
1958-02-11 23:34:00.000 042   18547.25     -596.12    43541.47    99999.00
1958-02-11 23:35:00.000 042   18548.91     -595.34    43542.83    99999.00
1958-02-11 23:36:00.000 042   18548.49     -594.68    43541.24    99999.00
1958-02-11 23:37:00.000 042   18546.49     -594.14    43542.47    99999.00
1958-02-11 23:38:00.000 042   18543.95     -593.71    43542.98    99999.00
1958-02-11 23:39:00.000 042   18541.64     -593.60    43540.49    99999.00
1958-02-11 23:40:00.000 042   18540.91     -593.55    43542.37    99999.00
1958-02-11 23:41:00.000 042   18543.37     -593.25    43541.48    99999.00
1958-02-11 23:42:00.000 042   18541.08     -593.09    43539.79    99999.00
1958-02-11 23:43:00.000 042   18542.54     -593.18    43537.87    99999.00
1958-02-11 23:44:00.000 042   18546.73     -593.57    43535.92    99999.00
1958-02-11 23:45:00.000 042   18551.45     -594.06    43534.13    99999.00
1958-02-11 23:46:00.000 042   18551.90     -593.80    43533.93    99999.00
1958-02-11 23:47:00.000 042   18555.33     -593.60    43534.18    99999.00
1958-02-11 23:48:00.000 042   18559.03     -594.14    43531.88    99999.00
1958-02-11 23:49:00.000 042   18562.41     -594.78    43530.04    99999.00
1958-02-11 23:50:00.000 042   18565.34     -594.62    43532.00    99999.00
1958-02-11 23:51:00.000 042   18567.88     -595.70    43529.01    99999.00
1958-02-11 23:52:00.000 042   18569.96     -596.84    43525.44    99999.00
1958-02-11 23:53:00.000 042   18570.91     -597.95    43521.86    99999.00
1958-02-11 23:54:00.000 042   18571.66     -598.98    43518.93    99999.00
1958-02-11 23:55:00.000 042   18571.15     -599.84    43520.04    99999.00
1958-02-11 23:56:00.000 042   18571.11     -600.43    43517.63    99999.00
1958-02-11 23:57:00.000 042   18572.39     -600.53    43515.92    99999.00
1958-02-11 23:58:00.000 042   18573.97     -599.85    43517.16    99999.00
1958-02-11 23:59:00.000 042   18575.37     -600.69    43514.68    99999.00
1958-02-12 00:00:00.000 043   18578.53     -601.77    43512.35    99999.00
1958-02-12 00:01:00.000 043   18583.42     -602.65    43511.76    99999.00
1958-02-12 00:02:00.000 043   18585.73     -602.26    43516.97    99999.00
1958-02-12 00:03:00.000 043   18584.38     -603.75    43513.94    99999.00
1958-02-12 00:04:00.000 043   18581.32     -606.41    43509.89    99999.00
1958-02-12 00:05:00.000 043   18582.33     -607.29    43506.16    99999.00
1958-02-12 00:06:00.000 043   18579.90     -606.93    43504.27    99999.00
1958-02-12 00:07:00.000 043   18577.13     -606.14    43507.44    99999.00
1958-02-12 00:08:00.000 043   18574.59     -605.40    43507.65    99999.00
1958-02-12 00:09:00.000 043   18572.56     -604.91    43507.72    99999.00
1958-02-12 00:10:00.000 043   18571.48     -604.69    43508.67    99999.00
1958-02-12 00:11:00.000 043   18572.47     -604.80    43507.31    99999.00
1958-02-12 00:12:00.000 043   18577.97     -605.00    43509.40    99999.00
1958-02-12 00:13:00.000 043   18586.69     -604.67    43506.97    99999.00
1958-02-12 00:14:00.000 043   18587.40     -605.94    43503.55    99999.00
1958-02-12 00:15:00.000 043   18583.30     -607.24    43500.13    99999.00
1958-02-12 00:16:00.000 043   18578.24     -608.44    43496.99    99999.00
1958-02-12 00:17:00.000 043   18579.59     -609.48    43494.35    99999.00
1958-02-12 00:18:00.000 043   18578.71     -610.29    43492.49    99999.00
1958-02-12 00:19:00.000 043   18578.15     -610.77    43491.93    99999.00
1958-02-12 00:20:00.000 043   18579.04     -610.80    43493.34    99999.00
1958-02-12 00:21:00.000 043   18580.47     -610.34    43496.80    99999.00
1958-02-12 00:22:00.000 043   18582.00     -609.44    43501.56    99999.00
1958-02-12 00:23:00.000 043   18583.19     -608.19    43504.59    99999.00
1958-02-12 00:24:00.000 043   18583.14     -606.93    43503.15    99999.00
1958-02-12 00:25:00.000 043   18581.63     -607.09    43500.35    99999.00
1958-02-12 00:26:00.000 043   18579.93     -606.87    43498.74    99999.00
1958-02-12 00:27:00.000 043   18577.74     -606.87    43498.71    99999.00
1958-02-12 00:28:00.000 043   18574.27     -607.03    43499.60    99999.00
1958-02-12 00:29:00.000 043   18569.10     -606.52    43500.91    99999.00
1958-02-12 00:30:00.000 043   18564.48     -607.23    43502.34    99999.00
1958-02-12 00:31:00.000 043   18562.72     -607.01    43503.62    99999.00
1958-02-12 00:32:00.000 043   18564.55     -607.55    43504.30    99999.00
1958-02-12 00:33:00.000 043   18566.50     -608.34    43503.83    99999.00
1958-02-12 00:34:00.000 043   18561.28     -609.06    43502.43    99999.00
1958-02-12 00:35:00.000 043   18554.65     -609.61    43501.52    99999.00
1958-02-12 00:36:00.000 043   18548.44     -609.94    43502.27    99999.00
1958-02-12 00:37:00.000 043   18543.65     -610.01    43503.93    99999.00
1958-02-12 00:38:00.000 043   18540.59     -609.83    43505.68    99999.00
1958-02-12 00:39:00.000 043   18540.50     -609.48    43504.80    99999.00
1958-02-12 00:40:00.000 043   18541.40     -609.04    43505.21    99999.00
1958-02-12 00:41:00.000 043   18540.02     -608.60    43506.49    99999.00
1958-02-12 00:42:00.000 043   18540.14     -608.24    43507.56    99999.00
1958-02-12 00:43:00.000 043   18541.65     -608.14    43507.54    99999.00
1958-02-12 00:44:00.000 043   18542.10     -608.34    43505.78    99999.00
1958-02-12 00:45:00.000 043   18541.11     -608.73    43508.84    99999.00
1958-02-12 00:46:00.000 043   18542.25     -608.23    43508.89    99999.00
1958-02-12 00:47:00.000 043   18541.64     -609.96    43504.73    99999.00
1958-02-12 00:48:00.000 043   18543.83     -611.60    43501.32    99999.00
1958-02-12 00:49:00.000 043   18544.42     -612.39    43500.90    99999.00
1958-02-12 00:50:00.000 043   18543.75     -612.06    43502.77    99999.00
1958-02-12 00:51:00.000 043   18542.72     -611.37    43504.33    99999.00
1958-02-12 00:52:00.000 043   18542.04     -611.77    43502.17    99999.00
1958-02-12 00:53:00.000 043   18544.12     -611.11    43508.16    99999.00
1958-02-12 00:54:00.000 043   18544.60     -610.22    43507.52    99999.00
1958-02-12 00:55:00.000 043   18543.91     -610.56    43505.43    99999.00
1958-02-12 00:56:00.000 043   18553.57     -610.69    43504.36    99999.00
1958-02-12 00:57:00.000 043   18557.10     -610.08    43505.80    99999.00
1958-02-12 00:58:00.000 043   18554.94     -609.75    43506.33    99999.00
1958-02-12 00:59:00.000 043   18552.57     -610.06    43504.73    99999.00
1958-02-12 01:00:00.000 043   18551.80     -610.41    43504.37    99999.00
1958-02-12 01:01:00.000 043   18553.95     -610.14    43505.96    99999.00
1958-02-12 01:02:00.000 043   18553.08     -609.84    43505.79    99999.00
1958-02-12 01:03:00.000 043   18552.59     -610.01    43505.06    99999.00
1958-02-12 01:04:00.000 043   18557.60     -610.21    43504.47    99999.00
1958-02-12 01:05:00.000 043   18560.29     -610.23    43504.36    99999.00
1958-02-12 01:06:00.000 043   18558.46     -610.07    43504.85    99999.00
1958-02-12 01:07:00.000 043   18557.32     -609.78    43505.69    99999.00
1958-02-12 01:08:00.000 043   18559.05     -609.43    43506.48    99999.00
1958-02-12 01:09:00.000 043   18560.17     -609.07    43505.96    99999.00
1958-02-12 01:10:00.000 043   18560.82     -608.90    43505.77    99999.00
1958-02-12 01:11:00.000 043   18561.22     -609.08    43506.13    99999.00
1958-02-12 01:12:00.000 043   18561.43     -608.88    43505.41    99999.00
1958-02-12 01:13:00.000 043   18561.38     -609.11    43504.44    99999.00
1958-02-12 01:14:00.000 043   18560.88     -608.90    43503.81    99999.00
1958-02-12 01:15:00.000 043   18560.02     -608.63    43503.80    99999.00
1958-02-12 01:16:00.000 043   18560.82     -608.58    43504.85    99999.00
1958-02-12 01:17:00.000 043   18560.79     -608.72    43508.01    99999.00
1958-02-12 01:18:00.000 043   18559.65     -607.94    43510.30    99999.00
1958-02-12 01:19:00.000 043   18558.59     -608.13    43507.36    99999.00
1958-02-12 01:20:00.000 043   18560.28     -609.45    43504.57    99999.00
1958-02-12 01:21:00.000 043   18559.95     -608.92    43504.52    99999.00
1958-02-12 01:22:00.000 043   18557.99     -608.38    43506.11    99999.00
1958-02-12 01:23:00.000 043   18555.81     -608.53    43507.71    99999.00
1958-02-12 01:24:00.000 043   18553.74     -608.63    43507.35    99999.00
1958-02-12 01:25:00.000 043   18552.01     -608.97    43505.89    99999.00
1958-02-12 01:26:00.000 043   18550.98     -608.95    43505.83    99999.00
1958-02-12 01:27:00.000 043   18551.73     -608.66    43506.83    99999.00
1958-02-12 01:28:00.000 043   18556.80     -608.31    43508.11    99999.00
1958-02-12 01:29:00.000 043   18561.14     -608.01    43509.21    99999.00
1958-02-12 01:30:00.000 043   18558.34     -607.86    43509.38    99999.00
1958-02-12 01:31:00.000 043   18553.98     -607.89    43507.62    99999.00
1958-02-12 01:32:00.000 043   18550.50     -608.07    43507.13    99999.00
1958-02-12 01:33:00.000 043   18551.78     -608.34    43508.85    99999.00
1958-02-12 01:34:00.000 043   18553.77     -608.64    43508.01    99999.00
1958-02-12 01:35:00.000 043   18553.21     -608.77    43509.19    99999.00
1958-02-12 01:36:00.000 043   18551.81     -608.42    43510.41    99999.00
1958-02-12 01:37:00.000 043   18550.25     -608.83    43509.26    99999.00
1958-02-12 01:38:00.000 043   18549.35     -609.29    43507.83    99999.00
1958-02-12 01:39:00.000 043   18550.73     -609.37    43508.66    99999.00
1958-02-12 01:40:00.000 043   18550.41     -609.11    43507.09    99999.00
1958-02-12 01:41:00.000 043   18549.18     -609.62    43506.53    99999.00
1958-02-12 01:42:00.000 043   18548.15     -609.10    43507.37    99999.00
1958-02-12 01:43:00.000 043   18549.49     -609.41    43506.37    99999.00
1958-02-12 01:44:00.000 043   18549.27     -608.60    43509.42    99999.00
1958-02-12 01:45:00.000 043   18550.66     -607.66    43512.63    99999.00
1958-02-12 01:46:00.000 043   18553.87     -607.15    43513.65    99999.00
1958-02-12 01:47:00.000 043   18555.66     -607.51    43511.81    99999.00
1958-02-12 01:48:00.000 043   18554.62     -607.50    43513.59    99999.00
1958-02-12 01:49:00.000 043   18553.80     -606.72    43514.73    99999.00
1958-02-12 01:50:00.000 043   18553.07     -607.24    43513.34    99999.00
1958-02-12 01:51:00.000 043   18550.72     -607.95    43511.43    99999.00
1958-02-12 01:52:00.000 043   18548.54     -608.62    43509.58    99999.00
1958-02-12 01:53:00.000 043   18547.24     -609.02    43509.06    99999.00
1958-02-12 01:54:00.000 043   18548.78     -608.69    43509.74    99999.00
1958-02-12 01:55:00.000 043   18552.49     -609.94    43508.46    99999.00
1958-02-12 01:56:00.000 043   18553.61     -609.83    43512.08    99999.00
1958-02-12 01:57:00.000 043   18551.39     -609.43    43507.95    99999.00
1958-02-12 01:58:00.000 043   18552.86     -610.62    43507.32    99999.00
1958-02-12 01:59:00.000 043   18556.36     -610.02    43508.84    99999.00
1958-02-12 02:00:00.000 043   18560.14     -609.31    43510.49    99999.00
1958-02-12 02:01:00.000 043   18563.39     -608.66    43510.65    99999.00
1958-02-12 02:02:00.000 043   18562.23     -609.01    43507.43    99999.00
1958-02-12 02:03:00.000 043   18560.27     -609.14    43507.72    99999.00
1958-02-12 02:04:00.000 043   18569.27     -608.83    43509.50    99999.00
1958-02-12 02:05:00.000 043   18567.92     -608.49    43510.06    99999.00
1958-02-12 02:06:00.000 043   18576.70     -608.30    43509.49    99999.00
1958-02-12 02:07:00.000 043   18576.67     -608.65    43508.38    99999.00
1958-02-12 02:08:00.000 043   18573.76     -608.42    43507.05    99999.00
1958-02-12 02:09:00.000 043   18574.97     -608.73    43505.84    99999.00
1958-02-12 02:10:00.000 043   18574.51     -609.25    43507.07    99999.00
1958-02-12 02:11:00.000 043   18575.36     -608.99    43506.65    99999.00
1958-02-12 02:12:00.000 043   18571.59     -609.48    43505.11    99999.00
1958-02-12 02:13:00.000 043   18571.52     -609.97    43503.94    99999.00
1958-02-12 02:14:00.000 043   18574.44     -609.99    43505.01    99999.00
1958-02-12 02:15:00.000 043   18573.53     -609.68    43504.45    99999.00
1958-02-12 02:16:00.000 043   18576.22     -610.21    43502.26    99999.00
1958-02-12 02:17:00.000 043   18575.01     -610.93    43499.78    99999.00
1958-02-12 02:18:00.000 043   18575.15     -611.63    43497.52    99999.00
1958-02-12 02:19:00.000 043   18574.99     -612.22    43497.90    99999.00
1958-02-12 02:20:00.000 043   18576.95     -612.94    43494.83    99999.00
1958-02-12 02:21:00.000 043   18578.13     -614.25    43491.93    99999.00
1958-02-12 02:22:00.000 043   18577.25     -615.86    43491.02    99999.00
1958-02-12 02:23:00.000 043   18576.96     -615.72    43492.14    99999.00
1958-02-12 02:24:00.000 043   18578.12     -616.53    43491.05    99999.00
1958-02-12 02:25:00.000 043   18578.04     -616.19    43492.75    99999.00
1958-02-12 02:26:00.000 043   18576.28     -616.20    43489.09    99999.00
1958-02-12 02:27:00.000 043   18574.09     -616.97    43494.18    99999.00
1958-02-12 02:28:00.000 043   18572.40     -614.78    43497.46    99999.00
1958-02-12 02:29:00.000 043   18574.29     -615.46    43491.48    99999.00
1958-02-12 02:30:00.000 043   18572.65     -617.13    43488.00    99999.00
1958-02-12 02:31:00.000 043   18569.05     -616.63    43489.99    99999.00
1958-02-12 02:32:00.000 043   18569.54     -614.62    43495.13    99999.00
1958-02-12 02:33:00.000 043   18567.80     -612.73    43500.61    99999.00
1958-02-12 02:34:00.000 043   18565.28     -611.21    43503.68    99999.00
1958-02-12 02:35:00.000 043   18564.91     -610.58    43502.44    99999.00
1958-02-12 02:36:00.000 043   18559.49     -610.93    43499.58    99999.00
1958-02-12 02:37:00.000 043   18556.82     -611.14    43498.84    99999.00
1958-02-12 02:38:00.000 043   18569.64     -610.98    43500.63    99999.00
1958-02-12 02:39:00.000 043   18565.27     -610.61    43503.43    99999.00
1958-02-12 02:40:00.000 043   18557.62     -610.04    43505.76    99999.00
1958-02-12 02:41:00.000 043   18551.65     -609.56    43504.55    99999.00
1958-02-12 02:42:00.000 043   18549.82     -609.80    43506.38    99999.00
1958-02-12 02:43:00.000 043   18551.99     -609.34    43506.88    99999.00
1958-02-12 02:44:00.000 043   18555.69     -609.79    43505.15    99999.00
1958-02-12 02:45:00.000 043   18555.87     -610.42    43503.07    99999.00
1958-02-12 02:46:00.000 043   18553.38     -610.94    43502.06    99999.00
1958-02-12 02:47:00.000 043   18553.32     -611.22    43505.62    99999.00
1958-02-12 02:48:00.000 043   18554.84     -611.53    43504.40    99999.00
1958-02-12 02:49:00.000 043   18557.25     -612.13    43502.38    99999.00
1958-02-12 02:50:00.000 043   18560.48     -612.94    43500.12    99999.00
1958-02-12 02:51:00.000 043   18564.50     -613.82    43497.78    99999.00
1958-02-12 02:52:00.000 043   18568.40     -614.68    43495.46    99999.00
1958-02-12 02:53:00.000 043   18570.59     -615.38    43493.57    99999.00
1958-02-12 02:54:00.000 043   18570.52     -615.64    43494.77    99999.00
1958-02-12 02:55:00.000 043   18571.23     -615.20    43493.21    99999.00
1958-02-12 02:56:00.000 043   18575.47     -615.29    43491.68    99999.00
1958-02-12 02:57:00.000 043   18581.67     -615.31    43490.57    99999.00
1958-02-12 02:58:00.000 043   18586.73     -614.81    43490.37    99999.00
1958-02-12 02:59:00.000 043   18588.96     -614.94    43491.58    99999.00
1958-02-12 03:00:00.000 043   18589.32     -614.49    43493.36    99999.00
1958-02-12 03:01:00.000 043   18589.36     -614.99    43493.73    99999.00
1958-02-12 03:02:00.000 043   18591.71     -615.05    43492.10    99999.00
1958-02-12 03:03:00.000 043   18593.38     -615.92    43489.50    99999.00
1958-02-12 03:04:00.000 043   18590.82     -616.10    43486.80    99999.00
1958-02-12 03:05:00.000 043   18587.59     -615.70    43488.31    99999.00
1958-02-12 03:06:00.000 043   18584.67     -615.21    43486.99    99999.00
1958-02-12 03:07:00.000 043   18582.57     -614.84    43487.35    99999.00
1958-02-12 03:08:00.000 043   18581.97     -614.56    43488.31    99999.00
1958-02-12 03:09:00.000 043   18583.56     -614.34    43489.09    99999.00
1958-02-12 03:10:00.000 043   18586.86     -614.14    43488.22    99999.00
1958-02-12 03:11:00.000 043   18590.22     -613.95    43489.63    99999.00
1958-02-12 03:12:00.000 043   18590.56     -613.73    43489.36    99999.00
1958-02-12 03:13:00.000 043   18587.20     -613.45    43488.14    99999.00
1958-02-12 03:14:00.000 043   18582.51     -613.04    43488.54    99999.00
1958-02-12 03:15:00.000 043   18579.11     -612.37    43489.75    99999.00
1958-02-12 03:16:00.000 043   18577.22     -611.50    43491.07    99999.00
1958-02-12 03:17:00.000 043   18577.56     -610.75    43492.10    99999.00
1958-02-12 03:18:00.000 043   18576.45     -610.54    43492.35    99999.00
1958-02-12 03:19:00.000 043   18576.65     -611.05    43490.95    99999.00
1958-02-12 03:20:00.000 043   18575.89     -611.77    43487.96    99999.00
1958-02-12 03:21:00.000 043   18577.49     -611.49    43489.94    99999.00
1958-02-12 03:22:00.000 043   18577.05     -610.65    43491.11    99999.00
1958-02-12 03:23:00.000 043   18575.52     -611.42    43488.16    99999.00
1958-02-12 03:24:00.000 043   18573.99     -611.71    43485.79    99999.00
1958-02-12 03:25:00.000 043   18573.11     -610.07    43491.59    99999.00
1958-02-12 03:26:00.000 043   18573.52     -610.14    43491.79    99999.00
1958-02-12 03:27:00.000 043   18575.22     -609.50    43492.11    99999.00
1958-02-12 03:28:00.000 043   18577.09     -608.67    43493.80    99999.00
1958-02-12 03:29:00.000 043   18577.12     -608.63    43494.87    99999.00
1958-02-12 03:30:00.000 043   18574.43     -608.71    43494.40    99999.00
1958-02-12 03:31:00.000 043   18573.16     -608.69    43493.42    99999.00
1958-02-12 03:32:00.000 043   18578.40     -608.53    43492.56    99999.00
1958-02-12 03:33:00.000 043   18573.66     -608.21    43492.71    99999.00
1958-02-12 03:34:00.000 043   18567.73     -607.81    43494.66    99999.00
1958-02-12 03:35:00.000 043   18566.61     -607.54    43495.35    99999.00
1958-02-12 03:36:00.000 043   18571.21     -607.65    43494.29    99999.00
1958-02-12 03:37:00.000 043   18569.61     -608.12    43492.84    99999.00
1958-02-12 03:38:00.000 043   18570.33     -608.19    43492.59    99999.00
1958-02-12 03:39:00.000 043   18572.28     -607.82    43492.82    99999.00
1958-02-12 03:40:00.000 043   18573.68     -608.02    43493.98    99999.00
1958-02-12 03:41:00.000 043   18573.67     -607.59    43493.70    99999.00
1958-02-12 03:42:00.000 043   18572.53     -607.84    43492.66    99999.00
1958-02-12 03:43:00.000 043   18571.15     -607.30    43495.28    99999.00
1958-02-12 03:44:00.000 043   18572.57     -607.26    43494.57    99999.00
1958-02-12 03:45:00.000 043   18574.41     -607.55    43493.12    99999.00
1958-02-12 03:46:00.000 043   18573.58     -607.87    43491.91    99999.00
1958-02-12 03:47:00.000 043   18572.10     -607.93    43492.82    99999.00
1958-02-12 03:48:00.000 043   18571.26     -607.89    43493.51    99999.00
1958-02-12 03:49:00.000 043   18572.30     -608.27    43492.23    99999.00
1958-02-12 03:50:00.000 043   18571.24     -608.38    43492.11    99999.00
1958-02-12 03:51:00.000 043   18571.91     -608.11    43493.90    99999.00
1958-02-12 03:52:00.000 043   18571.03     -608.19    43493.97    99999.00
1958-02-12 03:53:00.000 043   18570.20     -608.55    43493.04    99999.00
1958-02-12 03:54:00.000 043   18572.06     -608.98    43492.07    99999.00
1958-02-12 03:55:00.000 043   18570.89     -609.39    43492.21    99999.00
1958-02-12 03:56:00.000 043   18569.00     -609.41    43493.11    99999.00
1958-02-12 03:57:00.000 043   18568.36     -609.25    43492.03    99999.00
1958-02-12 03:58:00.000 043   18569.95     -609.70    43490.76    99999.00
1958-02-12 03:59:00.000 043   18569.27     -610.10    43490.59    99999.00
1958-02-12 04:00:00.000 043   18568.05     -609.73    43494.12    99999.00
1958-02-12 04:01:00.000 043   18567.62     -609.57    43495.32    99999.00
1958-02-12 04:02:00.000 043   18568.86     -610.14    43493.85    99999.00
1958-02-12 04:03:00.000 043   18568.13     -610.73    43492.10    99999.00
1958-02-12 04:04:00.000 043   18567.65     -611.17    43491.21    99999.00
1958-02-12 04:05:00.000 043   18567.64     -611.25    43492.82    99999.00
1958-02-12 04:06:00.000 043   18567.39     -610.84    43495.12    99999.00
1958-02-12 04:07:00.000 043   18567.80     -610.31    43494.32    99999.00
1958-02-12 04:08:00.000 043   18564.78     -610.83    43492.63    99999.00
1958-02-12 04:09:00.000 043   18564.87     -610.60    43493.03    99999.00
1958-02-12 04:10:00.000 043   18566.97     -610.85    43495.54    99999.00
1958-02-12 04:11:00.000 043   18569.54     -610.14    43494.87    99999.00
1958-02-12 04:12:00.000 043   18571.84     -610.79    43492.49    99999.00
1958-02-12 04:13:00.000 043   18572.13     -611.38    43490.78    99999.00
1958-02-12 04:14:00.000 043   18570.71     -610.90    43493.62    99999.00
1958-02-12 04:15:00.000 043   18572.66     -610.17    43494.58    99999.00
1958-02-12 04:16:00.000 043   18574.75     -610.22    43491.36    99999.00
1958-02-12 04:17:00.000 043   18575.36     -610.83    43490.64    99999.00
1958-02-12 04:18:00.000 043   18573.64     -610.74    43492.45    99999.00
1958-02-12 04:19:00.000 043   18571.81     -609.58    43495.40    99999.00
1958-02-12 04:20:00.000 043   18574.32     -607.98    43498.52    99999.00
1958-02-12 04:21:00.000 043   18576.86     -606.53    43501.23    99999.00
1958-02-12 04:22:00.000 043   18575.14     -605.61    43502.97    99999.00
1958-02-12 04:23:00.000 043   18572.36     -605.41    43503.23    99999.00
1958-02-12 04:24:00.000 043   18572.33     -605.72    43502.11    99999.00
1958-02-12 04:25:00.000 043   18574.96     -606.27    43499.98    99999.00
1958-02-12 04:26:00.000 043   18571.88     -606.81    43497.46    99999.00
1958-02-12 04:27:00.000 043   18566.28     -607.05    43497.86    99999.00
1958-02-12 04:28:00.000 043   18565.86     -606.94    43498.02    99999.00
1958-02-12 04:29:00.000 043   18564.56     -606.60    43498.95    99999.00
1958-02-12 04:30:00.000 043   18561.95     -606.26    43500.87    99999.00
1958-02-12 04:31:00.000 043   18564.48     -606.19    43500.97    99999.00
1958-02-12 04:32:00.000 043   18568.83     -606.51    43499.03    99999.00
1958-02-12 04:33:00.000 043   18572.37     -607.20    43496.57    99999.00
1958-02-12 04:34:00.000 043   18573.25     -607.85    43495.25    99999.00
1958-02-12 04:35:00.000 043   18572.13     -607.75    43497.70    99999.00
1958-02-12 04:36:00.000 043   18571.11     -607.13    43501.56    99999.00
1958-02-12 04:37:00.000 043   18572.81     -606.99    43500.73    99999.00
1958-02-12 04:38:00.000 043   18571.48     -607.76    43496.88    99999.00
1958-02-12 04:39:00.000 043   18572.12     -608.77    43493.19    99999.00
1958-02-12 04:40:00.000 043   18575.00     -608.81    43496.71    99999.00
1958-02-12 04:41:00.000 043   18577.87     -607.97    43499.79    99999.00
1958-02-12 04:42:00.000 043   18579.06     -608.63    43497.01    99999.00
1958-02-12 04:43:00.000 043   18576.10     -609.56    43493.81    99999.00
1958-02-12 04:44:00.000 043   18573.46     -609.77    43492.57    99999.00
1958-02-12 04:45:00.000 043   18576.64     -609.06    43496.50    99999.00
1958-02-12 04:46:00.000 043   18581.90     -607.99    43500.06    99999.00
1958-02-12 04:47:00.000 043   18585.87     -607.38    43498.46    99999.00
1958-02-12 04:48:00.000 043   18585.29     -608.29    43495.62    99999.00
1958-02-12 04:49:00.000 043   18579.04     -607.98    43497.28    99999.00
1958-02-12 04:50:00.000 043   18575.64     -608.33    43495.45    99999.00
1958-02-12 04:51:00.000 043   18585.70     -607.59    43496.98    99999.00
1958-02-12 04:52:00.000 043   18584.73     -607.66    43499.98    99999.00
1958-02-12 04:53:00.000 043   18580.55     -606.95    43499.35    99999.00
1958-02-12 04:54:00.000 043   18576.50     -607.84    43495.92    99999.00
1958-02-12 04:55:00.000 043   18575.26     -607.27    43500.47    99999.00
1958-02-12 04:56:00.000 043   18578.76     -607.39    43494.35    99999.00
1958-02-12 04:57:00.000 043   18581.38     -608.99    43493.46    99999.00
1958-02-12 04:58:00.000 043   18578.17     -607.92    43499.96    99999.00
1958-02-12 04:59:00.000 043   18579.77     -606.48    43500.79    99999.00
1958-02-12 05:00:00.000 043   18576.59     -606.84    43497.56    99999.00
1958-02-12 05:01:00.000 043   18576.52     -607.92    43494.35    99999.00
1958-02-12 05:02:00.000 043   18580.55     -608.61    43495.14    99999.00
1958-02-12 05:03:00.000 043   18582.47     -607.38    43498.89    99999.00
1958-02-12 05:04:00.000 043   18578.40     -607.46    43496.99    99999.00
1958-02-12 05:05:00.000 043   18588.98     -607.39    43499.02    99999.00
1958-02-12 05:06:00.000 043   18582.79     -606.97    43497.25    99999.00
1958-02-12 05:07:00.000 043   18574.31     -607.36    43497.74    99999.00
1958-02-12 05:08:00.000 043   18579.86     -607.00    43497.14    99999.00
1958-02-12 05:09:00.000 043   18584.42     -607.72    43497.84    99999.00
1958-02-12 05:10:00.000 043   18582.54     -607.07    43498.20    99999.00
1958-02-12 05:11:00.000 043   18579.02     -607.28    43495.97    99999.00
1958-02-12 05:12:00.000 043   18575.95     -607.45    43497.05    99999.00
1958-02-12 05:13:00.000 043   18578.91     -607.04    43504.44    99999.00
1958-02-12 05:14:00.000 043   18577.58     -604.94    43502.48    99999.00
1958-02-12 05:15:00.000 043   18578.60     -606.76    43496.36    99999.00
1958-02-12 05:16:00.000 043   18576.89     -607.45    43496.58    99999.00
1958-02-12 05:17:00.000 043   18575.54     -606.12    43500.95    99999.00
1958-02-12 05:18:00.000 043   18577.81     -605.21    43501.31    99999.00
1958-02-12 05:19:00.000 043   18580.41     -605.36    43499.77    99999.00
1958-02-12 05:20:00.000 043   18580.75     -605.82    43498.07    99999.00
1958-02-12 05:21:00.000 043   18578.84     -605.33    43501.37    99999.00
1958-02-12 05:22:00.000 043   18580.24     -604.69    43499.62    99999.00
1958-02-12 05:23:00.000 043   18588.22     -605.55    43497.31    99999.00
1958-02-12 05:24:00.000 043   18588.94     -605.76    43499.43    99999.00
1958-02-12 05:25:00.000 043   18583.06     -605.16    43500.24    99999.00
1958-02-12 05:26:00.000 043   18581.21     -605.46    43497.99    99999.00
1958-02-12 05:27:00.000 043   18586.43     -606.51    43495.65    99999.00
1958-02-12 05:28:00.000 043   18584.71     -607.01    43494.43    99999.00
1958-02-12 05:29:00.000 043   18586.34     -606.58    43497.16    99999.00
1958-02-12 05:30:00.000 043   18584.66     -605.97    43499.65    99999.00
1958-02-12 05:31:00.000 043   18584.24     -605.66    43496.92    99999.00
1958-02-12 05:32:00.000 043   18587.57     -606.16    43492.90    99999.00
1958-02-12 05:33:00.000 043   18585.75     -607.64    43489.57    99999.00
1958-02-12 05:34:00.000 043   18588.69     -608.74    43492.04    99999.00
1958-02-12 05:35:00.000 043   18590.95     -605.67    43500.75    99999.00
1958-02-12 05:36:00.000 043   18589.14     -605.69    43496.77    99999.00
1958-02-12 05:37:00.000 043   18586.87     -607.11    43492.00    99999.00
1958-02-12 05:38:00.000 043   18584.35     -607.73    43498.31    99999.00
1958-02-12 05:39:00.000 043   18585.79     -605.81    43499.44    99999.00
1958-02-12 05:40:00.000 043   18588.88     -606.30    43496.88    99999.00
1958-02-12 05:41:00.000 043   18590.48     -607.15    43494.07    99999.00
1958-02-12 05:42:00.000 043   18586.00     -607.60    43493.42    99999.00
1958-02-12 05:43:00.000 043   18582.79     -607.53    43495.54    99999.00
1958-02-12 05:44:00.000 043   18579.53     -608.00    43492.86    99999.00
1958-02-12 05:45:00.000 043   18588.62     -608.44    43492.27    99999.00
1958-02-12 05:46:00.000 043   18589.20     -608.56    43493.70    99999.00
1958-02-12 05:47:00.000 043   18581.99     -608.25    43494.96    99999.00
1958-02-12 05:48:00.000 043   18590.02     -607.86    43495.08    99999.00
1958-02-12 05:49:00.000 043   18590.03     -607.86    43494.32    99999.00
1958-02-12 05:50:00.000 043   18588.10     -608.22    43493.15    99999.00
1958-02-12 05:51:00.000 043   18586.32     -608.51    43491.97    99999.00
1958-02-12 05:52:00.000 043   18586.93     -607.96    43491.56    99999.00
1958-02-12 05:53:00.000 043   18589.20     -607.90    43495.86    99999.00
1958-02-12 05:54:00.000 043   18588.09     -606.64    43504.89    99999.00
1958-02-12 05:55:00.000 043   18585.60     -606.74    43494.42    99999.00
1958-02-12 05:56:00.000 043   18587.63     -611.12    43482.81    99999.00
1958-02-12 05:57:00.000 043   18587.11     -614.92    43475.27    99999.00
1958-02-12 05:58:00.000 043   18588.43     -609.91    43497.21    99999.00
1958-02-12 05:59:00.000 043   18587.70     -608.68    43493.67    99999.00
1958-02-12 06:00:00.000 043   18586.09     -608.13    43495.04    99999.00
1958-02-12 06:01:00.000 043   18583.59     -607.67    43492.28    99999.00
1958-02-12 06:02:00.000 043   18582.55     -608.14    43494.91    99999.00
1958-02-12 06:03:00.000 043   18593.75     -607.57    43496.25    99999.00
1958-02-12 06:04:00.000 043   18611.21     -608.14    43493.19    99999.00
1958-02-12 06:05:00.000 043   18606.87     -608.86    43491.95    99999.00
1958-02-12 06:06:00.000 043   18590.23     -607.98    43495.28    99999.00
1958-02-12 06:07:00.000 043   18573.74     -607.87    43495.65    99999.00
1958-02-12 06:08:00.000 043   18589.58     -608.49    43486.31    99999.00
1958-02-12 06:09:00.000 043   18585.47     -609.68    43492.78    99999.00
1958-02-12 06:10:00.000 043   18589.33     -608.25    43499.51    99999.00
1958-02-12 06:11:00.000 043   18585.70     -607.12    43497.10    99999.00
1958-02-12 06:12:00.000 043   18593.65     -608.96    43490.09    99999.00
1958-02-12 06:13:00.000 043   18592.78     -610.15    43488.39    99999.00
1958-02-12 06:14:00.000 043   18594.18     -609.63    43492.28    99999.00
1958-02-12 06:15:00.000 043   18597.62     -609.08    43493.14    99999.00
1958-02-12 06:16:00.000 043   18594.62     -609.48    43490.56    99999.00
1958-02-12 06:17:00.000 043   18598.68     -610.70    43486.93    99999.00
1958-02-12 06:18:00.000 043   18584.57     -611.06    43487.72    99999.00
1958-02-12 06:19:00.000 043   18596.99     -610.09    43493.92    99999.00
1958-02-12 06:20:00.000 043   18605.68     -608.91    43495.57    99999.00
1958-02-12 06:21:00.000 043   18601.84     -609.59    43493.34    99999.00
1958-02-12 06:22:00.000 043   18593.42     -609.29    43490.24    99999.00
1958-02-12 06:23:00.000 043   18592.30     -610.04    43491.02    99999.00
1958-02-12 06:24:00.000 043   18594.10     -609.50    43491.37    99999.00
1958-02-12 06:25:00.000 043   18597.10     -609.57    43493.30    99999.00
1958-02-12 06:26:00.000 043   18593.19     -608.91    43492.12    99999.00
1958-02-12 06:27:00.000 043   18588.29     -609.62    43490.71    99999.00
1958-02-12 06:28:00.000 043   18588.55     -609.68    43490.30    99999.00
1958-02-12 06:29:00.000 043   18594.38     -608.12    43494.12    99999.00
1958-02-12 06:30:00.000 043   18595.86     -606.16    43498.30    99999.00
1958-02-12 06:31:00.000 043   18591.61     -607.91    43489.76    99999.00
1958-02-12 06:32:00.000 043   18588.74     -611.27    43485.31    99999.00
1958-02-12 06:33:00.000 043   18587.10     -610.46    43492.56    99999.00
1958-02-12 06:34:00.000 043   18587.01     -607.94    43493.09    99999.00
1958-02-12 06:35:00.000 043   18588.94     -609.44    43483.38    99999.00
1958-02-12 06:36:00.000 043   18588.47     -610.26    43503.98    99999.00
1958-02-12 06:37:00.000 043   18587.39     -606.83    43502.71    99999.00
1958-02-12 06:38:00.000 043   18586.02     -607.23    43490.89    99999.00
1958-02-12 06:39:00.000 043   18601.89     -612.14    43481.87    99999.00
1958-02-12 06:40:00.000 043   18597.19     -610.34    43491.32    99999.00
1958-02-12 06:41:00.000 043   18588.87     -609.45    43492.24    99999.00
1958-02-12 06:42:00.000 043   18582.88     -608.73    43494.99    99999.00
1958-02-12 06:43:00.000 043   18591.24     -608.91    43493.89    99999.00
1958-02-12 06:44:00.000 043   18584.64     -607.86    43495.06    99999.00
1958-02-12 06:45:00.000 043   18574.54     -608.13    43497.04    99999.00
1958-02-12 06:46:00.000 043   18598.07     -607.47    43492.97    99999.00
1958-02-12 06:47:00.000 043   18594.93     -609.06    43489.59    99999.00
1958-02-12 06:48:00.000 043   18579.96     -608.89    43494.26    99999.00
1958-02-12 06:49:00.000 043   18577.63     -606.66    43500.07    99999.00
1958-02-12 06:50:00.000 043   18582.45     -607.73    43493.23    99999.00
1958-02-12 06:51:00.000 043   18588.55     -609.38    43492.34    99999.00
1958-02-12 06:52:00.000 043   18588.89     -607.01    43499.05    99999.00
1958-02-12 06:53:00.000 043   18586.42     -608.41    43488.95    99999.00
1958-02-12 06:54:00.000 043   18586.82     -610.34    43488.89    99999.00
1958-02-12 06:55:00.000 043   18591.93     -610.05    43493.02    99999.00
1958-02-12 06:56:00.000 043   18588.91     -609.24    43492.28    99999.00
1958-02-12 06:57:00.000 043   18582.73     -608.83    43489.09    99999.00
1958-02-12 06:58:00.000 043   18600.09     -608.38    43487.08    99999.00
1958-02-12 06:59:00.000 043   18598.74     -607.29    43496.27    99999.00
1958-02-12 07:00:00.000 043   18591.17     -610.03    43489.30    99999.00
1958-02-12 07:01:00.000 043   18600.59     -609.20    43491.88    99999.00
1958-02-12 07:02:00.000 043   18596.27     -609.46    43491.09    99999.00
1958-02-12 07:03:00.000 043   18584.61     -608.91    43497.57    99999.00
1958-02-12 07:04:00.000 043   18581.78     -608.23    43491.75    99999.00
1958-02-12 07:05:00.000 043   18588.04     -608.93    43494.82    99999.00
1958-02-12 07:06:00.000 043   18579.39     -607.72    43496.94    99999.00
1958-02-12 07:07:00.000 043   18577.66     -608.00    43493.97    99999.00
1958-02-12 07:08:00.000 043   18592.71     -607.45    43490.69    99999.00
1958-02-12 07:09:00.000 043   18579.13     -608.88    43491.47    99999.00
1958-02-12 07:10:00.000 043   18576.31     -607.41    43495.93    99999.00
1958-02-12 07:11:00.000 043   18581.35     -607.67    43492.11    99999.00
1958-02-12 07:12:00.000 043   18579.85     -608.90    43491.99    99999.00
1958-02-12 07:13:00.000 043   18593.04     -608.49    43494.69    99999.00
1958-02-12 07:14:00.000 043   18581.29     -607.43    43495.88    99999.00
1958-02-12 07:15:00.000 043   18585.31     -608.32    43494.05    99999.00
1958-02-12 07:16:00.000 043   18589.98     -606.92    43497.06    99999.00
1958-02-12 07:17:00.000 043   18579.02     -606.73    43495.00    99999.00
1958-02-12 07:18:00.000 043   18579.25     -607.59    43491.01    99999.00
1958-02-12 07:19:00.000 043   18584.92     -608.42    43489.81    99999.00
1958-02-12 07:20:00.000 043   18581.71     -608.20    43494.36    99999.00
1958-02-12 07:21:00.000 043   18588.23     -607.28    43492.06    99999.00
1958-02-12 07:22:00.000 043   18586.67     -607.02    43483.09    99999.00
1958-02-12 07:23:00.000 043   18587.45     -609.12    43475.85    99999.00
1958-02-12 07:24:00.000 043   18593.12     -610.77    43486.53    99999.00
1958-02-12 07:25:00.000 043   18586.82     -611.35    43490.17    99999.00
1958-02-12 07:26:00.000 043   18589.66     -610.91    43490.23    99999.00
1958-02-12 07:27:00.000 043   18592.06     -609.25    43489.26    99999.00
1958-02-12 07:28:00.000 043   18585.16     -607.93    43491.40    99999.00
1958-02-12 07:29:00.000 043   18592.31     -608.22    43491.56    99999.00
1958-02-12 07:30:00.000 043   18596.47     -609.60    43488.05    99999.00
1958-02-12 07:31:00.000 043   18585.39     -610.25    43488.50    99999.00
1958-02-12 07:32:00.000 043   18560.36     -607.83    43491.87    99999.00
1958-02-12 07:33:00.000 043   18545.85     -607.09    43492.79    99999.00
1958-02-12 07:34:00.000 043   18569.25     -607.57    43491.19    99999.00
1958-02-12 07:35:00.000 043   18589.17     -607.20    43489.51    99999.00
1958-02-12 07:36:00.000 043   18582.02     -607.69    43490.85    99999.00
1958-02-12 07:37:00.000 043   18570.98     -607.23    43492.32    99999.00
1958-02-12 07:38:00.000 043   18575.96     -606.76    43489.26    99999.00
1958-02-12 07:39:00.000 043   18581.64     -608.23    43489.04    99999.00
1958-02-12 07:40:00.000 043   18579.33     -608.35    43494.03    99999.00
1958-02-12 07:41:00.000 043   18574.25     -606.29    43492.96    99999.00
1958-02-12 07:42:00.000 043   18570.09     -606.29    43490.77    99999.00
1958-02-12 07:43:00.000 043   18573.95     -607.67    43493.14    99999.00
1958-02-12 07:44:00.000 043   18568.64     -607.77    43489.72    99999.00
1958-02-12 07:45:00.000 043   18564.06     -606.83    43493.63    99999.00
1958-02-12 07:46:00.000 043   18565.44     -607.30    43490.45    99999.00
1958-02-12 07:47:00.000 043   18571.04     -608.85    43488.31    99999.00
1958-02-12 07:48:00.000 043   18566.74     -609.92    43488.52    99999.00
1958-02-12 07:49:00.000 043   18579.44     -609.62    43490.45    99999.00
1958-02-12 07:50:00.000 043   18569.46     -608.40    43492.92    99999.00
1958-02-12 07:51:00.000 043   18563.50     -607.50    43494.58    99999.00
1958-02-12 07:52:00.000 043   18569.55     -607.03    43493.37    99999.00
1958-02-12 07:53:00.000 043   18575.03     -607.50    43493.64    99999.00
1958-02-12 07:54:00.000 043   18569.78     -606.88    43495.16    99999.00
1958-02-12 07:55:00.000 043   18571.37     -606.60    43494.02    99999.00
1958-02-12 07:56:00.000 043   18575.46     -607.26    43492.25    99999.00
1958-02-12 07:57:00.000 043   18577.59     -608.17    43490.87    99999.00
1958-02-12 07:58:00.000 043   18576.27     -608.07    43492.40    99999.00
1958-02-12 07:59:00.000 043   18573.35     -607.73    43490.89    99999.00
1958-02-12 08:00:00.000 043   18574.75     -608.34    43489.68    99999.00
1958-02-12 08:01:00.000 043   18573.05     -608.68    43490.73    99999.00
1958-02-12 08:02:00.000 043   18571.46     -607.42    43493.60    99999.00
1958-02-12 08:03:00.000 043   18573.22     -607.11    43493.29    99999.00
1958-02-12 08:04:00.000 043   18577.37     -607.68    43491.50    99999.00
1958-02-12 08:05:00.000 043   18575.16     -608.28    43490.05    99999.00
1958-02-12 08:06:00.000 043   18576.24     -608.08    43492.63    99999.00
1958-02-12 08:07:00.000 043   18577.73     -607.79    43490.72    99999.00
1958-02-12 08:08:00.000 043   18577.80     -608.93    43488.74    99999.00
1958-02-12 08:09:00.000 043   18575.15     -609.41    43488.28    99999.00
1958-02-12 08:10:00.000 043   18574.85     -608.91    43490.35    99999.00
1958-02-12 08:11:00.000 043   18576.28     -607.96    43493.40    99999.00
1958-02-12 08:12:00.000 043   18576.00     -607.11    43492.37    99999.00
1958-02-12 08:13:00.000 043   18574.77     -607.50    43492.91    99999.00
1958-02-12 08:14:00.000 043   18576.16     -607.15    43491.26    99999.00
1958-02-12 08:15:00.000 043   18578.32     -607.61    43489.43    99999.00
1958-02-12 08:16:00.000 043   18579.39     -608.23    43488.08    99999.00
1958-02-12 08:17:00.000 043   18578.75     -608.86    43488.70    99999.00
1958-02-12 08:18:00.000 043   18577.20     -609.06    43490.60    99999.00
1958-02-12 08:19:00.000 043   18575.83     -608.69    43489.03    99999.00
1958-02-12 08:20:00.000 043   18576.58     -609.07    43491.18    99999.00
1958-02-12 08:21:00.000 043   18578.27     -608.18    43490.41    99999.00
1958-02-12 08:22:00.000 043   18577.67     -609.26    43487.82    99999.00
1958-02-12 08:23:00.000 043   18577.93     -610.21    43486.40    99999.00
1958-02-12 08:24:00.000 043   18575.72     -609.43    43489.33    99999.00
1958-02-12 08:25:00.000 043   18574.85     -608.64    43490.54    99999.00
1958-02-12 08:26:00.000 043   18576.14     -609.28    43488.28    99999.00
1958-02-12 08:27:00.000 043   18577.71     -610.19    43486.84    99999.00
1958-02-12 08:28:00.000 043   18577.04     -609.69    43488.73    99999.00
1958-02-12 08:29:00.000 043   18576.65     -609.97    43487.58    99999.00
1958-02-12 08:30:00.000 043   18577.12     -609.75    43490.18    99999.00
1958-02-12 08:31:00.000 043   18576.02     -609.10    43491.09    99999.00
1958-02-12 08:32:00.000 043   18574.92     -608.88    43489.63    99999.00
1958-02-12 08:33:00.000 043   18575.42     -609.37    43487.55    99999.00
1958-02-12 08:34:00.000 043   18576.04     -609.69    43489.61    99999.00
1958-02-12 08:35:00.000 043   18575.42     -609.38    43488.02    99999.00
1958-02-12 08:36:00.000 043   18574.42     -609.79    43488.17    99999.00
1958-02-12 08:37:00.000 043   18573.36     -609.56    43489.98    99999.00
1958-02-12 08:38:00.000 043   18572.40     -609.04    43490.96    99999.00
1958-02-12 08:39:00.000 043   18572.14     -608.74    43490.19    99999.00
1958-02-12 08:40:00.000 043   18573.19     -609.07    43488.82    99999.00
1958-02-12 08:41:00.000 043   18572.22     -609.57    43488.46    99999.00
1958-02-12 08:42:00.000 043   18570.70     -609.02    43490.62    99999.00
1958-02-12 08:43:00.000 043   18569.09     -608.85    43491.41    99999.00
1958-02-12 08:44:00.000 043   18567.89     -608.29    43490.27    99999.00
1958-02-12 08:45:00.000 043   18568.16     -608.76    43488.57    99999.00
1958-02-12 08:46:00.000 043   18570.35     -609.52    43486.96    99999.00
1958-02-12 08:47:00.000 043   18570.92     -609.97    43486.39    99999.00
1958-02-12 08:48:00.000 043   18568.88     -609.55    43488.43    99999.00
1958-02-12 08:49:00.000 043   18568.60     -609.25    43487.90    99999.00
1958-02-12 08:50:00.000 043   18569.81     -609.57    43488.42    99999.00
1958-02-12 08:51:00.000 043   18568.56     -609.25    43489.51    99999.00
1958-02-12 08:52:00.000 043   18568.26     -609.01    43488.06    99999.00
1958-02-12 08:53:00.000 043   18570.18     -609.43    43486.21    99999.00
1958-02-12 08:54:00.000 043   18567.33     -610.04    43484.93    99999.00
1958-02-12 08:55:00.000 043   18568.42     -610.46    43484.60    99999.00
1958-02-12 08:56:00.000 043   18566.96     -610.16    43485.09    99999.00
1958-02-12 08:57:00.000 043   18566.68     -610.37    43486.02    99999.00
1958-02-12 08:58:00.000 043   18567.89     -609.98    43487.04    99999.00
1958-02-12 08:59:00.000 043   18567.58     -610.30    43487.70    99999.00
1958-02-12 09:00:00.000 043   18569.40     -610.19    43487.26    99999.00
1958-02-12 09:01:00.000 043   18569.02     -610.08    43486.13    99999.00
1958-02-12 09:02:00.000 043   18567.06     -610.05    43488.17    99999.00
1958-02-12 09:03:00.000 043   18565.60     -609.67    43486.34    99999.00
1958-02-12 09:04:00.000 043   18564.94     -609.90    43481.73    99999.00
1958-02-12 09:05:00.000 043   18564.71     -611.85    43481.68    99999.00
1958-02-12 09:06:00.000 043   18564.69     -611.69    43490.22    99999.00
1958-02-12 09:07:00.000 043   18564.94     -608.07    43496.61    99999.00
1958-02-12 09:08:00.000 043   18566.25     -605.02    43497.80    99999.00
1958-02-12 09:09:00.000 043   18566.03     -603.93    43495.81    99999.00
1958-02-12 09:10:00.000 043   18564.90     -604.47    43492.44    99999.00
1958-02-12 09:11:00.000 043   18563.95     -605.86    43488.44    99999.00
1958-02-12 09:12:00.000 043   18564.30     -607.49    43484.32    99999.00
1958-02-12 09:13:00.000 043   18564.80     -608.98    43480.89    99999.00
1958-02-12 09:14:00.000 043   18563.91     -609.47    43481.43    99999.00
1958-02-12 09:15:00.000 043   18567.41     -609.60    43485.21    99999.00
1958-02-12 09:16:00.000 043   18581.33     -608.19    43483.50    99999.00
1958-02-12 09:17:00.000 043   18578.19     -608.68    43479.98    99999.00
1958-02-12 09:18:00.000 043   18569.74     -612.07    43473.63    99999.00
1958-02-12 09:19:00.000 043   18565.44     -614.87    43469.09    99999.00
1958-02-12 09:20:00.000 043   18562.39     -612.82    43473.56    99999.00
1958-02-12 09:21:00.000 043   18555.74     -613.63    43469.97    99999.00
1958-02-12 09:22:00.000 043   18561.04     -615.03    43469.80    99999.00
1958-02-12 09:23:00.000 043   18570.53     -614.63    43473.24    99999.00
1958-02-12 09:24:00.000 043   18576.67     -614.76    43472.87    99999.00
1958-02-12 09:25:00.000 043   18577.14     -615.00    43475.20    99999.00
1958-02-12 09:26:00.000 043   18573.11     -615.07    43473.47    99999.00
1958-02-12 09:27:00.000 043   18568.67     -615.27    43474.13    99999.00
1958-02-12 09:28:00.000 043   18569.66     -614.69    43475.76    99999.00
1958-02-12 09:29:00.000 043   18569.40     -614.39    43474.93    99999.00
1958-02-12 09:30:00.000 043   18566.06     -614.74    43473.68    99999.00
1958-02-12 09:31:00.000 043   18563.78     -614.55    43472.84    99999.00
1958-02-12 09:32:00.000 043   18564.46     -614.72    43473.01    99999.00
1958-02-12 09:33:00.000 043   18567.07     -614.17    43474.29    99999.00
1958-02-12 09:34:00.000 043   18569.38     -613.58    43476.08    99999.00
1958-02-12 09:35:00.000 043   18571.04     -613.18    43477.09    99999.00
1958-02-12 09:36:00.000 043   18572.29     -613.33    43475.56    99999.00
1958-02-12 09:37:00.000 043   18572.44     -614.05    43475.38    99999.00
1958-02-12 09:38:00.000 043   18571.60     -613.55    43476.92    99999.00
1958-02-12 09:39:00.000 043   18571.17     -613.19    43475.64    99999.00
1958-02-12 09:40:00.000 043   18568.98     -612.96    43477.21    99999.00
1958-02-12 09:41:00.000 043   18566.77     -612.81    43478.15    99999.00
1958-02-12 09:42:00.000 043   18564.83     -612.78    43477.56    99999.00
1958-02-12 09:43:00.000 043   18563.43     -612.96    43476.34    99999.00
1958-02-12 09:44:00.000 043   18562.59     -613.30    43475.01    99999.00
1958-02-12 09:45:00.000 043   18562.36     -613.25    43474.17    99999.00
1958-02-12 09:46:00.000 043   18563.09     -613.47    43475.85    99999.00
1958-02-12 09:47:00.000 043   18562.79     -613.60    43474.20    99999.00
1958-02-12 09:48:00.000 043   18561.74     -613.38    43474.64    99999.00
1958-02-12 09:49:00.000 043   18562.38     -613.05    43476.21    99999.00
1958-02-12 09:50:00.000 043   18562.21     -612.80    43477.51    99999.00
1958-02-12 09:51:00.000 043   18561.66     -612.80    43477.54    99999.00
1958-02-12 09:52:00.000 043   18560.79     -613.30    43475.81    99999.00
1958-02-12 09:53:00.000 043   18559.49     -614.04    43474.05    99999.00
1958-02-12 09:54:00.000 043   18558.41     -613.68    43476.47    99999.00
1958-02-12 09:55:00.000 043   18559.28     -613.68    43476.67    99999.00
1958-02-12 09:56:00.000 043   18558.69     -613.31    43475.90    99999.00
1958-02-12 09:57:00.000 043   18557.75     -613.58    43474.80    99999.00
1958-02-12 09:58:00.000 043   18558.57     -614.03    43473.51    99999.00
1958-02-12 09:59:00.000 043   18557.13     -614.19    43473.16    99999.00
1958-02-12 10:00:00.000 043   18558.94     -614.55    43474.58    99999.00
