 Format                 IAGA-2002                                        |
 Source of Data         British Geological Survey                        |
 Station Name           Lerwick                                          |
 IAGA Code              LER                                              |
 Geodetic Latitude      60.138                                           |
 Geodetic Longitude     358.817                                          |
 Elevation              85.0                                             |
 Reported               HDZF                                             |
 Sensor Orientation                                                      |
 Digital Sampling                                                        |
 Data Interval Type     1-minute                                         |
 Data Type              quasi definitive                                 |
 # Digitised using Engauge Digitizer from BGS magnetogram                |
 # photographs of the Feb 1958 geomagnetic storm.                        |
 # Missing data are denoted by 99999.00                                  |
DATE       TIME         DOY   LERH        LERD        LERZ        LERF   |
1958-02-10 09:02:00.000 041   14494.44     -596.37    47229.95    99999.00
1958-02-10 09:03:00.000 041   14496.25     -596.08    47230.12    99999.00
1958-02-10 09:04:00.000 041   14497.85     -595.83    47230.44    99999.00
1958-02-10 09:05:00.000 041   14499.09     -595.63    47230.75    99999.00
1958-02-10 09:06:00.000 041   14499.85     -595.51    47231.07    99999.00
1958-02-10 09:07:00.000 041   14500.07     -595.47    47231.37    99999.00
1958-02-10 09:08:00.000 041   14499.75     -595.52    47231.68    99999.00
1958-02-10 09:09:00.000 041   14499.10     -595.64    47231.98    99999.00
1958-02-10 09:10:00.000 041   14498.35     -595.80    47232.27    99999.00
1958-02-10 09:11:00.000 041   14497.66     -595.99    47232.55    99999.00
1958-02-10 09:12:00.000 041   14497.17     -596.18    47232.82    99999.00
1958-02-10 09:13:00.000 041   14496.95     -596.35    47233.07    99999.00
1958-02-10 09:14:00.000 041   14497.08     -596.47    47233.31    99999.00
1958-02-10 09:15:00.000 041   14497.54     -596.48    47233.54    99999.00
1958-02-10 09:16:00.000 041   14498.26     -596.38    47233.74    99999.00
1958-02-10 09:17:00.000 041   14499.13     -596.20    47233.91    99999.00
1958-02-10 09:18:00.000 041   14500.08     -596.06    47234.05    99999.00
1958-02-10 09:19:00.000 041   14501.02     -596.09    47234.16    99999.00
1958-02-10 09:20:00.000 041   14501.90     -596.23    47234.24    99999.00
1958-02-10 09:21:00.000 041   14502.61     -596.17    47234.28    99999.00
1958-02-10 09:22:00.000 041   14503.05     -596.14    47234.29    99999.00
1958-02-10 09:23:00.000 041   14503.04     -596.22    47234.26    99999.00
1958-02-10 09:24:00.000 041   14502.47     -596.34    47234.20    99999.00
1958-02-10 09:25:00.000 041   14501.38     -596.46    47234.12    99999.00
1958-02-10 09:26:00.000 041   14499.85     -596.59    47234.01    99999.00
1958-02-10 09:27:00.000 041   14498.13     -596.71    47233.89    99999.00
1958-02-10 09:28:00.000 041   14496.97     -596.84    47233.76    99999.00
1958-02-10 09:29:00.000 041   14497.60     -596.95    47233.63    99999.00
1958-02-10 09:30:00.000 041   14499.51     -597.05    47233.48    99999.00
1958-02-10 09:31:00.000 041   14498.24     -597.07    47233.31    99999.00
1958-02-10 09:32:00.000 041   14498.35     -596.73    47233.12    99999.00
1958-02-10 09:33:00.000 041   14498.65     -596.83    47232.90    99999.00
1958-02-10 09:34:00.000 041   14498.46     -596.94    47232.64    99999.00
1958-02-10 09:35:00.000 041   14498.05     -597.01    47232.38    99999.00
1958-02-10 09:36:00.000 041   14497.52     -596.97    47232.17    99999.00
1958-02-10 09:37:00.000 041   14496.93     -596.86    47232.09    99999.00
1958-02-10 09:38:00.000 041   14496.31     -596.86    47232.21    99999.00
1958-02-10 09:39:00.000 041   14495.67     -596.92    47232.58    99999.00
1958-02-10 09:40:00.000 041   14495.02     -596.98    47233.10    99999.00
1958-02-10 09:41:00.000 041   14494.37     -596.97    47233.66    99999.00
1958-02-10 09:42:00.000 041   14493.72     -596.90    47234.15    99999.00
1958-02-10 09:43:00.000 041   14493.08     -596.84    47234.47    99999.00
1958-02-10 09:44:00.000 041   14492.46     -596.87    47234.53    99999.00
1958-02-10 09:45:00.000 041   14491.88     -596.92    47234.34    99999.00
1958-02-10 09:46:00.000 041   14491.34     -596.91    47233.96    99999.00
1958-02-10 09:47:00.000 041   14490.88     -596.82    47233.49    99999.00
1958-02-10 09:48:00.000 041   14490.56     -596.90    47233.02    99999.00
1958-02-10 09:49:00.000 041   14490.53     -596.84    47232.64    99999.00
1958-02-10 09:50:00.000 041   14491.20     -596.68    47232.49    99999.00
1958-02-10 09:51:00.000 041   14493.74     -596.51    47232.60    99999.00
1958-02-10 09:52:00.000 041   14492.35     -596.38    47232.91    99999.00
1958-02-10 09:53:00.000 041   14490.74     -596.33    47233.33    99999.00
1958-02-10 09:54:00.000 041   14490.40     -596.36    47233.80    99999.00
1958-02-10 09:55:00.000 041   14490.67     -596.46    47234.27    99999.00
1958-02-10 09:56:00.000 041   14489.68     -596.57    47234.72    99999.00
1958-02-10 09:57:00.000 041   14492.72     -596.66    47235.17    99999.00
1958-02-10 09:58:00.000 041   14490.37     -596.71    47235.60    99999.00
1958-02-10 09:59:00.000 041   14488.87     -596.70    47236.00    99999.00
1958-02-10 10:00:00.000 041   14489.17     -596.63    47236.38    99999.00
1958-02-10 10:01:00.000 041   14490.34     -596.53    47236.70    99999.00
1958-02-10 10:02:00.000 041   14491.80     -596.43    47236.89    99999.00
1958-02-10 10:03:00.000 041   14493.30     -596.33    47236.75    99999.00
1958-02-10 10:04:00.000 041   14494.73     -596.26    47236.52    99999.00
1958-02-10 10:05:00.000 041   14495.98     -596.23    47236.71    99999.00
1958-02-10 10:06:00.000 041   14496.97     -596.24    47237.02    99999.00
1958-02-10 10:07:00.000 041   14497.60     -596.31    47237.37    99999.00
1958-02-10 10:08:00.000 041   14497.78     -596.42    47237.73    99999.00
1958-02-10 10:09:00.000 041   14497.49     -596.56    47238.06    99999.00
1958-02-10 10:10:00.000 041   14496.82     -596.71    47238.36    99999.00
1958-02-10 10:11:00.000 041   14495.82     -596.86    47238.60    99999.00
1958-02-10 10:12:00.000 041   14494.59     -596.98    47238.76    99999.00
1958-02-10 10:13:00.000 041   14493.24     -597.01    47238.84    99999.00
1958-02-10 10:14:00.000 041   14491.99     -596.87    47238.86    99999.00
1958-02-10 10:15:00.000 041   14491.40     -596.77    47238.84    99999.00
1958-02-10 10:16:00.000 041   14492.19     -596.92    47238.83    99999.00
1958-02-10 10:17:00.000 041   14493.33     -597.05    47238.86    99999.00
1958-02-10 10:18:00.000 041   14493.33     -597.09    47238.93    99999.00
1958-02-10 10:19:00.000 041   14492.72     -597.07    47238.98    99999.00
1958-02-10 10:20:00.000 041   14491.87     -597.00    47238.93    99999.00
1958-02-10 10:21:00.000 041   14490.95     -596.91    47238.59    99999.00
1958-02-10 10:22:00.000 041   14490.02     -596.82    47237.94    99999.00
1958-02-10 10:23:00.000 041   14489.14     -596.72    47237.50    99999.00
1958-02-10 10:24:00.000 041   14488.36     -596.64    47237.46    99999.00
1958-02-10 10:25:00.000 041   14487.66     -596.59    47237.64    99999.00
1958-02-10 10:26:00.000 041   14487.06     -596.67    47237.95    99999.00
1958-02-10 10:27:00.000 041   14486.57     -596.93    47238.36    99999.00
1958-02-10 10:28:00.000 041   14486.23     -596.94    47238.85    99999.00
1958-02-10 10:29:00.000 041   14486.25     -596.82    47239.34    99999.00
1958-02-10 10:30:00.000 041   14487.17     -596.69    47239.57    99999.00
1958-02-10 10:31:00.000 041   14486.89     -596.62    47239.42    99999.00
1958-02-10 10:32:00.000 041   14485.99     -596.64    47238.99    99999.00
1958-02-10 10:33:00.000 041   14485.44     -596.75    47238.50    99999.00
1958-02-10 10:34:00.000 041   14485.69     -596.86    47238.06    99999.00
1958-02-10 10:35:00.000 041   14486.80     -596.80    47237.79    99999.00
1958-02-10 10:36:00.000 041   14487.94     -596.64    47237.82    99999.00
1958-02-10 10:37:00.000 041   14488.58     -596.55    47238.29    99999.00
1958-02-10 10:38:00.000 041   14488.66     -596.55    47239.10    99999.00
1958-02-10 10:39:00.000 041   14488.31     -596.62    47239.98    99999.00
1958-02-10 10:40:00.000 041   14487.72     -596.71    47240.33    99999.00
1958-02-10 10:41:00.000 041   14487.02     -596.80    47239.81    99999.00
1958-02-10 10:42:00.000 041   14486.29     -596.87    47239.20    99999.00
1958-02-10 10:42:00.000 041   14485.59     -596.91    47239.63    99999.00
1958-02-10 10:43:00.000 041   14485.04     -596.91    47240.36    99999.00
1958-02-10 10:44:00.000 041   14484.90     -596.89    47240.81    99999.00
1958-02-10 10:45:00.000 041   14485.58     -596.84    47240.98    99999.00
1958-02-10 10:46:00.000 041   14486.97     -596.78    47240.97    99999.00
1958-02-10 10:47:00.000 041   14486.96     -596.73    47240.87    99999.00
1958-02-10 10:48:00.000 041   14486.10     -596.69    47240.72    99999.00
1958-02-10 10:49:00.000 041   14485.43     -596.68    47240.53    99999.00
1958-02-10 10:50:00.000 041   14485.11     -596.72    47240.32    99999.00
1958-02-10 10:51:00.000 041   14485.16     -596.80    47240.10    99999.00
1958-02-10 10:52:00.000 041   14485.49     -596.91    47239.88    99999.00
1958-02-10 10:53:00.000 041   14486.00     -597.00    47239.66    99999.00
1958-02-10 10:54:00.000 041   14486.61     -597.05    47239.47    99999.00
1958-02-10 10:55:00.000 041   14487.26     -597.04    47239.31    99999.00
1958-02-10 10:56:00.000 041   14487.93     -596.99    47239.19    99999.00
1958-02-10 10:57:00.000 041   14488.54     -596.92    47239.14    99999.00
1958-02-10 10:58:00.000 041   14489.00     -596.85    47239.23    99999.00
1958-02-10 10:59:00.000 041   14489.03     -596.82    47239.60    99999.00
1958-02-10 11:00:00.000 041   14487.97     -596.83    47240.35    99999.00
1958-02-10 11:01:00.000 041   14488.50     -596.91    47240.49    99999.00
1958-02-10 11:02:00.000 041   14488.32     -597.02    47239.37    99999.00
1958-02-10 11:03:00.000 041   14486.68     -597.13    47238.97    99999.00
1958-02-10 11:04:00.000 041   14486.81     -597.20    47239.81    99999.00
1958-02-10 11:05:00.000 041   14487.65     -597.16    47240.84    99999.00
1958-02-10 11:06:00.000 041   14487.07     -597.01    47241.24    99999.00
1958-02-10 11:07:00.000 041   14485.74     -596.87    47240.76    99999.00
1958-02-10 11:08:00.000 041   14484.55     -596.85    47239.85    99999.00
1958-02-10 11:09:00.000 041   14483.76     -596.95    47238.95    99999.00
1958-02-10 11:10:00.000 041   14483.43     -597.06    47238.81    99999.00
1958-02-10 11:11:00.000 041   14483.50     -597.12    47239.44    99999.00
1958-02-10 11:12:00.000 041   14483.80     -597.09    47239.68    99999.00
1958-02-10 11:13:00.000 041   14484.25     -596.99    47239.46    99999.00
1958-02-10 11:14:00.000 041   14484.75     -596.89    47239.07    99999.00
1958-02-10 11:15:00.000 041   14485.23     -596.85    47238.61    99999.00
1958-02-10 11:16:00.000 041   14485.55     -596.93    47238.15    99999.00
1958-02-10 11:17:00.000 041   14485.21     -597.05    47237.76    99999.00
1958-02-10 11:18:00.000 041   14483.83     -597.08    47237.51    99999.00
1958-02-10 11:19:00.000 041   14483.55     -597.04    47237.39    99999.00
1958-02-10 11:20:00.000 041   14484.10     -596.99    47237.41    99999.00
1958-02-10 11:21:00.000 041   14484.89     -596.99    47237.52    99999.00
1958-02-10 11:22:00.000 041   14485.75     -597.06    47237.67    99999.00
1958-02-10 11:23:00.000 041   14486.61     -597.15    47237.83    99999.00
1958-02-10 11:24:00.000 041   14487.38     -597.22    47237.99    99999.00
1958-02-10 11:25:00.000 041   14487.96     -597.18    47238.16    99999.00
1958-02-10 11:26:00.000 041   14488.10     -597.08    47238.32    99999.00
1958-02-10 11:27:00.000 041   14487.50     -597.19    47238.48    99999.00
1958-02-10 11:28:00.000 041   14486.72     -597.18    47238.62    99999.00
1958-02-10 11:29:00.000 041   14486.98     -597.07    47238.70    99999.00
1958-02-10 11:30:00.000 041   14488.09     -597.04    47238.70    99999.00
1958-02-10 11:31:00.000 041   14489.49     -597.08    47238.57    99999.00
1958-02-10 11:32:00.000 041   14490.93     -597.16    47238.39    99999.00
1958-02-10 11:33:00.000 041   14492.21     -597.28    47238.29    99999.00
1958-02-10 11:34:00.000 041   14493.01     -597.41    47238.53    99999.00
1958-02-10 11:35:00.000 041   14492.58     -597.54    47239.09    99999.00
1958-02-10 11:36:00.000 041   14490.72     -597.67    47238.84    99999.00
1958-02-10 11:37:00.000 041   14491.57     -597.80    47237.73    99999.00
1958-02-10 11:38:00.000 041   14494.10     -597.89    47236.96    99999.00
1958-02-10 11:39:00.000 041   14495.36     -597.88    47237.60    99999.00
1958-02-10 11:40:00.000 041   14495.09     -597.75    47238.25    99999.00
1958-02-10 11:41:00.000 041   14494.08     -597.86    47237.21    99999.00
1958-02-10 11:42:00.000 041   14492.95     -598.06    47235.72    99999.00
1958-02-10 11:43:00.000 041   14492.23     -598.24    47235.01    99999.00
1958-02-10 11:44:00.000 041   14492.71     -598.39    47235.59    99999.00
1958-02-10 11:45:00.000 041   14494.41     -598.44    47236.74    99999.00
1958-02-10 11:46:00.000 041   14495.93     -598.36    47236.31    99999.00
1958-02-10 11:47:00.000 041   14496.11     -598.28    47235.81    99999.00
1958-02-10 11:48:00.000 041   14495.25     -598.33    47235.97    99999.00
1958-02-10 11:49:00.000 041   14494.01     -598.48    47235.23    99999.00
1958-02-10 11:50:00.000 041   14492.84     -598.60    47234.25    99999.00
1958-02-10 11:51:00.000 041   14492.62     -598.61    47233.50    99999.00
1958-02-10 11:52:00.000 041   14494.13     -598.51    47233.93    99999.00
1958-02-10 11:53:00.000 041   14494.55     -598.38    47234.24    99999.00
1958-02-10 11:54:00.000 041   14493.57     -598.32    47233.35    99999.00
1958-02-10 11:55:00.000 041   14492.37     -598.38    47232.80    99999.00
1958-02-10 11:56:00.000 041   14491.44     -598.50    47233.20    99999.00
1958-02-10 11:57:00.000 041   14491.12     -598.57    47234.15    99999.00
1958-02-10 11:58:00.000 041   14491.68     -598.40    47234.74    99999.00
1958-02-10 11:59:00.000 041   14492.87     -598.23    47233.72    99999.00
1958-02-10 12:00:00.000 041   14494.17     -598.23    47233.13    99999.00
1958-02-10 12:01:00.000 041   14495.11     -598.31    47232.93    99999.00
1958-02-10 12:02:00.000 041   14495.31     -598.40    47232.10    99999.00
1958-02-10 12:03:00.000 041   14494.72     -598.49    47231.51    99999.00
1958-02-10 12:04:00.000 041   14493.65     -598.55    47231.51    99999.00
1958-02-10 12:05:00.000 041   14492.37     -598.57    47232.13    99999.00
1958-02-10 12:06:00.000 041   14491.09     -598.53    47232.88    99999.00
1958-02-10 12:07:00.000 041   14489.98     -598.45    47233.18    99999.00
1958-02-10 12:08:00.000 041   14489.18     -598.34    47232.68    99999.00
1958-02-10 12:09:00.000 041   14488.78     -598.20    47231.87    99999.00
1958-02-10 12:10:00.000 041   14488.73     -598.06    47231.32    99999.00
1958-02-10 12:11:00.000 041   14488.99     -597.93    47231.32    99999.00
1958-02-10 12:12:00.000 041   14489.52     -597.82    47231.78    99999.00
1958-02-10 12:13:00.000 041   14490.31     -597.75    47232.62    99999.00
1958-02-10 12:14:00.000 041   14491.35     -597.72    47234.24    99999.00
1958-02-10 12:15:00.000 041   14492.62     -597.73    47233.85    99999.00
1958-02-10 12:16:00.000 041   14494.08     -597.77    47232.93    99999.00
1958-02-10 12:17:00.000 041   14495.55     -597.84    47232.24    99999.00
1958-02-10 12:18:00.000 041   14496.80     -597.93    47232.00    99999.00
1958-02-10 12:19:00.000 041   14497.60     -598.04    47232.15    99999.00
1958-02-10 12:20:00.000 041   14497.74     -598.17    47232.36    99999.00
1958-02-10 12:21:00.000 041   14497.29     -598.31    47232.21    99999.00
1958-02-10 12:22:00.000 041   14496.47     -598.44    47232.02    99999.00
1958-02-10 12:23:00.000 041   14495.45     -598.54    47232.02    99999.00
1958-02-10 12:24:00.000 041   14494.52     -598.60    47232.15    99999.00
1958-02-10 12:25:00.000 041   14494.54     -598.62    47232.38    99999.00
1958-02-10 12:26:00.000 041   14495.63     -598.59    47232.71    99999.00
1958-02-10 12:27:00.000 041   14494.84     -598.52    47233.13    99999.00
1958-02-10 12:28:00.000 041   14493.64     -598.43    47233.63    99999.00
1958-02-10 12:29:00.000 041   14492.68     -598.32    47234.14    99999.00
1958-02-10 12:30:00.000 041   14492.29     -598.22    47234.61    99999.00
1958-02-10 12:31:00.000 041   14492.68     -598.15    47234.87    99999.00
1958-02-10 12:32:00.000 041   14493.61     -598.23    47234.52    99999.00
1958-02-10 12:33:00.000 041   14494.70     -598.42    47234.44    99999.00
1958-02-10 12:34:00.000 041   14495.32     -598.52    47235.00    99999.00
1958-02-10 12:35:00.000 041   14494.54     -598.56    47235.17    99999.00
1958-02-10 12:36:00.000 041   14493.30     -598.56    47234.51    99999.00
1958-02-10 12:37:00.000 041   14495.02     -598.53    47234.69    99999.00
1958-02-10 12:38:00.000 041   14495.01     -598.48    47235.65    99999.00
1958-02-10 12:39:00.000 041   14493.30     -598.43    47235.65    99999.00
1958-02-10 12:40:00.000 041   14495.22     -598.37    47235.20    99999.00
1958-02-10 12:41:00.000 041   14495.96     -598.30    47234.71    99999.00
1958-02-10 12:42:00.000 041   14494.86     -598.23    47234.38    99999.00
1958-02-10 12:43:00.000 041   14493.36     -598.16    47234.44    99999.00
1958-02-10 12:44:00.000 041   14492.23     -598.09    47235.04    99999.00
1958-02-10 12:45:00.000 041   14492.94     -598.02    47236.03    99999.00
1958-02-10 12:46:00.000 041   14493.87     -597.95    47237.10    99999.00
1958-02-10 12:47:00.000 041   14493.44     -597.88    47237.75    99999.00
1958-02-10 12:48:00.000 041   14492.43     -597.81    47237.76    99999.00
1958-02-10 12:49:00.000 041   14491.26     -597.74    47237.03    99999.00
1958-02-10 12:50:00.000 041   14490.13     -597.67    47235.89    99999.00
1958-02-10 12:51:00.000 041   14489.38     -597.61    47235.93    99999.00
1958-02-10 12:52:00.000 041   14490.55     -597.55    47237.21    99999.00
1958-02-10 12:53:00.000 041   14490.06     -597.50    47236.07    99999.00
1958-02-10 12:54:00.000 041   14489.28     -597.46    47235.24    99999.00
1958-02-10 12:55:00.000 041   14489.26     -597.42    47237.01    99999.00
1958-02-10 12:56:00.000 041   14489.68     -597.40    47236.42    99999.00
1958-02-10 12:57:00.000 041   14490.41     -597.40    47235.24    99999.00
1958-02-10 12:58:00.000 041   14491.32     -597.41    47234.39    99999.00
1958-02-10 12:59:00.000 041   14492.34     -597.45    47235.26    99999.00
1958-02-10 13:00:00.000 041   14493.42     -597.52    47236.49    99999.00
1958-02-10 13:01:00.000 041   14494.54     -597.62    47236.84    99999.00
1958-02-10 13:02:00.000 041   14495.68     -597.77    47236.86    99999.00
1958-02-10 13:03:00.000 041   14496.82     -597.90    47236.78    99999.00
1958-02-10 13:04:00.000 041   14497.94     -597.84    47236.71    99999.00
1958-02-10 13:05:00.000 041   14499.01     -597.81    47236.75    99999.00
1958-02-10 13:06:00.000 041   14500.02     -597.93    47236.95    99999.00
1958-02-10 13:07:00.000 041   14500.89     -598.10    47237.35    99999.00
1958-02-10 13:08:00.000 041   14501.52     -598.26    47238.00    99999.00
1958-02-10 13:09:00.000 041   14501.74     -598.37    47238.89    99999.00
1958-02-10 13:10:00.000 041   14501.34     -598.39    47239.93    99999.00
1958-02-10 13:11:00.000 041   14500.47     -598.29    47240.98    99999.00
1958-02-10 13:12:00.000 041   14500.61     -598.17    47241.86    99999.00
1958-02-10 13:13:00.000 041   14501.65     -598.22    47242.42    99999.00
1958-02-10 13:14:00.000 041   14502.78     -598.38    47242.68    99999.00
1958-02-10 13:15:00.000 041   14503.55     -598.43    47242.69    99999.00
1958-02-10 13:16:00.000 041   14503.52     -598.24    47242.72    99999.00
1958-02-10 13:17:00.000 041   14502.27     -598.40    47243.17    99999.00
1958-02-10 13:18:00.000 041   14500.60     -598.48    47243.76    99999.00
1958-02-10 13:19:00.000 041   14499.38     -598.47    47244.19    99999.00
1958-02-10 13:20:00.000 041   14498.84     -598.40    47244.33    99999.00
1958-02-10 13:21:00.000 041   14498.89     -598.30    47244.16    99999.00
1958-02-10 13:22:00.000 041   14499.41     -598.20    47243.76    99999.00
1958-02-10 13:23:00.000 041   14500.25     -598.09    47243.13    99999.00
1958-02-10 13:24:00.000 041   14501.28     -597.99    47242.35    99999.00
1958-02-10 13:25:00.000 041   14502.44     -597.90    47241.99    99999.00
1958-02-10 13:26:00.000 041   14503.68     -597.83    47241.93    99999.00
1958-02-10 13:27:00.000 041   14504.97     -597.80    47241.98    99999.00
1958-02-10 13:28:00.000 041   14506.29     -597.81    47242.08    99999.00
1958-02-10 13:29:00.000 041   14507.60     -597.88    47242.19    99999.00
1958-02-10 13:30:00.000 041   14508.87     -598.01    47242.33    99999.00
1958-02-10 13:31:00.000 041   14510.04     -598.20    47242.49    99999.00
1958-02-10 13:32:00.000 041   14511.00     -598.45    47242.59    99999.00
1958-02-10 13:33:00.000 041   14511.52     -598.65    47242.37    99999.00
1958-02-10 13:34:00.000 041   14511.09     -598.44    47241.62    99999.00
1958-02-10 13:35:00.000 041   14508.55     -598.44    47242.30    99999.00
1958-02-10 13:36:00.000 041   14508.33     -598.55    47243.21    99999.00
1958-02-10 13:37:00.000 041   14509.44     -598.67    47243.80    99999.00
1958-02-10 13:38:00.000 041   14510.10     -598.80    47243.77    99999.00
1958-02-10 13:39:00.000 041   14509.68     -598.92    47243.29    99999.00
1958-02-10 13:40:00.000 041   14508.57     -598.99    47242.98    99999.00
1958-02-10 13:41:00.000 041   14507.53     -598.91    47243.82    99999.00
1958-02-10 13:42:00.000 041   14506.91     -598.67    47244.72    99999.00
1958-02-10 13:43:00.000 041   14506.79     -598.84    47244.96    99999.00
1958-02-10 13:44:00.000 041   14507.11     -598.47    47244.88    99999.00
1958-02-10 13:45:00.000 041   14507.73     -598.76    47244.62    99999.00
1958-02-10 13:46:00.000 041   14508.53     -598.99    47244.21    99999.00
1958-02-10 13:47:00.000 041   14509.44     -599.02    47243.70    99999.00
1958-02-10 13:48:00.000 041   14510.41     -598.88    47243.26    99999.00
1958-02-10 13:49:00.000 041   14511.38     -598.67    47243.23    99999.00
1958-02-10 13:50:00.000 041   14512.27     -598.54    47243.51    99999.00
1958-02-10 13:51:00.000 041   14512.85     -598.79    47243.55    99999.00
1958-02-10 13:52:00.000 041   14512.57     -598.97    47243.30    99999.00
1958-02-10 13:53:00.000 041   14511.69     -598.96    47242.92    99999.00
1958-02-10 13:54:00.000 041   14511.55     -598.89    47242.55    99999.00
1958-02-10 13:55:00.000 041   14511.89     -598.81    47242.32    99999.00
1958-02-10 13:56:00.000 041   14512.39     -598.73    47242.54    99999.00
1958-02-10 13:57:00.000 041   14512.97     -598.67    47243.29    99999.00
1958-02-10 13:58:00.000 041   14513.56     -598.63    47243.80    99999.00
1958-02-10 13:59:00.000 041   14514.12     -598.60    47243.90    99999.00
1958-02-10 14:00:00.000 041   14514.56     -598.60    47243.91    99999.00
1958-02-10 14:01:00.000 041   14514.59     -598.61    47244.05    99999.00
1958-02-10 14:02:00.000 041   14513.76     -598.64    47244.79    99999.00
1958-02-10 14:03:00.000 041   14513.70     -598.67    47245.45    99999.00
1958-02-10 14:04:00.000 041   14514.39     -598.70    47244.66    99999.00
1958-02-10 14:05:00.000 041   14515.29     -598.73    47244.67    99999.00
1958-02-10 14:06:00.000 041   14516.24     -598.76    47245.67    99999.00
1958-02-10 14:07:00.000 041   14517.17     -598.78    47246.08    99999.00
1958-02-10 14:08:00.000 041   14518.04     -598.77    47245.86    99999.00
1958-02-10 14:09:00.000 041   14518.76     -598.73    47245.43    99999.00
1958-02-10 14:10:00.000 041   14519.16     -598.64    47244.98    99999.00
1958-02-10 14:11:00.000 041   14518.70     -598.54    47244.71    99999.00
1958-02-10 14:12:00.000 041   14517.13     -598.56    47244.76    99999.00
1958-02-10 14:13:00.000 041   14517.54     -598.64    47245.15    99999.00
1958-02-10 14:14:00.000 041   14519.31     -598.59    47245.78    99999.00
1958-02-10 14:15:00.000 041   14521.37     -598.39    47246.46    99999.00
1958-02-10 14:16:00.000 041   14523.44     -598.20    47247.07    99999.00
1958-02-10 14:17:00.000 041   14525.29     -598.30    47247.58    99999.00
1958-02-10 14:18:00.000 041   14526.43     -598.51    47248.12    99999.00
1958-02-10 14:19:00.000 041   14525.99     -598.54    47248.84    99999.00
1958-02-10 14:20:00.000 041   14524.77     -598.46    47250.03    99999.00
1958-02-10 14:21:00.000 041   14525.57     -598.35    47250.99    99999.00
1958-02-10 14:22:00.000 041   14526.78     -598.21    47250.48    99999.00
1958-02-10 14:23:00.000 041   14527.53     -598.07    47249.78    99999.00
1958-02-10 14:24:00.000 041   14527.68     -597.92    47251.28    99999.00
1958-02-10 14:25:00.000 041   14527.29     -597.79    47251.31    99999.00
1958-02-10 14:26:00.000 041   14526.58     -597.67    47250.61    99999.00
1958-02-10 14:27:00.000 041   14525.70     -597.56    47250.27    99999.00
1958-02-10 14:28:00.000 041   14524.76     -597.46    47250.37    99999.00
1958-02-10 14:29:00.000 041   14523.87     -597.38    47250.87    99999.00
1958-02-10 14:30:00.000 041   14523.15     -597.32    47251.98    99999.00
1958-02-10 14:31:00.000 041   14522.84     -597.28    47254.22    99999.00
1958-02-10 14:32:00.000 041   14523.24     -597.27    47253.88    99999.00
1958-02-10 14:33:00.000 041   14524.38     -597.32    47252.67    99999.00
1958-02-10 14:34:00.000 041   14525.33     -597.44    47251.76    99999.00
1958-02-10 14:35:00.000 041   14524.31     -597.35    47252.01    99999.00
1958-02-10 14:36:00.000 041   14522.42     -597.25    47252.43    99999.00
1958-02-10 14:37:00.000 041   14522.34     -597.28    47252.64    99999.00
1958-02-10 14:38:00.000 041   14524.44     -597.40    47252.73    99999.00
1958-02-10 14:39:00.000 041   14523.85     -597.53    47252.76    99999.00
1958-02-10 14:40:00.000 041   14522.23     -597.63    47252.73    99999.00
1958-02-10 14:41:00.000 041   14522.20     -597.62    47252.63    99999.00
1958-02-10 14:42:00.000 041   14523.85     -597.55    47252.41    99999.00
1958-02-10 14:43:00.000 041   14525.39     -597.55    47252.27    99999.00
1958-02-10 14:44:00.000 041   14525.90     -597.67    47252.50    99999.00
1958-02-10 14:45:00.000 041   14525.39     -597.85    47252.90    99999.00
1958-02-10 14:46:00.000 041   14524.41     -598.02    47253.32    99999.00
1958-02-10 14:47:00.000 041   14523.39     -598.14    47253.70    99999.00
1958-02-10 14:48:00.000 041   14522.72     -598.18    47254.02    99999.00
1958-02-10 14:49:00.000 041   14522.94     -598.16    47254.39    99999.00
1958-02-10 14:50:00.000 041   14524.33     -598.10    47254.93    99999.00
1958-02-10 14:51:00.000 041   14526.31     -598.00    47255.55    99999.00
1958-02-10 14:52:00.000 041   14527.46     -597.89    47255.98    99999.00
1958-02-10 14:53:00.000 041   14526.82     -597.77    47255.97    99999.00
1958-02-10 14:54:00.000 041   14525.65     -597.66    47255.81    99999.00
1958-02-10 14:55:00.000 041   14527.45     -597.55    47256.09    99999.00
1958-02-10 14:56:00.000 041   14528.22     -597.45    47256.87    99999.00
1958-02-10 14:57:00.000 041   14526.90     -597.36    47257.68    99999.00
1958-02-10 14:58:00.000 041   14526.29     -597.29    47258.14    99999.00
1958-02-10 14:59:00.000 041   14527.49     -597.24    47257.86    99999.00
1958-02-10 15:00:00.000 041   14529.63     -597.23    47257.08    99999.00
1958-02-10 15:01:00.000 041   14530.24     -597.30    47256.46    99999.00
1958-02-10 15:02:00.000 041   14528.29     -597.46    47256.54    99999.00
1958-02-10 15:03:00.000 041   14528.68     -597.51    47257.30    99999.00
1958-02-10 15:04:00.000 041   14530.76     -597.34    47258.30    99999.00
1958-02-10 15:05:00.000 041   14532.80     -597.31    47259.16    99999.00
1958-02-10 15:06:00.000 041   14533.75     -597.44    47259.46    99999.00
1958-02-10 15:07:00.000 041   14532.78     -597.57    47259.12    99999.00
1958-02-10 15:08:00.000 041   14530.55     -597.63    47258.53    99999.00
1958-02-10 15:09:00.000 041   14532.25     -597.61    47258.19    99999.00
1958-02-10 15:10:00.000 041   14532.23     -597.53    47258.40    99999.00
1958-02-10 15:11:00.000 041   14530.81     -597.42    47258.98    99999.00
1958-02-10 15:12:00.000 041   14529.21     -597.30    47259.71    99999.00
1958-02-10 15:13:00.000 041   14528.90     -597.19    47260.41    99999.00
1958-02-10 15:14:00.000 041   14532.82     -597.11    47260.94    99999.00
1958-02-10 15:15:00.000 041   14535.32     -597.06    47261.37    99999.00
1958-02-10 15:16:00.000 041   14537.32     -597.08    47261.82    99999.00
1958-02-10 15:17:00.000 041   14539.06     -597.16    47262.55    99999.00
1958-02-10 15:18:00.000 041   14540.65     -597.29    47264.10    99999.00
1958-02-10 15:19:00.000 041   14542.12     -597.46    47264.90    99999.00
1958-02-10 15:20:00.000 041   14543.51     -597.64    47264.67    99999.00
1958-02-10 15:21:00.000 041   14544.80     -597.79    47264.34    99999.00
1958-02-10 15:22:00.000 041   14546.01     -597.83    47264.30    99999.00
1958-02-10 15:23:00.000 041   14547.13     -597.72    47264.89    99999.00
1958-02-10 15:24:00.000 041   14548.16     -597.61    47266.11    99999.00
1958-02-10 15:25:00.000 041   14549.08     -597.62    47267.22    99999.00
1958-02-10 15:26:00.000 041   14549.86     -597.72    47266.78    99999.00
1958-02-10 15:27:00.000 041   14550.49     -597.85    47267.71    99999.00
1958-02-10 15:28:00.000 041   14550.88     -597.98    47268.84    99999.00
1958-02-10 15:29:00.000 041   14550.95     -598.09    47269.97    99999.00
1958-02-10 15:30:00.000 041   14550.60     -598.16    47270.97    99999.00
1958-02-10 15:31:00.000 041   14549.80     -598.19    47271.53    99999.00
1958-02-10 15:32:00.000 041   14548.60     -598.15    47271.16    99999.00
1958-02-10 15:33:00.000 041   14547.35     -598.07    47271.36    99999.00
1958-02-10 15:34:00.000 041   14546.64     -597.96    47272.35    99999.00
1958-02-10 15:35:00.000 041   14546.82     -597.85    47273.38    99999.00
1958-02-10 15:36:00.000 041   14547.79     -597.74    47274.17    99999.00
1958-02-10 15:37:00.000 041   14549.23     -597.66    47274.67    99999.00
1958-02-10 15:38:00.000 041   14550.93     -597.63    47274.93    99999.00
1958-02-10 15:39:00.000 041   14552.80     -597.65    47275.00    99999.00
1958-02-10 15:40:00.000 041   14554.73     -597.72    47274.91    99999.00
1958-02-10 15:41:00.000 041   14556.63     -597.82    47274.74    99999.00
1958-02-10 15:42:00.000 041   14558.38     -597.95    47274.61    99999.00
1958-02-10 15:43:00.000 041   14559.69     -598.09    47274.62    99999.00
1958-02-10 15:44:00.000 041   14559.89     -598.24    47274.86    99999.00
1958-02-10 15:45:00.000 041   14558.19     -598.35    47275.37    99999.00
1958-02-10 15:46:00.000 041   14558.80     -598.37    47276.05    99999.00
1958-02-10 15:47:00.000 041   14561.80     -598.23    47276.84    99999.00
1958-02-10 15:48:00.000 041   14564.28     -598.21    47277.66    99999.00
1958-02-10 15:49:00.000 041   14564.85     -598.51    47278.40    99999.00
1958-02-10 15:50:00.000 041   14563.54     -598.81    47279.12    99999.00
1958-02-10 15:51:00.000 041   14564.27     -598.87    47280.07    99999.00
1958-02-10 15:52:00.000 041   14564.07     -598.64    47281.61    99999.00
1958-02-10 15:53:00.000 041   14562.29     -599.01    47283.33    99999.00
1958-02-10 15:54:00.000 041   14560.43     -598.93    47284.69    99999.00
1958-02-10 15:55:00.000 041   14558.81     -598.77    47285.69    99999.00
1958-02-10 15:56:00.000 041   14557.80     -598.60    47286.55    99999.00
1958-02-10 15:57:00.000 041   14558.83     -598.42    47287.39    99999.00
1958-02-10 15:58:00.000 041   14563.84     -598.24    47288.29    99999.00
1958-02-10 15:59:00.000 041   14561.38     -598.06    47289.35    99999.00
1958-02-10 16:00:00.000 041   14562.19     -597.88    47290.55    99999.00
1958-02-10 16:01:00.000 041   14564.38     -597.72    47291.80    99999.00
1958-02-10 16:02:00.000 041   14566.92     -597.58    47293.05    99999.00
1958-02-10 16:03:00.000 041   14569.43     -597.45    47294.26    99999.00
1958-02-10 16:04:00.000 041   14571.67     -597.36    47295.48    99999.00
1958-02-10 16:05:00.000 041   14573.46     -597.32    47296.73    99999.00
1958-02-10 16:06:00.000 041   14574.54     -597.36    47298.05    99999.00
1958-02-10 16:07:00.000 041   14574.62     -597.49    47299.46    99999.00
1958-02-10 16:08:00.000 041   14573.66     -597.75    47301.02    99999.00
1958-02-10 16:09:00.000 041   14571.85     -598.07    47302.79    99999.00
1958-02-10 16:10:00.000 041   14569.49     -598.33    47304.74    99999.00
1958-02-10 16:11:00.000 041   14567.12     -598.39    47306.78    99999.00
1958-02-10 16:12:00.000 041   14565.80     -598.31    47308.67    99999.00
1958-02-10 16:13:00.000 041   14566.65     -598.15    47308.72    99999.00
1958-02-10 16:14:00.000 041   14569.00     -597.93    47310.26    99999.00
1958-02-10 16:15:00.000 041   14569.73     -597.69    47312.62    99999.00
1958-02-10 16:16:00.000 041   14568.13     -597.42    47314.69    99999.00
1958-02-10 16:17:00.000 041   14567.36     -597.14    47315.90    99999.00
1958-02-10 16:18:00.000 041   14567.81     -596.86    47316.25    99999.00
1958-02-10 16:19:00.000 041   14569.17     -596.60    47316.16    99999.00
1958-02-10 16:20:00.000 041   14571.14     -596.36    47316.05    99999.00
1958-02-10 16:21:00.000 041   14573.47     -596.16    47316.18    99999.00
1958-02-10 16:22:00.000 041   14576.02     -596.01    47316.78    99999.00
1958-02-10 16:23:00.000 041   14578.74     -595.92    47318.03    99999.00
1958-02-10 16:24:00.000 041   14581.58     -595.92    47320.01    99999.00
1958-02-10 16:25:00.000 041   14584.50     -596.03    47322.57    99999.00
1958-02-10 16:26:00.000 041   14587.48     -596.27    47325.59    99999.00
1958-02-10 16:27:00.000 041   14590.50     -596.61    47328.90    99999.00
1958-02-10 16:28:00.000 041   14593.54     -597.03    47332.30    99999.00
1958-02-10 16:29:00.000 041   14595.14     -597.47    47335.52    99999.00
1958-02-10 16:30:00.000 041   14596.73     -597.78    47338.12    99999.00
1958-02-10 16:31:00.000 041   14600.68     -597.65    47339.71    99999.00
1958-02-10 16:32:00.000 041   14604.54     -597.38    47340.38    99999.00
1958-02-10 16:33:00.000 041   14608.21     -597.51    47340.54    99999.00
1958-02-10 16:34:00.000 041   14611.43     -597.80    47340.22    99999.00
1958-02-10 16:35:00.000 041   14610.89     -598.03    47339.42    99999.00
1958-02-10 16:36:00.000 041   14613.39     -598.01    47338.24    99999.00
1958-02-10 16:37:00.000 041   14617.69     -597.64    47336.82    99999.00
1958-02-10 16:38:00.000 041   14621.94     -597.29    47335.20    99999.00
1958-02-10 16:39:00.000 041   14625.70     -597.66    47333.34    99999.00
1958-02-10 16:40:00.000 041   14627.98     -597.87    47331.21    99999.00
1958-02-10 16:41:00.000 041   14626.31     -597.82    47330.68    99999.00
1958-02-10 16:42:00.000 041   14631.18     -597.63    47332.95    99999.00
1958-02-10 16:43:00.000 041   14626.79     -597.32    47336.88    99999.00
1958-02-10 16:44:00.000 041   14628.88     -596.90    47342.38    99999.00
1958-02-10 16:45:00.000 041   14640.26     -596.34    47349.43    99999.00
1958-02-10 16:46:00.000 041   14659.35     -595.64    47356.83    99999.00
1958-02-10 16:47:00.000 041   14684.63     -594.81    47363.44    99999.00
1958-02-10 16:48:00.000 041   14713.60     -593.94    47368.86    99999.00
1958-02-10 16:49:00.000 041   14743.64     -593.13    47373.52    99999.00
1958-02-10 16:50:00.000 041   14773.05     -592.50    47377.85    99999.00
1958-02-10 16:51:00.000 041   14800.46     -592.25    47382.20    99999.00
1958-02-10 16:52:00.000 041   14824.44     -592.60    47387.28    99999.00
1958-02-10 16:53:00.000 041   14843.31     -593.42    47392.13    99999.00
1958-02-10 16:54:00.000 041   14854.65     -594.20    47392.04    99999.00
1958-02-10 16:55:00.000 041   14854.58     -593.91    47389.73    99999.00
1958-02-10 16:56:00.000 041   14839.35     -592.73    47387.75    99999.00
1958-02-10 16:57:00.000 041   14807.64     -592.72    47384.04    99999.00
1958-02-10 16:58:00.000 041   14759.08     -594.72    47390.47    99999.00
1958-02-10 16:59:00.000 041   14696.74     -597.03    47403.67    99999.00
1958-02-10 17:00:00.000 041   14640.78     -597.60    47418.23    99999.00
1958-02-10 17:01:00.000 041   14631.71     -596.29    47433.29    99999.00
1958-02-10 17:02:00.000 041   14634.56     -596.65    47448.48    99999.00
1958-02-10 17:03:00.000 041   14622.10     -599.78    47463.82    99999.00
1958-02-10 17:04:00.000 041   14604.23     -603.58    47485.00    99999.00
1958-02-10 17:05:00.000 041   14582.69     -606.32    47485.37    99999.00
1958-02-10 17:06:00.000 041   14569.31     -606.36    47473.60    99999.00
1958-02-10 17:07:00.000 041   14575.21     -604.58    47459.08    99999.00
1958-02-10 17:08:00.000 041   14574.91     -605.98    47425.29    99999.00
1958-02-10 17:09:00.000 041   14540.37     -607.31    47376.00    99999.00
1958-02-10 17:10:00.000 041   14518.39     -607.04    47324.99    99999.00
1958-02-10 17:11:00.000 041   14518.66     -606.05    47292.82    99999.00
1958-02-10 17:12:00.000 041   14527.65     -604.76    47286.99    99999.00
1958-02-10 17:13:00.000 041   14540.22     -603.31    47299.25    99999.00
1958-02-10 17:14:00.000 041   14554.46     -601.80    47290.39    99999.00
1958-02-10 17:15:00.000 041   14568.71     -600.28    47273.16    99999.00
1958-02-10 17:16:00.000 041   14574.98     -598.78    47251.55    99999.00
1958-02-10 17:17:00.000 041   14573.81     -597.38    47231.12    99999.00
1958-02-10 17:18:00.000 041   14567.78     -596.21    47231.42    99999.00
1958-02-10 17:19:00.000 041   14560.24     -595.66    47243.44    99999.00
1958-02-10 17:20:00.000 041   14560.10     -597.10    47251.69    99999.00
1958-02-10 17:21:00.000 041   14569.02     -599.08    47248.42    99999.00
1958-02-10 17:22:00.000 041   14581.93     -597.82    47234.25    99999.00
1958-02-10 17:23:00.000 041   14593.71     -596.66    47219.89    99999.00
1958-02-10 17:24:00.000 041   14598.76     -596.38    47224.14    99999.00
1958-02-10 17:25:00.000 041   14594.67     -597.29    47264.31    99999.00
1958-02-10 17:26:00.000 041   14586.47     -598.86    47301.07    99999.00
1958-02-10 17:27:00.000 041   14591.03     -600.20    47314.93    99999.00
1958-02-10 17:28:00.000 041   14595.94     -599.72    47314.35    99999.00
1958-02-10 17:29:00.000 041   14591.68     -599.09    47301.40    99999.00
1958-02-10 17:30:00.000 041   14607.34     -600.52    47276.29    99999.00
1958-02-10 17:31:00.000 041   14609.46     -602.71    47247.36    99999.00
1958-02-10 17:32:00.000 041   14601.98     -604.64    47232.11    99999.00
1958-02-10 17:33:00.000 041   14592.60     -605.48    47247.77    99999.00
1958-02-10 17:34:00.000 041   14583.17     -604.86    47266.69    99999.00
1958-02-10 17:35:00.000 041   14574.88     -606.28    47269.92    99999.00
1958-02-10 17:36:00.000 041   14569.68     -605.45    47262.76    99999.00
1958-02-10 17:37:00.000 041   14570.80     -604.33    47251.81    99999.00
1958-02-10 17:38:00.000 041   14578.59     -603.14    47241.06    99999.00
1958-02-10 17:39:00.000 041   14582.02     -601.94    47238.61    99999.00
1958-02-10 17:40:00.000 041   14576.83     -600.75    47256.51    99999.00
1958-02-10 17:41:00.000 041   14574.45     -599.60    47257.51    99999.00
1958-02-10 17:42:00.000 041   14580.11     -598.53    47250.90    99999.00
1958-02-10 17:43:00.000 041   14587.79     -597.58    47254.74    99999.00
1958-02-10 17:44:00.000 041   14588.80     -596.85    47265.92    99999.00
1958-02-10 17:45:00.000 041   14574.25     -596.68    47257.40    99999.00
1958-02-10 17:46:00.000 041   14554.15     -598.97    47243.13    99999.00
1958-02-10 17:47:00.000 041   14554.94     -601.88    47252.82    99999.00
1958-02-10 17:48:00.000 041   14558.30     -599.77    47248.18    99999.00
1958-02-10 17:49:00.000 041   14553.98     -597.95    47264.71    99999.00
1958-02-10 17:50:00.000 041   14547.47     -597.06    47287.47    99999.00
1958-02-10 17:51:00.000 041   14541.85     -597.04    47306.75    99999.00
1958-02-10 17:52:00.000 041   14539.12     -597.56    47312.80    99999.00
1958-02-10 17:53:00.000 041   14541.21     -597.91    47308.28    99999.00
1958-02-10 17:54:00.000 041   14547.65     -597.51    47304.11    99999.00
1958-02-10 17:55:00.000 041   14556.51     -596.74    47307.47    99999.00
1958-02-10 17:56:00.000 041   14562.64     -596.12    47314.61    99999.00
1958-02-10 17:57:00.000 041   14558.27     -596.00    47306.66    99999.00
1958-02-10 17:58:00.000 041   14558.41     -596.38    47281.55    99999.00
1958-02-10 17:59:00.000 041   14562.24     -596.79    47276.00    99999.00
1958-02-10 18:00:00.000 041   14566.15     -596.58    47301.13    99999.00
1958-02-10 18:01:00.000 041   14568.90     -595.86    47316.61    99999.00
1958-02-10 18:02:00.000 041   14569.63     -595.58    47319.74    99999.00
1958-02-10 18:03:00.000 041   14567.45     -595.97    47317.58    99999.00
1958-02-10 18:04:00.000 041   14562.57     -596.62    47313.34    99999.00
1958-02-10 18:05:00.000 041   14556.28     -597.03    47309.11    99999.00
1958-02-10 18:06:00.000 041   14550.06     -596.63    47309.06    99999.00
1958-02-10 18:07:00.000 041   14545.63     -597.31    47324.30    99999.00
1958-02-10 18:08:00.000 041   14544.98     -597.74    47331.27    99999.00
1958-02-10 18:09:00.000 041   14548.57     -597.54    47326.33    99999.00
1958-02-10 18:10:00.000 041   14554.34     -596.74    47320.52    99999.00
1958-02-10 18:11:00.000 041   14560.14     -595.68    47320.29    99999.00
1958-02-10 18:12:00.000 041   14564.49     -594.67    47322.50    99999.00
1958-02-10 18:13:00.000 041   14566.67     -594.16    47318.06    99999.00
1958-02-10 18:14:00.000 041   14566.80     -594.49    47314.61    99999.00
1958-02-10 18:15:00.000 041   14565.59     -595.44    47314.53    99999.00
1958-02-10 18:16:00.000 041   14563.49     -596.37    47317.22    99999.00
1958-02-10 18:17:00.000 041   14560.85     -597.01    47317.83    99999.00
1958-02-10 18:18:00.000 041   14557.97     -596.94    47313.46    99999.00
1958-02-10 18:19:00.000 041   14555.29     -597.00    47309.71    99999.00
1958-02-10 18:20:00.000 041   14554.02     -597.28    47311.95    99999.00
1958-02-10 18:21:00.000 041   14557.11     -597.65    47322.27    99999.00
1958-02-10 18:22:00.000 041   14561.18     -598.12    47336.95    99999.00
1958-02-10 18:23:00.000 041   14561.11     -598.66    47350.66    99999.00
1958-02-10 18:24:00.000 041   14560.13     -599.00    47349.78    99999.00
1958-02-10 18:25:00.000 041   14559.33     -598.91    47339.09    99999.00
1958-02-10 18:26:00.000 041   14559.67     -598.83    47334.73    99999.00
1958-02-10 18:27:00.000 041   14562.46     -599.13    47327.22    99999.00
1958-02-10 18:28:00.000 041   14566.75     -598.85    47323.03    99999.00
1958-02-10 18:29:00.000 041   14568.69     -598.52    47322.47    99999.00
1958-02-10 18:30:00.000 041   14567.73     -598.32    47323.10    99999.00
1958-02-10 18:31:00.000 041   14566.50     -598.37    47324.34    99999.00
1958-02-10 18:32:00.000 041   14567.67     -598.61    47326.01    99999.00
1958-02-10 18:33:00.000 041   14571.94     -598.86    47328.06    99999.00
1958-02-10 18:34:00.000 041   14575.01     -598.80    47330.49    99999.00
1958-02-10 18:35:00.000 041   14576.10     -598.43    47333.34    99999.00
1958-02-10 18:36:00.000 041   14575.83     -598.27    47336.59    99999.00
1958-02-10 18:37:00.000 041   14574.88     -598.34    47340.19    99999.00
1958-02-10 18:38:00.000 041   14573.58     -598.35    47344.08    99999.00
1958-02-10 18:39:00.000 041   14572.11     -598.19    47348.12    99999.00
1958-02-10 18:40:00.000 041   14570.62     -597.98    47352.17    99999.00
1958-02-10 18:41:00.000 041   14569.25     -597.89    47356.03    99999.00
1958-02-10 18:42:00.000 041   14568.35     -598.00    47359.36    99999.00
1958-02-10 18:43:00.000 041   14568.82     -598.25    47360.88    99999.00
1958-02-10 18:44:00.000 041   14571.63     -598.58    47358.34    99999.00
1958-02-10 18:45:00.000 041   14569.51     -598.93    47359.31    99999.00
1958-02-10 18:46:00.000 041   14566.22     -599.29    47362.31    99999.00
1958-02-10 18:47:00.000 041   14564.89     -599.62    47365.60    99999.00
1958-02-10 18:48:00.000 041   14565.98     -599.93    47368.53    99999.00
1958-02-10 18:49:00.000 041   14569.34     -600.21    47370.09    99999.00
1958-02-10 18:50:00.000 041   14573.67     -600.43    47368.53    99999.00
1958-02-10 18:51:00.000 041   14577.91     -600.56    47366.95    99999.00
1958-02-10 18:52:00.000 041   14581.46     -600.53    47366.71    99999.00
1958-02-10 18:53:00.000 041   14583.98     -600.36    47364.60    99999.00
1958-02-10 18:54:00.000 041   14585.33     -600.26    47362.28    99999.00
1958-02-10 18:55:00.000 041   14585.41     -600.35    47360.69    99999.00
1958-02-10 18:56:00.000 041   14584.26     -600.49    47360.76    99999.00
1958-02-10 18:57:00.000 041   14582.16     -600.57    47360.77    99999.00
1958-02-10 18:58:00.000 041   14579.42     -600.50    47363.22    99999.00
1958-02-10 18:59:00.000 041   14576.27     -600.28    47361.54    99999.00
1958-02-10 19:00:00.000 041   14572.88     -599.98    47360.85    99999.00
1958-02-10 19:01:00.000 041   14569.43     -599.94    47362.46    99999.00
1958-02-10 19:02:00.000 041   14566.08     -600.16    47365.32    99999.00
1958-02-10 19:03:00.000 041   14563.05     -600.06    47368.91    99999.00
1958-02-10 19:04:00.000 041   14560.59     -599.85    47373.06    99999.00
1958-02-10 19:05:00.000 041   14559.13     -599.60    47377.34    99999.00
1958-02-10 19:06:00.000 041   14559.32     -599.32    47380.28    99999.00
1958-02-10 19:07:00.000 041   14561.74     -599.01    47381.04    99999.00
1958-02-10 19:08:00.000 041   14567.02     -598.66    47380.48    99999.00
1958-02-10 19:09:00.000 041   14575.73     -598.26    47379.32    99999.00
1958-02-10 19:10:00.000 041   14587.79     -597.76    47377.91    99999.00
1958-02-10 19:11:00.000 041   14599.22     -597.05    47376.32    99999.00
1958-02-10 19:12:00.000 041   14610.64     -596.46    47374.56    99999.00
1958-02-10 19:13:00.000 041   14633.55     -596.90    47372.56    99999.00
1958-02-10 19:14:00.000 041   14655.35     -596.99    47370.21    99999.00
1958-02-10 19:15:00.000 041   14675.36     -595.78    47367.57    99999.00
1958-02-10 19:16:00.000 041   14692.68     -597.95    47365.17    99999.00
1958-02-10 19:17:00.000 041   14705.87     -600.60    47363.96    99999.00
1958-02-10 19:18:00.000 041   14712.33     -602.28    47364.44    99999.00
1958-02-10 19:19:00.000 041   14706.82     -602.26    47367.20    99999.00
1958-02-10 19:20:00.000 041   14682.38     -601.32    47371.50    99999.00
1958-02-10 19:21:00.000 041   14631.19     -601.85    47373.36    99999.00
1958-02-10 19:22:00.000 041   14442.24     -603.78    47373.57    99999.00
1958-02-10 19:23:00.000 041   14397.10     -603.64    47376.87    99999.00
1958-02-10 19:24:00.000 041   14407.72     -602.71    47386.22    99999.00
1958-02-10 19:25:00.000 041   14426.09     -601.90    47393.97    99999.00
1958-02-10 19:26:00.000 041   14436.84     -602.09    47385.11    99999.00
1958-02-10 19:27:00.000 041   14420.62     -603.13    47363.99    99999.00
1958-02-10 19:28:00.000 041   14391.93     -603.43    47349.81    99999.00
1958-02-10 19:29:00.000 041   14385.49     -602.60    47337.64    99999.00
1958-02-10 19:30:00.000 041   14396.82     -601.23    47320.39    99999.00
1958-02-10 19:31:00.000 041   14414.33     -599.65    47299.18    99999.00
1958-02-10 19:32:00.000 041   14431.50     -597.99    47278.95    99999.00
1958-02-10 19:33:00.000 041   14435.91     -596.33    47242.50    99999.00
1958-02-10 19:34:00.000 041   14427.81     -594.76    47204.67    99999.00
1958-02-10 19:35:00.000 041   14439.10     -593.37    47206.53    99999.00
1958-02-10 19:36:00.000 041   14456.18     -592.24    47222.95    99999.00
1958-02-10 19:37:00.000 041   14468.59     -591.48    47243.67    99999.00
1958-02-10 19:38:00.000 041   14468.73     -591.26    47264.00    99999.00
1958-02-10 19:39:00.000 041   14461.53     -591.90    47278.81    99999.00
1958-02-10 19:40:00.000 041   14460.06     -593.75    47272.07    99999.00
1958-02-10 19:41:00.000 041   14467.19     -596.70    47278.84    99999.00
1958-02-10 19:42:00.000 041   14473.08     -599.94    47285.37    99999.00
1958-02-10 19:43:00.000 041   14463.81     -601.83    47276.27    99999.00
1958-02-10 19:44:00.000 041   14460.71     -601.28    47279.00    99999.00
1958-02-10 19:45:00.000 041   14463.49     -599.27    47287.32    99999.00
1958-02-10 19:46:00.000 041   14468.61     -596.93    47287.48    99999.00
1958-02-10 19:47:00.000 041   14474.37     -595.51    47279.36    99999.00
1958-02-10 19:48:00.000 041   14480.04     -595.62    47262.74    99999.00
1958-02-10 19:49:00.000 041   14485.09     -596.37    47238.22    99999.00
1958-02-10 19:50:00.000 041   14488.90     -596.19    47211.45    99999.00
1958-02-10 19:51:00.000 041   14490.46     -594.62    47188.43    99999.00
1958-02-10 19:52:00.000 041   14487.36     -593.42    47174.62    99999.00
1958-02-10 19:53:00.000 041   14476.13     -593.30    47175.43    99999.00
1958-02-10 19:54:00.000 041   14458.86     -594.10    47190.31    99999.00
1958-02-10 19:55:00.000 041   14449.28     -595.33    47214.30    99999.00
1958-02-10 19:56:00.000 041   14452.45     -596.70    47239.98    99999.00
1958-02-10 19:57:00.000 041   14462.16     -598.02    47249.44    99999.00
1958-02-10 19:58:00.000 041   14474.42     -599.02    47236.77    99999.00
1958-02-10 19:59:00.000 041   14487.44     -599.32    47229.63    99999.00
1958-02-10 20:00:00.000 041   14500.04     -598.88    47230.40    99999.00
1958-02-10 20:01:00.000 041   14511.05     -598.30    47239.74    99999.00
1958-02-10 20:02:00.000 041   14518.87     -598.59    47249.97    99999.00
1958-02-10 20:03:00.000 041   14522.34     -599.68    47244.79    99999.00
1958-02-10 20:04:00.000 041   14521.62     -600.71    47226.15    99999.00
1958-02-10 20:05:00.000 041   14517.53     -600.88    47205.17    99999.00
1958-02-10 20:06:00.000 041   14513.38     -599.56    47187.91    99999.00
1958-02-10 20:07:00.000 041   14516.63     -597.46    47177.74    99999.00
1958-02-10 20:08:00.000 041   14519.49     -595.90    47176.83    99999.00
1958-02-10 20:09:00.000 041   14518.73     -595.78    47183.45    99999.00
1958-02-10 20:10:00.000 041   14515.81     -596.52    47194.22    99999.00
1958-02-10 20:11:00.000 041   14511.87     -597.12    47206.05    99999.00
1958-02-10 20:12:00.000 041   14507.49     -596.52    47215.00    99999.00
1958-02-10 20:13:00.000 041   14502.94     -596.31    47214.96    99999.00
1958-02-10 20:14:00.000 041   14498.41     -597.12    47204.68    99999.00
1958-02-10 20:15:00.000 041   14494.05     -598.10    47192.63    99999.00
1958-02-10 20:16:00.000 041   14490.06     -598.78    47192.23    99999.00
1958-02-10 20:17:00.000 041   14486.74     -598.79    47204.25    99999.00
1958-02-10 20:18:00.000 041   14484.67     -597.99    47220.02    99999.00
1958-02-10 20:19:00.000 041   14484.87     -596.79    47230.72    99999.00
1958-02-10 20:20:00.000 041   14488.47     -595.78    47226.26    99999.00
1958-02-10 20:21:00.000 041   14495.93     -595.57    47210.44    99999.00
1958-02-10 20:22:00.000 041   14500.64     -596.06    47211.32    99999.00
1958-02-10 20:23:00.000 041   14498.92     -596.56    47204.00    99999.00
1958-02-10 20:24:00.000 041   14495.31     -595.62    47194.84    99999.00
1958-02-10 20:25:00.000 041   14494.15     -595.26    47188.59    99999.00
1958-02-10 20:26:00.000 041   14496.72     -595.60    47187.47    99999.00
1958-02-10 20:27:00.000 041   14497.19     -596.12    47192.59    99999.00
1958-02-10 20:28:00.000 041   14494.32     -596.69    47201.69    99999.00
1958-02-10 20:29:00.000 041   14492.20     -597.23    47211.76    99999.00
1958-02-10 20:30:00.000 041   14492.91     -597.68    47218.97    99999.00
1958-02-10 20:31:00.000 041   14496.06     -597.99    47218.83    99999.00
1958-02-10 20:32:00.000 041   14500.02     -598.02    47212.35    99999.00
1958-02-10 20:33:00.000 041   14502.98     -597.66    47207.63    99999.00
1958-02-10 20:34:00.000 041   14502.14     -597.12    47212.65    99999.00
1958-02-10 20:35:00.000 041   14499.31     -597.31    47211.54    99999.00
1958-02-10 20:36:00.000 041   14499.82     -597.57    47204.95    99999.00
1958-02-10 20:37:00.000 041   14501.72     -597.30    47198.26    99999.00
1958-02-10 20:38:00.000 041   14501.63     -597.17    47197.72    99999.00
1958-02-10 20:39:00.000 041   14498.87     -597.46    47202.10    99999.00
1958-02-10 20:40:00.000 041   14499.13     -597.86    47198.38    99999.00
1958-02-10 20:41:00.000 041   14502.09     -598.05    47197.76    99999.00
1958-02-10 20:42:00.000 041   14505.61     -597.92    47203.04    99999.00
1958-02-10 20:43:00.000 041   14508.70     -597.56    47211.19    99999.00
1958-02-10 20:44:00.000 041   14510.95     -597.13    47219.13    99999.00
1958-02-10 20:45:00.000 041   14512.15     -596.75    47221.01    99999.00
1958-02-10 20:46:00.000 041   14512.15     -596.79    47217.68    99999.00
1958-02-10 20:47:00.000 041   14510.92     -597.02    47220.50    99999.00
1958-02-10 20:48:00.000 041   14508.78     -596.86    47222.38    99999.00
1958-02-10 20:49:00.000 041   14506.05     -596.56    47222.05    99999.00
1958-02-10 20:50:00.000 041   14502.96     -596.27    47221.78    99999.00
1958-02-10 20:51:00.000 041   14499.76     -596.06    47223.38    99999.00
1958-02-10 20:52:00.000 041   14496.72     -595.99    47228.05    99999.00
1958-02-10 20:53:00.000 041   14494.23     -596.09    47234.42    99999.00
1958-02-10 20:54:00.000 041   14493.00     -596.34    47240.12    99999.00
1958-02-10 20:55:00.000 041   14493.95     -596.69    47243.04    99999.00
1958-02-10 20:56:00.000 041   14497.49     -597.06    47242.79    99999.00
1958-02-10 20:57:00.000 041   14502.27     -597.29    47241.11    99999.00
1958-02-10 20:58:00.000 041   14502.88     -597.08    47239.83    99999.00
1958-02-10 20:59:00.000 041   14498.79     -597.24    47241.04    99999.00
1958-02-10 21:00:00.000 041   14494.64     -597.44    47244.45    99999.00
1958-02-10 21:01:00.000 041   14494.51     -597.43    47247.53    99999.00
1958-02-10 21:02:00.000 041   14496.66     -597.33    47248.23    99999.00
1958-02-10 21:03:00.000 041   14497.01     -597.21    47246.74    99999.00
1958-02-10 21:04:00.000 041   14494.29     -597.09    47244.22    99999.00
1958-02-10 21:05:00.000 041   14491.23     -596.97    47241.94    99999.00
1958-02-10 21:06:00.000 041   14490.48     -596.88    47244.01    99999.00
1958-02-10 21:07:00.000 041   14492.29     -596.84    47240.47    99999.00
1958-02-10 21:08:00.000 041   14493.74     -596.88    47243.14    99999.00
1958-02-10 21:09:00.000 041   14491.86     -597.04    47247.52    99999.00
1958-02-10 21:10:00.000 041   14488.17     -597.30    47247.22    99999.00
1958-02-10 21:11:00.000 041   14486.02     -597.51    47244.79    99999.00
1958-02-10 21:12:00.000 041   14485.75     -597.49    47246.50    99999.00
1958-02-10 21:13:00.000 041   14486.98     -597.30    47250.24    99999.00
1958-02-10 21:14:00.000 041   14489.20     -597.09    47252.13    99999.00
1958-02-10 21:15:00.000 041   14491.91     -596.96    47251.22    99999.00
1958-02-10 21:16:00.000 041   14494.85     -597.01    47249.63    99999.00
1958-02-10 21:17:00.000 041   14497.85     -597.23    47250.42    99999.00
1958-02-10 21:18:00.000 041   14500.76     -597.48    47249.98    99999.00
1958-02-10 21:19:00.000 041   14503.45     -597.63    47249.01    99999.00
1958-02-10 21:20:00.000 041   14505.75     -597.64    47249.51    99999.00
1958-02-10 21:21:00.000 041   14507.41     -597.47    47250.88    99999.00
1958-02-10 21:22:00.000 041   14508.04     -597.22    47252.59    99999.00
1958-02-10 21:23:00.000 041   14507.39     -596.97    47254.36    99999.00
1958-02-10 21:24:00.000 041   14505.52     -596.76    47256.03    99999.00
1958-02-10 21:25:00.000 041   14502.82     -596.62    47257.41    99999.00
1958-02-10 21:26:00.000 041   14500.38     -596.59    47258.09    99999.00
1958-02-10 21:27:00.000 041   14500.22     -596.67    47257.23    99999.00
1958-02-10 21:28:00.000 041   14503.55     -596.87    47255.11    99999.00
1958-02-10 21:29:00.000 041   14508.59     -597.15    47253.99    99999.00
1958-02-10 21:30:00.000 041   14512.99     -597.48    47254.41    99999.00
1958-02-10 21:31:00.000 041   14514.30     -597.82    47255.67    99999.00
1958-02-10 21:32:00.000 041   14510.99     -598.16    47257.25    99999.00
1958-02-10 21:33:00.000 041   14504.45     -598.47    47258.92    99999.00
1958-02-10 21:34:00.000 041   14496.76     -598.71    47260.52    99999.00
1958-02-10 21:35:00.000 041   14491.69     -598.88    47261.91    99999.00
1958-02-10 21:36:00.000 041   14495.18     -598.93    47262.83    99999.00
1958-02-10 21:37:00.000 041   14487.92     -598.84    47262.81    99999.00
1958-02-10 21:38:00.000 041   14491.77     -598.58    47261.28    99999.00
1958-02-10 21:39:00.000 041   14494.27     -598.18    47258.31    99999.00
1958-02-10 21:40:00.000 041   14487.34     -597.67    47255.97    99999.00
1958-02-10 21:41:00.000 041   14488.69     -597.07    47256.41    99999.00
1958-02-10 21:42:00.000 041   14499.37     -596.43    47258.11    99999.00
1958-02-10 21:43:00.000 041   14512.77     -595.79    47259.63    99999.00
1958-02-10 21:44:00.000 041   14526.15     -595.25    47259.76    99999.00
1958-02-10 21:45:00.000 041   14530.52     -594.99    47257.80    99999.00
1958-02-10 21:46:00.000 041   14524.43     -595.23    47255.32    99999.00
1958-02-10 21:47:00.000 041   14526.74     -596.10    47254.03    99999.00
1958-02-10 21:48:00.000 041   14530.29     -597.22    47254.64    99999.00
1958-02-10 21:49:00.000 041   14533.57     -596.83    47256.91    99999.00
1958-02-10 21:50:00.000 041   14535.68     -597.10    47260.09    99999.00
1958-02-10 21:51:00.000 041   14535.34     -596.77    47263.70    99999.00
1958-02-10 21:52:00.000 041   14531.42     -596.36    47267.33    99999.00
1958-02-10 21:53:00.000 041   14524.34     -595.94    47270.10    99999.00
1958-02-10 21:54:00.000 041   14518.76     -595.52    47266.82    99999.00
1958-02-10 21:55:00.000 041   14523.95     -595.12    47269.27    99999.00
1958-02-10 21:56:00.000 041   14521.82     -594.76    47268.94    99999.00
1958-02-10 21:57:00.000 041   14516.07     -594.43    47263.51    99999.00
1958-02-10 21:58:00.000 041   14509.32     -594.17    47256.73    99999.00
1958-02-10 21:59:00.000 041   14502.38     -594.01    47252.12    99999.00
1958-02-10 22:00:00.000 041   14495.84     -593.97    47258.02    99999.00
1958-02-10 22:01:00.000 041   14490.79     -594.06    47254.03    99999.00
1958-02-10 22:02:00.000 041   14490.89     -594.26    47256.58    99999.00
1958-02-10 22:03:00.000 041   14494.61     -594.52    47260.81    99999.00
1958-02-10 22:04:00.000 041   14488.53     -594.75    47264.70    99999.00
1958-02-10 22:05:00.000 041   14489.82     -594.79    47266.72    99999.00
1958-02-10 22:06:00.000 041   14496.59     -594.60    47264.53    99999.00
1958-02-10 22:07:00.000 041   14504.53     -594.23    47259.37    99999.00
1958-02-10 22:08:00.000 041   14511.21     -593.77    47263.61    99999.00
1958-02-10 22:09:00.000 041   14514.36     -593.35    47261.63    99999.00
1958-02-10 22:10:00.000 041   14511.84     -593.21    47257.95    99999.00
1958-02-10 22:11:00.000 041   14504.76     -593.53    47254.44    99999.00
1958-02-10 22:12:00.000 041   14497.15     -593.49    47251.82    99999.00
1958-02-10 22:13:00.000 041   14499.67     -593.40    47250.75    99999.00
1958-02-10 22:14:00.000 041   14504.81     -593.66    47252.08    99999.00
1958-02-10 22:15:00.000 041   14498.46     -594.09    47255.84    99999.00
1958-02-10 22:16:00.000 041   14508.06     -594.48    47261.42    99999.00
1958-02-10 22:17:00.000 041   14512.76     -594.70    47267.13    99999.00
1958-02-10 22:18:00.000 041   14508.21     -594.65    47265.09    99999.00
1958-02-10 22:19:00.000 041   14501.03     -594.39    47266.66    99999.00
1958-02-10 22:20:00.000 041   14493.86     -594.05    47270.69    99999.00
1958-02-10 22:21:00.000 041   14490.32     -594.03    47273.58    99999.00
1958-02-10 22:22:00.000 041   14494.45     -594.30    47273.99    99999.00
1958-02-10 22:23:00.000 041   14493.13     -594.28    47271.16    99999.00
1958-02-10 22:24:00.000 041   14489.89     -594.12    47266.31    99999.00
1958-02-10 22:25:00.000 041   14491.68     -593.97    47261.41    99999.00
1958-02-10 22:26:00.000 041   14498.19     -593.92    47260.51    99999.00
1958-02-10 22:27:00.000 041   14505.63     -594.08    47267.70    99999.00
1958-02-10 22:28:00.000 041   14509.79     -594.42    47270.13    99999.00
1958-02-10 22:29:00.000 041   14506.71     -594.76    47274.05    99999.00
1958-02-10 22:30:00.000 041   14503.60     -595.03    47272.77    99999.00
1958-02-10 22:31:00.000 041   14507.54     -595.24    47268.68    99999.00
1958-02-10 22:32:00.000 041   14508.64     -595.40    47264.14    99999.00
1958-02-10 22:33:00.000 041   14503.46     -595.49    47259.86    99999.00
1958-02-10 22:34:00.000 041   14496.93     -595.50    47257.78    99999.00
1958-02-10 22:35:00.000 041   14498.00     -595.43    47260.22    99999.00
1958-02-10 22:36:00.000 041   14498.78     -595.25    47257.00    99999.00
1958-02-10 22:37:00.000 041   14489.97     -595.00    47252.84    99999.00
1958-02-10 22:38:00.000 041   14479.62     -594.76    47249.27    99999.00
1958-02-10 22:39:00.000 041   14471.01     -594.61    47247.50    99999.00
1958-02-10 22:40:00.000 041   14466.79     -594.80    47249.43    99999.00
1958-02-10 22:41:00.000 041   14472.47     -595.37    47254.65    99999.00
1958-02-10 22:42:00.000 041   14493.64     -595.46    47258.42    99999.00
1958-02-10 22:43:00.000 041   14518.88     -594.63    47258.25    99999.00
1958-02-10 22:44:00.000 041   14522.99     -593.36    47257.06    99999.00
1958-02-10 22:45:00.000 041   14513.74     -592.09    47257.35    99999.00
1958-02-10 22:46:00.000 041   14515.24     -591.32    47259.74    99999.00
1958-02-10 22:47:00.000 041   14518.93     -593.07    47261.35    99999.00
1958-02-10 22:48:00.000 041   14500.70     -596.13    47260.95    99999.00
1958-02-10 22:49:00.000 041   14483.72     -595.65    47258.72    99999.00
1958-02-10 22:50:00.000 041   14475.65     -595.52    47255.42    99999.00
1958-02-10 22:51:00.000 041   14483.63     -596.32    47251.75    99999.00
1958-02-10 22:52:00.000 041   14501.42     -595.87    47248.15    99999.00
1958-02-10 22:53:00.000 041   14502.33     -596.00    47245.08    99999.00
1958-02-10 22:54:00.000 041   14496.39     -596.33    47243.29    99999.00
1958-02-10 22:55:00.000 041   14496.08     -596.69    47245.07    99999.00
1958-02-10 22:56:00.000 041   14499.31     -597.02    47257.88    99999.00
1958-02-10 22:57:00.000 041   14504.21     -597.27    47252.59    99999.00
1958-02-10 22:58:00.000 041   14509.85     -597.43    47229.33    99999.00
1958-02-10 22:59:00.000 041   14515.78     -597.45    47227.12    99999.00
1958-02-10 23:00:00.000 041   14521.70     -597.27    47227.42    99999.00
1958-02-10 23:01:00.000 041   14527.27     -596.85    47212.96    99999.00
1958-02-10 23:02:00.000 041   14531.98     -596.23    47196.61    99999.00
1958-02-10 23:03:00.000 041   14534.59     -595.45    47184.62    99999.00
1958-02-10 23:04:00.000 041   14531.80     -594.60    47192.70    99999.00
1958-02-10 23:05:00.000 041   14517.55     -593.94    47199.74    99999.00
1958-02-10 23:06:00.000 041   14525.08     -594.12    47195.42    99999.00
1958-02-10 23:07:00.000 041   14537.58     -594.67    47196.67    99999.00
1958-02-10 23:08:00.000 041   14537.75     -593.92    47200.94    99999.00
1958-02-10 23:09:00.000 041   14533.22     -592.55    47206.49    99999.00
1958-02-10 23:10:00.000 041   14538.10     -591.26    47212.51    99999.00
1958-02-10 23:11:00.000 041   14545.22     -590.30    47218.57    99999.00
1958-02-10 23:12:00.000 041   14548.78     -589.81    47224.34    99999.00
1958-02-10 23:13:00.000 041   14548.05     -589.90    47229.41    99999.00
1958-02-10 23:14:00.000 041   14543.67     -590.63    47233.16    99999.00
1958-02-10 23:15:00.000 041   14537.14     -591.86    47234.14    99999.00
1958-02-10 23:16:00.000 041   14529.43     -593.44    47230.15    99999.00
1958-02-10 23:17:00.000 041   14521.15     -595.24    47220.13    99999.00
1958-02-10 23:18:00.000 041   14513.01     -597.07    47216.23    99999.00
1958-02-10 23:19:00.000 041   14507.19     -598.49    47229.86    99999.00
1958-02-10 23:20:00.000 041   14514.36     -598.05    47247.31    99999.00
1958-02-10 23:21:00.000 041   14506.40     -599.69    47256.43    99999.00
1958-02-10 23:22:00.000 041   14495.09     -601.98    47249.11    99999.00
1958-02-10 23:23:00.000 041   14483.41     -602.49    47251.87    99999.00
1958-02-10 23:24:00.000 041   14472.29     -601.74    47242.24    99999.00
1958-02-10 23:25:00.000 041   14463.11     -600.43    47230.05    99999.00
1958-02-10 23:26:00.000 041   14460.19     -598.90    47217.67    99999.00
1958-02-10 23:27:00.000 041   14466.26     -597.40    47206.01    99999.00
1958-02-10 23:28:00.000 041   14465.66     -596.21    47196.32    99999.00
1958-02-10 23:29:00.000 041   14463.03     -595.53    47192.39    99999.00
1958-02-10 23:30:00.000 041   14462.20     -595.35    47200.20    99999.00
1958-02-10 23:31:00.000 041   14464.68     -595.33    47201.47    99999.00
1958-02-10 23:32:00.000 041   14469.68     -595.00    47195.07    99999.00
1958-02-10 23:33:00.000 041   14475.81     -594.81    47193.54    99999.00
1958-02-10 23:34:00.000 041   14478.13     -594.85    47201.76    99999.00
1958-02-10 23:35:00.000 041   14477.60     -594.99    47216.99    99999.00
1958-02-10 23:36:00.000 041   14482.83     -595.18    47232.93    99999.00
1958-02-10 23:37:00.000 041   14487.33     -595.39    47244.81    99999.00
1958-02-10 23:38:00.000 041   14489.33     -595.48    47250.04    99999.00
1958-02-10 23:39:00.000 041   14488.04     -595.32    47250.12    99999.00
1958-02-10 23:40:00.000 041   14485.71     -595.23    47246.96    99999.00
1958-02-10 23:41:00.000 041   14486.76     -595.19    47242.26    99999.00
1958-02-10 23:42:00.000 041   14492.10     -595.21    47238.32    99999.00
1958-02-10 23:43:00.000 041   14495.76     -595.29    47235.79    99999.00
1958-02-10 23:44:00.000 041   14493.96     -595.44    47232.70    99999.00
1958-02-10 23:45:00.000 041   14494.18     -595.67    47231.81    99999.00
1958-02-10 23:46:00.000 041   14498.44     -595.99    47232.63    99999.00
1958-02-10 23:47:00.000 041   14496.81     -596.40    47233.47    99999.00
1958-02-10 23:48:00.000 041   14494.53     -596.88    47233.74    99999.00
1958-02-10 23:49:00.000 041   14497.50     -597.40    47233.16    99999.00
1958-02-10 23:50:00.000 041   14504.59     -597.96    47231.82    99999.00
1958-02-10 23:51:00.000 041   14502.24     -598.48    47230.16    99999.00
1958-02-10 23:52:00.000 041   14496.50     -598.81    47228.69    99999.00
1958-02-10 23:53:00.000 041   14489.90     -598.57    47229.53    99999.00
1958-02-10 23:54:00.000 041   14483.30     -598.75    47232.03    99999.00
1958-02-10 23:55:00.000 041   14477.49     -599.18    47230.87    99999.00
1958-02-10 23:56:00.000 041   14474.42     -599.46    47228.63    99999.00
1958-02-10 23:57:00.000 041   14476.17     -599.38    47226.08    99999.00
1958-02-10 23:58:00.000 041   14477.91     -599.01    47223.48    99999.00
1958-02-10 23:59:00.000 041   14476.38     -599.15    47220.95    99999.00
1958-02-11 00:00:00.000 042   14473.49     -599.00    47218.67    99999.00
1958-02-11 00:01:00.000 042   14470.45     -598.70    47216.94    99999.00
1958-02-11 00:02:00.000 042   14467.85     -598.38    47216.72    99999.00
1958-02-11 00:03:00.000 042   14466.20     -598.07    47220.79    99999.00
1958-02-11 00:04:00.000 042   14466.23     -597.91    47222.69    99999.00
1958-02-11 00:05:00.000 042   14468.58     -598.15    47220.03    99999.00
1958-02-11 00:06:00.000 042   14472.99     -597.90    47218.80    99999.00
1958-02-11 00:07:00.000 042   14478.50     -597.62    47220.38    99999.00
1958-02-11 00:08:00.000 042   14481.61     -597.37    47223.81    99999.00
1958-02-11 00:09:00.000 042   14476.65     -597.18    47227.74    99999.00
1958-02-11 00:10:00.000 042   14474.12     -597.19    47231.21    99999.00
1958-02-11 00:11:00.000 042   14474.61     -597.55    47233.73    99999.00
1958-02-11 00:12:00.000 042   14476.71     -597.78    47235.46    99999.00
1958-02-11 00:13:00.000 042   14479.55     -597.55    47236.41    99999.00
1958-02-11 00:14:00.000 042   14482.72     -597.15    47235.20    99999.00
1958-02-11 00:15:00.000 042   14486.01     -596.75    47235.95    99999.00
1958-02-11 00:16:00.000 042   14489.29     -596.41    47237.92    99999.00
1958-02-11 00:17:00.000 042   14492.47     -596.16    47239.95    99999.00
1958-02-11 00:18:00.000 042   14495.44     -596.03    47241.84    99999.00
1958-02-11 00:19:00.000 042   14498.06     -596.03    47243.44    99999.00
1958-02-11 00:20:00.000 042   14500.16     -596.14    47244.37    99999.00
1958-02-11 00:21:00.000 042   14501.46     -596.31    47243.43    99999.00
1958-02-11 00:22:00.000 042   14501.58     -596.52    47241.05    99999.00
1958-02-11 00:23:00.000 042   14500.31     -596.73    47240.67    99999.00
1958-02-11 00:24:00.000 042   14497.51     -596.92    47241.70    99999.00
1958-02-11 00:25:00.000 042   14493.29     -597.05    47243.22    99999.00
1958-02-11 00:26:00.000 042   14488.66     -597.06    47244.92    99999.00
1958-02-11 00:27:00.000 042   14486.66     -596.98    47246.67    99999.00
1958-02-11 00:28:00.000 042   14488.62     -596.82    47248.31    99999.00
1958-02-11 00:29:00.000 042   14491.76     -596.64    47249.60    99999.00
1958-02-11 00:30:00.000 042   14492.23     -596.50    47249.76    99999.00
1958-02-11 00:31:00.000 042   14489.98     -596.49    47247.46    99999.00
1958-02-11 00:32:00.000 042   14487.71     -596.60    47246.25    99999.00
1958-02-11 00:33:00.000 042   14487.83     -596.76    47246.93    99999.00
1958-02-11 00:34:00.000 042   14491.52     -596.86    47248.00    99999.00
1958-02-11 00:35:00.000 042   14495.93     -596.81    47248.79    99999.00
1958-02-11 00:36:00.000 042   14498.91     -596.63    47247.75    99999.00
1958-02-11 00:37:00.000 042   14500.05     -596.45    47247.74    99999.00
1958-02-11 00:38:00.000 042   14499.61     -596.40    47249.12    99999.00
1958-02-11 00:39:00.000 042   14498.26     -596.60    47250.82    99999.00
1958-02-11 00:40:00.000 042   14496.43     -596.80    47252.53    99999.00
1958-02-11 00:41:00.000 042   14494.40     -596.83    47254.10    99999.00
1958-02-11 00:42:00.000 042   14492.40     -596.72    47255.28    99999.00
1958-02-11 00:43:00.000 042   14490.69     -596.50    47255.38    99999.00
1958-02-11 00:44:00.000 042   14489.69     -596.23    47253.35    99999.00
1958-02-11 00:45:00.000 042   14490.31     -595.93    47252.33    99999.00
1958-02-11 00:46:00.000 042   14493.82     -595.61    47254.27    99999.00
1958-02-11 00:47:00.000 042   14500.91     -595.30    47256.28    99999.00
1958-02-11 00:48:00.000 042   14501.65     -595.00    47257.47    99999.00
1958-02-11 00:49:00.000 042   14499.61     -594.74    47257.49    99999.00
1958-02-11 00:50:00.000 042   14501.71     -594.58    47256.61    99999.00
1958-02-11 00:51:00.000 042   14505.38     -594.62    47255.31    99999.00
1958-02-11 00:52:00.000 042   14508.60     -595.00    47253.94    99999.00
1958-02-11 00:53:00.000 042   14510.59     -594.64    47252.83    99999.00
1958-02-11 00:54:00.000 042   14510.93     -594.46    47252.33    99999.00
1958-02-11 00:55:00.000 042   14509.53     -594.56    47252.61    99999.00
1958-02-11 00:56:00.000 042   14506.88     -594.81    47253.70    99999.00
1958-02-11 00:57:00.000 042   14503.44     -595.14    47255.74    99999.00
1958-02-11 00:58:00.000 042   14499.59     -595.50    47259.14    99999.00
1958-02-11 00:59:00.000 042   14495.83     -595.88    47263.60    99999.00
1958-02-11 01:00:00.000 042   14493.78     -596.26    47264.92    99999.00
1958-02-11 01:01:00.000 042   14496.57     -596.62    47262.71    99999.00
1958-02-11 01:02:00.000 042   14493.91     -596.89    47259.50    99999.00
1958-02-11 01:03:00.000 042   14489.00     -596.84    47257.57    99999.00
1958-02-11 01:04:00.000 042   14484.58     -596.74    47258.42    99999.00
1958-02-11 01:05:00.000 042   14481.48     -597.00    47257.20    99999.00
1958-02-11 01:06:00.000 042   14480.40     -597.16    47255.23    99999.00
1958-02-11 01:07:00.000 042   14481.59     -597.16    47252.90    99999.00
1958-02-11 01:08:00.000 042   14484.40     -597.02    47250.28    99999.00
1958-02-11 01:09:00.000 042   14488.05     -596.79    47247.42    99999.00
1958-02-11 01:10:00.000 042   14491.32     -596.52    47244.45    99999.00
1958-02-11 01:11:00.000 042   14491.88     -596.24    47241.59    99999.00
1958-02-11 01:12:00.000 042   14489.49     -595.97    47239.26    99999.00
1958-02-11 01:13:00.000 042   14489.78     -595.73    47238.06    99999.00
1958-02-11 01:14:00.000 042   14492.15     -595.53    47237.65    99999.00
1958-02-11 01:15:00.000 042   14493.15     -595.39    47236.47    99999.00
1958-02-11 01:16:00.000 042   14492.65     -595.30    47234.42    99999.00
1958-02-11 01:17:00.000 042   14491.30     -595.25    47232.90    99999.00
1958-02-11 01:18:00.000 042   14489.58     -595.24    47233.07    99999.00
1958-02-11 01:19:00.000 042   14487.75     -595.26    47233.67    99999.00
1958-02-11 01:20:00.000 042   14486.08     -595.30    47233.78    99999.00
1958-02-11 01:21:00.000 042   14485.04     -595.37    47233.47    99999.00
1958-02-11 01:22:00.000 042   14486.04     -595.45    47232.86    99999.00
1958-02-11 01:23:00.000 042   14366.80     -595.56    47232.03    99999.00
1958-02-11 01:24:00.000 042   14399.61     -595.69    47231.07    99999.00
1958-02-11 01:25:00.000 042   14420.29     -595.88    47230.01    99999.00
1958-02-11 01:26:00.000 042   14369.84     -596.32    47228.88    99999.00
1958-02-11 01:27:00.000 042   14377.44     -603.70    47227.70    99999.00
1958-02-11 01:28:00.000 042   14388.06     -601.93    47226.49    99999.00
1958-02-11 01:29:00.000 042   14397.06     -600.79    47225.24    99999.00
1958-02-11 01:30:00.000 042   14391.61     -601.76    47223.97    99999.00
1958-02-11 01:31:00.000 042   14343.35     -603.81    47222.68    99999.00
1958-02-11 01:32:00.000 042   14360.01     -602.70    47221.37    99999.00
1958-02-11 01:33:00.000 042   14351.21     -602.56    47220.06    99999.00
1958-02-11 01:34:00.000 042   14242.95     -603.52    47218.73    99999.00
1958-02-11 01:35:00.000 042   14245.39     -604.99    47217.40    99999.00
1958-02-11 01:36:00.000 042   14266.05     -606.62    47216.07    99999.00
1958-02-11 01:37:00.000 042   14253.49     -608.22    47090.84    99999.00
1958-02-11 01:38:00.000 042   14199.05     -609.50    47140.58    99999.00
1958-02-11 01:39:00.000 042   14227.51     -609.34    47149.07    99999.00
1958-02-11 01:40:00.000 042   14265.78     -607.64    47092.67    99999.00
1958-02-11 01:41:00.000 042   14301.52     -608.50    47104.65    99999.00
1958-02-11 01:42:00.000 042   14315.90     -610.08    47105.50    99999.00
1958-02-11 01:43:00.000 042   99999.00     -611.60    47074.77    99999.00
1958-02-11 01:44:00.000 042   99999.00     -612.64    47040.19    99999.00
1958-02-11 01:45:00.000 042   99999.00     -612.52    47031.33    99999.00
1958-02-11 01:46:00.000 042   99999.00     -610.89    47038.28    99999.00
1958-02-11 01:47:00.000 042   99999.00     -609.00    46984.59    99999.00
1958-02-11 01:48:00.000 042   99999.00     -610.12    46958.77    99999.00
1958-02-11 01:49:00.000 042   99999.00     -609.11    46967.56    99999.00
1958-02-11 01:50:00.000 042   99999.00     -607.54    46977.22    99999.00
1958-02-11 01:51:00.000 042   99999.00     -607.81    46969.32    99999.00
1958-02-11 01:52:00.000 042   99999.00     -605.04    46912.58    99999.00
1958-02-11 01:53:00.000 042   99999.00     -601.92    46757.00    99999.00
1958-02-11 01:54:00.000 042   99999.00     -604.55    46740.49    99999.00
1958-02-11 01:55:00.000 042   99999.00     -602.61    46801.44    99999.00
1958-02-11 01:56:00.000 042   99999.00     -601.02    46741.67    99999.00
1958-02-11 01:57:00.000 042   99999.00     -606.65    46761.27    99999.00
1958-02-11 01:58:00.000 042   99999.00     -604.98    99999.00    99999.00
1958-02-11 01:59:00.000 042   99999.00     -602.63    99999.00    99999.00
1958-02-11 02:00:00.000 042   99999.00     -600.04    99999.00    99999.00
1958-02-11 02:01:00.000 042   99999.00    99999.00    99999.00    99999.00
1958-02-11 02:02:00.000 042   99999.00    99999.00    99999.00    99999.00
1958-02-11 02:03:00.000 042   99999.00    99999.00    99999.00    99999.00
1958-02-11 02:04:00.000 042   99999.00    99999.00    99999.00    99999.00
1958-02-11 02:05:00.000 042   99999.00    99999.00    99999.00    99999.00
1958-02-11 02:06:00.000 042   99999.00    99999.00    99999.00    99999.00
1958-02-11 02:07:00.000 042   99999.00    99999.00    99999.00    99999.00
1958-02-11 02:08:00.000 042   99999.00    99999.00    99999.00    99999.00
1958-02-11 02:09:00.000 042   99999.00    99999.00    99999.00    99999.00
1958-02-11 02:10:00.000 042   99999.00    99999.00    99999.00    99999.00
1958-02-11 02:11:00.000 042   99999.00    99999.00    99999.00    99999.00
1958-02-11 02:12:00.000 042   99999.00    99999.00    99999.00    99999.00
1958-02-11 02:13:00.000 042   99999.00    99999.00    99999.00    99999.00
1958-02-11 02:14:00.000 042   99999.00    99999.00    99999.00    99999.00
1958-02-11 02:15:00.000 042   99999.00    99999.00    99999.00    99999.00
1958-02-11 02:16:00.000 042   99999.00    99999.00    99999.00    99999.00
1958-02-11 02:17:00.000 042   99999.00    99999.00    99999.00    99999.00
1958-02-11 02:18:00.000 042   99999.00    99999.00    99999.00    99999.00
1958-02-11 02:19:00.000 042   99999.00    99999.00    99999.00    99999.00
1958-02-11 02:20:00.000 042   99999.00    99999.00    99999.00    99999.00
1958-02-11 02:21:00.000 042   99999.00    99999.00    99999.00    99999.00
1958-02-11 02:22:00.000 042   99999.00    99999.00    99999.00    99999.00
1958-02-11 02:23:00.000 042   99999.00    99999.00    99999.00    99999.00
1958-02-11 02:24:00.000 042   99999.00    99999.00    99999.00    99999.00
1958-02-11 02:25:00.000 042   99999.00    99999.00    99999.00    99999.00
1958-02-11 02:26:00.000 042   99999.00    99999.00    99999.00    99999.00
1958-02-11 02:27:00.000 042   99999.00    99999.00    99999.00    99999.00
1958-02-11 02:28:00.000 042   99999.00    99999.00    99999.00    99999.00
1958-02-11 02:29:00.000 042   99999.00    99999.00    99999.00    99999.00
1958-02-11 02:30:00.000 042   99999.00    99999.00    99999.00    99999.00
1958-02-11 02:31:00.000 042   99999.00    99999.00    99999.00    99999.00
1958-02-11 02:32:00.000 042   99999.00    99999.00    99999.00    99999.00
1958-02-11 02:33:00.000 042   99999.00    99999.00    99999.00    99999.00
1958-02-11 02:34:00.000 042   99999.00    99999.00    99999.00    99999.00
1958-02-11 02:35:00.000 042   99999.00    99999.00    99999.00    99999.00
1958-02-11 02:36:00.000 042   99999.00    99999.00    99999.00    99999.00
1958-02-11 02:37:00.000 042   99999.00    99999.00    99999.00    99999.00
1958-02-11 02:38:00.000 042   99999.00    99999.00    99999.00    99999.00
1958-02-11 02:39:00.000 042   99999.00    99999.00    99999.00    99999.00
1958-02-11 02:40:00.000 042   99999.00    99999.00    99999.00    99999.00
1958-02-11 02:41:00.000 042   99999.00    99999.00    99999.00    99999.00
1958-02-11 02:42:00.000 042   99999.00    99999.00    99999.00    99999.00
1958-02-11 02:43:00.000 042   99999.00    99999.00    99999.00    99999.00
1958-02-11 02:44:00.000 042   99999.00    99999.00    99999.00    99999.00
1958-02-11 02:45:00.000 042   99999.00    99999.00    99999.00    99999.00
1958-02-11 02:46:00.000 042   99999.00    99999.00    99999.00    99999.00
1958-02-11 02:47:00.000 042   99999.00    99999.00    99999.00    99999.00
1958-02-11 02:48:00.000 042   99999.00    99999.00    99999.00    99999.00
1958-02-11 02:49:00.000 042   99999.00    99999.00    99999.00    99999.00
1958-02-11 02:50:00.000 042   99999.00    99999.00    99999.00    99999.00
1958-02-11 02:51:00.000 042   99999.00    99999.00    99999.00    99999.00
1958-02-11 02:52:00.000 042   99999.00    99999.00    99999.00    99999.00
1958-02-11 02:53:00.000 042   99999.00    99999.00    99999.00    99999.00
1958-02-11 02:54:00.000 042   99999.00    99999.00    99999.00    99999.00
1958-02-11 02:55:00.000 042   99999.00    99999.00    99999.00    99999.00
1958-02-11 02:56:00.000 042   99999.00    99999.00    99999.00    99999.00
1958-02-11 02:57:00.000 042   99999.00    99999.00    99999.00    99999.00
1958-02-11 02:58:00.000 042   99999.00    99999.00    99999.00    99999.00
1958-02-11 02:59:00.000 042   99999.00    99999.00    99999.00    99999.00
1958-02-11 03:00:00.000 042   99999.00    99999.00    46932.29    99999.00
1958-02-11 03:01:00.000 042   99999.00    99999.00    46958.61    99999.00
1958-02-11 03:02:00.000 042   99999.00    99999.00    46949.22    99999.00
1958-02-11 03:03:00.000 042   99999.00    99999.00    46999.16    99999.00
1958-02-11 03:04:00.000 042   99999.00    99999.00    46921.61    99999.00
1958-02-11 03:05:00.000 042   99999.00    99999.00    46974.63    99999.00
1958-02-11 03:06:00.000 042   99999.00    99999.00    47069.68    99999.00
1958-02-11 03:07:00.000 042   99999.00    99999.00    46983.54    99999.00
1958-02-11 03:08:00.000 042   99999.00    99999.00    47011.75    99999.00
1958-02-11 03:09:00.000 042   99999.00    99999.00    47066.87    99999.00
1958-02-11 03:10:00.000 042   99999.00     -591.59    47092.39    99999.00
1958-02-11 03:11:00.000 042   99999.00     -580.07    46992.10    99999.00
1958-02-11 03:12:00.000 042   99999.00     -575.56    47016.86    99999.00
1958-02-11 03:13:00.000 042   99999.00     -580.50    47066.58    99999.00
1958-02-11 03:14:00.000 042   99999.00     -579.39    47003.61    99999.00
1958-02-11 03:15:00.000 042   99999.00     -574.27    47031.49    99999.00
1958-02-11 03:16:00.000 042   99999.00     -578.02    46982.39    99999.00
1958-02-11 03:17:00.000 042   99999.00     -573.85    47041.28    99999.00
1958-02-11 03:18:00.000 042   99999.00     -568.70    47053.36    99999.00
1958-02-11 03:19:00.000 042   99999.00     -574.11    47012.80    99999.00
1958-02-11 03:20:00.000 042   99999.00     -578.17    46999.31    99999.00
1958-02-11 03:21:00.000 042   99999.00     -574.09    47029.85    99999.00
1958-02-11 03:22:00.000 042   99999.00     -566.69    47061.53    99999.00
1958-02-11 03:23:00.000 042   99999.00     -576.94    47044.18    99999.00
1958-02-11 03:24:00.000 042   99999.00     -573.89    47023.55    99999.00
1958-02-11 03:25:00.000 042   99999.00     -568.28    47049.89    99999.00
1958-02-11 03:26:00.000 042   99999.00     -568.01    47090.97    99999.00
1958-02-11 03:27:00.000 042   99999.00     -572.02    47123.13    99999.00
1958-02-11 03:28:00.000 042   99999.00     -567.04    47110.02    99999.00
1958-02-11 03:29:00.000 042   99999.00     -564.91    47099.39    99999.00
1958-02-11 03:30:00.000 042   99999.00     -576.63    47171.71    99999.00
1958-02-11 03:31:00.000 042   99999.00     -571.21    47078.02    99999.00
1958-02-11 03:32:00.000 042   99999.00     -575.95    47117.72    99999.00
1958-02-11 03:33:00.000 042   99999.00     -571.53    47075.90    99999.00
1958-02-11 03:34:00.000 042   99999.00     -573.36    47112.09    99999.00
1958-02-11 03:35:00.000 042   99999.00     -577.66    47100.72    99999.00
1958-02-11 03:36:00.000 042   99999.00     -571.90    47051.45    99999.00
1958-02-11 03:37:00.000 042   99999.00     -570.56    47007.03    99999.00
1958-02-11 03:38:00.000 042   99999.00     -575.18    46983.84    99999.00
1958-02-11 03:39:00.000 042   99999.00     -572.76    46986.26    99999.00
1958-02-11 03:40:00.000 042   99999.00     -569.11    47008.23    99999.00
1958-02-11 03:41:00.000 042   99999.00     -566.15    47040.06    99999.00
1958-02-11 03:42:00.000 042   99999.00     -570.94    47074.86    99999.00
1958-02-11 03:43:00.000 042   99999.00     -569.79    47104.51    99999.00
1958-02-11 03:44:00.000 042   99999.00     -578.90    47108.58    99999.00
1958-02-11 03:45:00.000 042   99999.00     -574.34    47034.60    99999.00
1958-02-11 03:46:00.000 042   99999.00     -574.97    47014.59    99999.00
1958-02-11 03:47:00.000 042   99999.00     -578.35    47086.23    99999.00
1958-02-11 03:48:00.000 042   99999.00     -572.06    47117.06    99999.00
1958-02-11 03:49:00.000 042   99999.00     -574.10    47104.17    99999.00
1958-02-11 03:50:00.000 042   99999.00     -575.35    47132.01    99999.00
1958-02-11 03:51:00.000 042   99999.00     -568.53    47130.49    99999.00
1958-02-11 03:52:00.000 042   99999.00     -579.41    47144.94    99999.00
1958-02-11 03:53:00.000 042   99999.00     -569.22    47082.22    99999.00
1958-02-11 03:54:00.000 042   99999.00     -558.73    47143.13    99999.00
1958-02-11 03:55:00.000 042   99999.00     -554.88    47175.79    99999.00
1958-02-11 03:56:00.000 042   99999.00     -568.27    47145.76    99999.00
1958-02-11 03:57:00.000 042   99999.00     -572.31    47105.19    99999.00
1958-02-11 03:58:00.000 042   99999.00     -567.25    47104.44    99999.00
1958-02-11 03:59:00.000 042   99999.00     -561.97    47146.08    99999.00
1958-02-11 04:00:00.000 042   99999.00     -562.95    47194.01    99999.00
1958-02-11 04:01:00.000 042   99999.00     -569.56    47201.05    99999.00
1958-02-11 04:02:00.000 042   99999.00     -570.78    47154.67    99999.00
1958-02-11 04:03:00.000 042   99999.00     -568.12    47142.81    99999.00
1958-02-11 04:04:00.000 042   99999.00     -565.49    47187.54    99999.00
1958-02-11 04:05:00.000 042   99999.00     -567.33    47236.31    99999.00
1958-02-11 04:06:00.000 042   99999.00     -571.18    47067.63    99999.00
1958-02-11 04:07:00.000 042   99999.00     -568.02    47090.07    99999.00
1958-02-11 04:08:00.000 042   99999.00     -568.78    47134.65    99999.00
1958-02-11 04:09:00.000 042   99999.00     -571.17    47174.82    99999.00
1958-02-11 04:10:00.000 042   99999.00     -573.95    47132.22    99999.00
1958-02-11 04:11:00.000 042   99999.00     -576.68    47002.48    99999.00
1958-02-11 04:12:00.000 042   99999.00     -578.99    47056.09    99999.00
1958-02-11 04:13:00.000 042   99999.00     -580.29    47104.03    99999.00
1958-02-11 04:14:00.000 042   99999.00     -579.40    47124.40    99999.00
1958-02-11 04:15:00.000 042   99999.00     -575.96    47093.12    99999.00
1958-02-11 04:16:00.000 042   99999.00     -572.78    47028.85    99999.00
1958-02-11 04:17:00.000 042   99999.00     -572.86    46994.85    99999.00
1958-02-11 04:18:00.000 042   99999.00     -574.86    47024.34    99999.00
1958-02-11 04:19:00.000 042   99999.00     -577.38    47077.01    99999.00
1958-02-11 04:20:00.000 042   99999.00     -578.98    47088.52    99999.00
1958-02-11 04:21:00.000 042   99999.00     -572.86    47088.04    99999.00
1958-02-11 04:22:00.000 042   99999.00     -573.33    47043.97    99999.00
1958-02-11 04:23:00.000 042   99999.00     -574.83    47045.59    99999.00
1958-02-11 04:24:00.000 042   99999.00     -572.05    47083.56    99999.00
1958-02-11 04:25:00.000 042   99999.00     -577.63    47121.10    99999.00
1958-02-11 04:26:00.000 042   99999.00     -582.16    47133.70    99999.00
1958-02-11 04:27:00.000 042   99999.00     -578.70    47108.79    99999.00
1958-02-11 04:28:00.000 042   99999.00     -574.72    47082.44    99999.00
1958-02-11 04:29:00.000 042   99999.00     -571.18    47113.96    99999.00
1958-02-11 04:30:00.000 042   99999.00     -569.60    47170.99    99999.00
1958-02-11 04:31:00.000 042   99999.00     -574.41    47167.40    99999.00
1958-02-11 04:32:00.000 042   99999.00     -578.70    47129.05    99999.00
1958-02-11 04:33:00.000 042   99999.00     -576.54    47166.53    99999.00
1958-02-11 04:34:00.000 042   99999.00     -573.17    47169.83    99999.00
1958-02-11 04:35:00.000 042   99999.00     -570.69    47131.13    99999.00
1958-02-11 04:36:00.000 042   99999.00     -574.08    47175.24    99999.00
1958-02-11 04:37:00.000 042   99999.00     -579.49    47141.48    99999.00
1958-02-11 04:38:00.000 042   99999.00     -578.55    47140.87    99999.00
1958-02-11 04:39:00.000 042   99999.00     -575.69    47183.28    99999.00
1958-02-11 04:40:00.000 042   99999.00     -572.42    47174.39    99999.00
1958-02-11 04:41:00.000 042   99999.00     -569.86    47205.43    99999.00
1958-02-11 04:42:00.000 042   99999.00     -573.98    47204.01    99999.00
1958-02-11 04:43:00.000 042   99999.00     -576.72    47145.04    99999.00
1958-02-11 04:44:00.000 042   99999.00     -575.30    47144.34    99999.00
1958-02-11 04:45:00.000 042   99999.00     -573.28    47189.18    99999.00
1958-02-11 04:46:00.000 042   99999.00     -571.63    47239.79    99999.00
1958-02-11 04:47:00.000 042   99999.00     -576.66    47227.71    99999.00
1958-02-11 04:48:00.000 042   99999.00     -576.71    47172.27    99999.00
1958-02-11 04:49:00.000 042   99999.00     -575.14    47213.62    99999.00
1958-02-11 04:50:00.000 042   99999.00     -573.87    47075.91    99999.00
1958-02-11 04:51:00.000 042   99999.00     -574.86    47051.06    99999.00
1958-02-11 04:52:00.000 042   99999.00     -578.50    47022.50    99999.00
1958-02-11 04:53:00.000 042   99999.00     -578.13    46985.31    99999.00
1958-02-11 04:54:00.000 042   99999.00     -576.07    47008.47    99999.00
1958-02-11 04:55:00.000 042   99999.00     -573.82    47039.47    99999.00
1958-02-11 04:56:00.000 042   99999.00     -572.26    47070.54    99999.00
1958-02-11 04:57:00.000 042   99999.00     -583.28    47096.25    99999.00
1958-02-11 04:58:00.000 042   99999.00     -583.72    47104.77    99999.00
1958-02-11 04:59:00.000 042   99999.00     -579.84    47069.33    99999.00
1958-02-11 05:00:00.000 042   99999.00     -576.01    47033.32    99999.00
1958-02-11 05:01:00.000 042   99999.00     -574.80    47069.62    99999.00
1958-02-11 05:02:00.000 042   99999.00     -581.06    47121.86    99999.00
1958-02-11 05:03:00.000 042   99999.00     -581.24    47160.86    99999.00
1958-02-11 05:04:00.000 042   99999.00     -579.28    47142.56    99999.00
1958-02-11 05:05:00.000 042   99999.00     -576.68    47083.09    99999.00
1958-02-11 05:06:00.000 042   99999.00     -573.82    47086.33    99999.00
1958-02-11 05:07:00.000 042   99999.00     -570.89    47127.44    99999.00
1958-02-11 05:08:00.000 042   99999.00     -568.10    47167.20    99999.00
1958-02-11 05:09:00.000 042   99999.00     -566.11    47128.49    99999.00
1958-02-11 05:10:00.000 042   99999.00     -570.04    47020.07    99999.00
1958-02-11 05:11:00.000 042   99999.00     -566.28    47040.09    99999.00
1958-02-11 05:12:00.000 042   99999.00     -564.32    47071.68    99999.00
1958-02-11 05:13:00.000 042   99999.00     -566.23    47075.82    99999.00
1958-02-11 05:14:00.000 042   99999.00     -570.60    47009.72    99999.00
1958-02-11 05:15:00.000 042   99999.00     -573.46    46941.74    99999.00
1958-02-11 05:16:00.000 042   99999.00     -573.14    46958.16    99999.00
1958-02-11 05:17:00.000 042   99999.00     -571.02    46999.89    99999.00
1958-02-11 05:18:00.000 042   99999.00     -568.76    47020.66    99999.00
1958-02-11 05:19:00.000 042   99999.00     -576.17    47005.75    99999.00
1958-02-11 05:20:00.000 042   99999.00     -585.16    46986.91    99999.00
1958-02-11 05:21:00.000 042   99999.00     -581.85    46995.69    99999.00
1958-02-11 05:22:00.000 042   99999.00     -577.61    47035.71    99999.00
1958-02-11 05:23:00.000 042   99999.00     -573.31    47082.22    99999.00
1958-02-11 05:24:00.000 042   99999.00     -570.28    47068.98    99999.00
1958-02-11 05:25:00.000 042   99999.00     -583.19    47004.99    99999.00
1958-02-11 05:26:00.000 042   99999.00     -581.71    47052.51    99999.00
1958-02-11 05:27:00.000 042   99999.00     -579.24    47116.94    99999.00
1958-02-11 05:28:00.000 042   99999.00     -576.61    47171.52    99999.00
1958-02-11 05:29:00.000 042   99999.00     -574.15    47156.17    99999.00
1958-02-11 05:30:00.000 042   99999.00     -572.16    47076.82    99999.00
1958-02-11 05:31:00.000 042   99999.00     -571.18    47115.55    99999.00
1958-02-11 05:32:00.000 042   99999.00     -571.92    47109.70    99999.00
1958-02-11 05:33:00.000 042   99999.00     -574.62    47175.14    99999.00
1958-02-11 05:34:00.000 042   99999.00     -578.24    47229.69    99999.00
1958-02-11 05:35:00.000 042   99999.00     -580.15    47236.24    99999.00
1958-02-11 05:36:00.000 042   99999.00     -579.74    47181.56    99999.00
1958-02-11 05:37:00.000 042   99999.00     -578.30    47209.55    99999.00
1958-02-11 05:38:00.000 042   99999.00     -577.10    47187.92    99999.00
1958-02-11 05:39:00.000 042   99999.00     -579.62    47193.66    99999.00
1958-02-11 05:40:00.000 042   99999.00     -580.05    47236.96    99999.00
1958-02-11 05:41:00.000 042   99999.00     -577.29    47285.82    99999.00
1958-02-11 05:42:00.000 042   99999.00     -573.97    47243.63    99999.00
1958-02-11 05:43:00.000 042   99999.00     -570.83    47217.38    99999.00
1958-02-11 05:44:00.000 042   99999.00     -568.54    47297.21    99999.00
1958-02-11 05:45:00.000 042   99999.00     -568.58    47375.90    99999.00
1958-02-11 05:46:00.000 042   99999.00     -571.17    47429.01    99999.00
1958-02-11 05:47:00.000 042   99999.00     -572.50    47393.96    99999.00
1958-02-11 05:48:00.000 042   99999.00     -571.50    47259.69    99999.00
1958-02-11 05:49:00.000 042   99999.00     -569.50    47332.89    99999.00
1958-02-11 05:50:00.000 042   99999.00     -567.30    47353.59    99999.00
1958-02-11 05:51:00.000 042   99999.00     -565.34    47311.70    99999.00
1958-02-11 05:52:00.000 042   99999.00     -564.03    47358.04    99999.00
1958-02-11 05:53:00.000 042   99999.00     -564.09    47301.69    99999.00
1958-02-11 05:54:00.000 042   99999.00     -566.15    47326.15    99999.00
1958-02-11 05:55:00.000 042   99999.00     -569.81    47312.40    99999.00
1958-02-11 05:56:00.000 042   99999.00     -573.23    47249.64    99999.00
1958-02-11 05:57:00.000 042   99999.00     -573.52    47221.77    99999.00
1958-02-11 05:58:00.000 042   99999.00     -570.93    47253.77    99999.00
1958-02-11 05:59:00.000 042   99999.00     -567.70    47313.97    99999.00
1958-02-11 06:00:00.000 042   99999.00     -566.61    47343.65    99999.00
1958-02-11 06:01:00.000 042   99999.00     -568.40    47343.15    99999.00
1958-02-11 06:02:00.000 042   99999.00     -570.04    47367.70    99999.00
1958-02-11 06:03:00.000 042   99999.00     -569.50    47392.55    99999.00
1958-02-11 06:04:00.000 042   99999.00     -567.82    47410.13    99999.00
1958-02-11 06:05:00.000 042   99999.00     -566.83    47403.76    99999.00
1958-02-11 06:06:00.000 042   99999.00     -573.15    47355.40    99999.00
1958-02-11 06:07:00.000 042   99999.00     -573.07    47347.98    99999.00
1958-02-11 06:08:00.000 042   99999.00     -571.42    47381.79    99999.00
1958-02-11 06:09:00.000 042   99999.00     -569.62    47407.85    99999.00
1958-02-11 06:10:00.000 042   99999.00     -568.58    47361.60    99999.00
1958-02-11 06:11:00.000 042   99999.00     -570.72    47340.43    99999.00
1958-02-11 06:12:00.000 042   99999.00     -571.62    47352.89    99999.00
1958-02-11 06:13:00.000 042   99999.00     -570.77    47368.11    99999.00
1958-02-11 06:14:00.000 042   99999.00     -570.45    47365.66    99999.00
1958-02-11 06:15:00.000 042   99999.00     -571.60    47327.75    99999.00
1958-02-11 06:16:00.000 042   99999.00     -573.53    47329.71    99999.00
1958-02-11 06:17:00.000 042   99999.00     -574.00    47362.59    99999.00
1958-02-11 06:18:00.000 042   99999.00     -572.37    47291.23    99999.00
1958-02-11 06:19:00.000 042   99999.00     -572.34    47310.23    99999.00
1958-02-11 06:20:00.000 042   99999.00     -573.24    47280.98    99999.00
1958-02-11 06:21:00.000 042   99999.00     -573.59    47280.96    99999.00
1958-02-11 06:22:00.000 042   99999.00     -572.87    47308.76    99999.00
1958-02-11 06:23:00.000 042   99999.00     -573.72    47315.70    99999.00
1958-02-11 06:24:00.000 042   99999.00     -574.96    47298.10    99999.00
1958-02-11 06:25:00.000 042   99999.00     -574.24    47322.75    99999.00
1958-02-11 06:26:00.000 042   99999.00     -572.67    47356.41    99999.00
1958-02-11 06:27:00.000 042   99999.00     -572.07    47391.25    99999.00
1958-02-11 06:28:00.000 042   99999.00     -573.15    47424.21    99999.00
1958-02-11 06:29:00.000 042   99999.00     -574.39    47451.24    99999.00
1958-02-11 06:30:00.000 042   99999.00     -573.81    47457.26    99999.00
1958-02-11 06:31:00.000 042   99999.00     -571.25    47372.66    99999.00
1958-02-11 06:32:00.000 042   99999.00     -569.01    47393.59    99999.00
1958-02-11 06:33:00.000 042   99999.00     -568.70    47375.96    99999.00
1958-02-11 06:34:00.000 042   99999.00     -569.79    47387.14    99999.00
1958-02-11 06:35:00.000 042   99999.00     -571.03    47417.83    99999.00
1958-02-11 06:36:00.000 042   99999.00     -570.95    47434.85    99999.00
1958-02-11 06:37:00.000 042   99999.00     -569.08    47378.26    99999.00
1958-02-11 06:38:00.000 042   99999.00     -568.87    47333.19    99999.00
1958-02-11 06:39:00.000 042   99999.00     -569.84    47376.83    99999.00
1958-02-11 06:40:00.000 042   99999.00     -568.17    47401.00    99999.00
1958-02-11 06:41:00.000 042   99999.00     -566.17    47360.01    99999.00
1958-02-11 06:42:00.000 042   99999.00     -567.06    47339.16    99999.00
1958-02-11 06:43:00.000 042   99999.00     -571.60    47367.12    99999.00
1958-02-11 06:44:00.000 042   99999.00     -571.04    47415.98    99999.00
1958-02-11 06:45:00.000 042   99999.00     -569.90    47464.63    99999.00
1958-02-11 06:46:00.000 042   99999.00     -570.11    47497.96    99999.00
1958-02-11 06:47:00.000 042   99999.00     -570.77    47493.25    99999.00
1958-02-11 06:48:00.000 042   99999.00     -571.46    47445.81    99999.00
1958-02-11 06:49:00.000 042   99999.00     -571.39    47396.98    99999.00
1958-02-11 06:50:00.000 042   99999.00     -569.33    47371.69    99999.00
1958-02-11 06:51:00.000 042   99999.00     -570.29    47370.39    99999.00
1958-02-11 06:52:00.000 042   99999.00     -570.37    47385.44    99999.00
1958-02-11 06:53:00.000 042   99999.00     -569.07    47409.15    99999.00
1958-02-11 06:54:00.000 042   99999.00     -566.96    47437.67    99999.00
1958-02-11 06:55:00.000 042   99999.00     -564.89    47468.65    99999.00
1958-02-11 06:56:00.000 042   99999.00     -563.54    47500.10    99999.00
1958-02-11 06:57:00.000 042   99999.00     -563.72    47529.75    99999.00
1958-02-11 06:58:00.000 042   99999.00     -565.73    47553.59    99999.00
1958-02-11 06:59:00.000 042   99999.00     -568.39    47561.70    99999.00
1958-02-11 07:00:00.000 042   99999.00     -570.27    47535.60    99999.00
1958-02-11 07:01:00.000 042   99999.00     -570.52    47484.31    99999.00
1958-02-11 07:02:00.000 042   99999.00     -569.38    47509.73    99999.00
1958-02-11 07:03:00.000 042   99999.00     -567.49    47521.80    99999.00
1958-02-11 07:04:00.000 042   99999.00     -565.32    47495.93    99999.00
1958-02-11 07:05:00.000 042   99999.00     -563.41    47443.09    99999.00
1958-02-11 07:06:00.000 042   99999.00     -563.05    47382.43    99999.00
1958-02-11 07:07:00.000 042   99999.00     -564.44    47328.17    99999.00
1958-02-11 07:08:00.000 042   99999.00     -563.92    47302.11    99999.00
1958-02-11 07:09:00.000 042   99999.00     -562.34    47339.44    99999.00
1958-02-11 07:10:00.000 042   99999.00     -561.50    47418.94    99999.00
1958-02-11 07:11:00.000 042   99999.00     -562.36    47350.60    99999.00
1958-02-11 07:12:00.000 042   99999.00     -564.97    47360.60    99999.00
1958-02-11 07:13:00.000 042   99999.00     -568.10    47399.20    99999.00
1958-02-11 07:14:00.000 042   99999.00     -570.31    47423.15    99999.00
1958-02-11 07:15:00.000 042   99999.00     -570.13    47410.96    99999.00
1958-02-11 07:16:00.000 042   99999.00     -568.13    47371.91    99999.00
1958-02-11 07:17:00.000 042   99999.00     -568.54    47347.86    99999.00
1958-02-11 07:18:00.000 042   99999.00     -579.26    47349.28    99999.00
1958-02-11 07:19:00.000 042   99999.00     -577.59    47312.21    99999.00
1958-02-11 07:20:00.000 042   99999.00     -574.56    47294.32    99999.00
1958-02-11 07:21:00.000 042   99999.00     -576.71    47311.92    99999.00
1958-02-11 07:22:00.000 042   99999.00     -588.44    47323.54    99999.00
1958-02-11 07:23:00.000 042   99999.00     -585.88    47325.39    99999.00
1958-02-11 07:24:00.000 042   99999.00     -582.30    47331.52    99999.00
1958-02-11 07:25:00.000 042   99999.00     -578.42    47305.55    99999.00
1958-02-11 07:26:00.000 042   99999.00     -574.54    47328.83    99999.00
1958-02-11 07:27:00.000 042   99999.00     -570.93    47356.12    99999.00
1958-02-11 07:28:00.000 042   99999.00     -568.10    47363.25    99999.00
1958-02-11 07:29:00.000 042   99999.00     -568.05    47372.20    99999.00
1958-02-11 07:30:00.000 042   99999.00     -578.19    47361.36    99999.00
1958-02-11 07:31:00.000 042   99999.00     -577.95    47395.47    99999.00
1958-02-11 07:32:00.000 042   99999.00     -574.95    47362.48    99999.00
1958-02-11 07:33:00.000 042   99999.00     -573.14    47374.86    99999.00
1958-02-11 07:34:00.000 042   99999.00     -576.27    47356.16    99999.00
1958-02-11 07:35:00.000 042   99999.00     -579.53    47322.69    99999.00
1958-02-11 07:36:00.000 042   99999.00     -577.45    47317.36    99999.00
1958-02-11 07:37:00.000 042   99999.00     -575.78    47346.11    99999.00
1958-02-11 07:38:00.000 042   99999.00     -577.18    47341.21    99999.00
1958-02-11 07:39:00.000 042   99999.00     -579.72    47329.05    99999.00
1958-02-11 07:40:00.000 042   99999.00     -579.99    47337.87    99999.00
1958-02-11 07:41:00.000 042   99999.00     -577.36    47322.62    99999.00
1958-02-11 07:42:00.000 042   99999.00     -575.60    47293.47    99999.00
1958-02-11 07:43:00.000 042   99999.00     -575.88    47316.76    99999.00
1958-02-11 07:44:00.000 042   99999.00     -577.05    47338.05    99999.00
1958-02-11 07:45:00.000 042   99999.00     -578.20    47294.14    99999.00
1958-02-11 07:46:00.000 042   99999.00     -578.32    47345.79    99999.00
1958-02-11 07:47:00.000 042   99999.00     -577.05    47385.18    99999.00
1958-02-11 07:48:00.000 042   99999.00     -576.96    47388.86    99999.00
1958-02-11 07:49:00.000 042   99999.00     -579.14    47364.36    99999.00
1958-02-11 07:50:00.000 042   99999.00     -580.62    47334.75    99999.00
1958-02-11 07:51:00.000 042   99999.00     -580.71    47340.27    99999.00
1958-02-11 07:52:00.000 042   99999.00     -579.63    47394.89    99999.00
1958-02-11 07:53:00.000 042   99999.00     -577.89    47370.12    99999.00
1958-02-11 07:54:00.000 042   99999.00     -575.86    47343.45    99999.00
1958-02-11 07:55:00.000 042   99999.00     -573.74    47372.42    99999.00
1958-02-11 07:56:00.000 042   99999.00     -571.73    47417.40    99999.00
1958-02-11 07:57:00.000 042   99999.00     -570.11    47420.92    99999.00
1958-02-11 07:58:00.000 042   99999.00     -569.50    47399.85    99999.00
1958-02-11 07:59:00.000 042   99999.00     -570.63    47407.69    99999.00
1958-02-11 08:00:00.000 042   99999.00     -572.85    47414.99    99999.00
1958-02-11 08:01:00.000 042   99999.00     -569.43    47406.81    99999.00
1958-02-11 08:02:00.000 042   99999.00     -570.17    47378.44    99999.00
1958-02-11 08:03:00.000 042   99999.00     -572.11    47397.97    99999.00
1958-02-11 08:04:00.000 042   99999.00     -571.52    47391.77    99999.00
1958-02-11 08:05:00.000 042   99999.00     -569.80    47411.69    99999.00
1958-02-11 08:06:00.000 042   99999.00     -569.07    47393.34    99999.00
1958-02-11 08:07:00.000 042   99999.00     -569.63    47370.55    99999.00
1958-02-11 08:08:00.000 042   99999.00     -570.90    47373.54    99999.00
1958-02-11 08:09:00.000 042   99999.00     -572.42    47405.59    99999.00
1958-02-11 08:10:00.000 042   99999.00     -573.96    47418.00    99999.00
1958-02-11 08:11:00.000 042   99999.00     -575.39    47399.49    99999.00
1958-02-11 08:12:00.000 042   99999.00     -576.60    47412.90    99999.00
1958-02-11 08:13:00.000 042   99999.00     -577.57    47437.07    99999.00
1958-02-11 08:14:00.000 042   99999.00     -578.31    47456.68    99999.00
1958-02-11 08:15:00.000 042   99999.00     -578.84    47454.74    99999.00
1958-02-11 08:16:00.000 042   99999.00     -579.15    47453.38    99999.00
1958-02-11 08:17:00.000 042   99999.00     -579.19    47487.97    99999.00
1958-02-11 08:18:00.000 042   99999.00     -578.87    47507.00    99999.00
1958-02-11 08:19:00.000 042   99999.00     -577.83    47456.94    99999.00
1958-02-11 08:20:00.000 042   99999.00     -575.64    47393.94    99999.00
1958-02-11 08:21:00.000 042   99999.00     -575.02    47391.21    99999.00
1958-02-11 08:22:00.000 042   99999.00     -577.54    47432.48    99999.00
1958-02-11 08:23:00.000 042   99999.00     -574.65    47487.47    99999.00
1958-02-11 08:24:00.000 042   99999.00     -576.57    47538.90    99999.00
1958-02-11 08:25:00.000 042   99999.00     -573.50    47563.31    99999.00
1958-02-11 08:26:00.000 042   99999.00     -574.64    47534.97    99999.00
1958-02-11 08:27:00.000 042   99999.00     -573.04    47498.62    99999.00
1958-02-11 08:28:00.000 042   99999.00     -573.60    47508.79    99999.00
1958-02-11 08:29:00.000 042   99999.00     -570.98    47487.15    99999.00
1958-02-11 08:30:00.000 042   99999.00     -574.86    47464.27    99999.00
1958-02-11 08:31:00.000 042   99999.00     -575.68    47454.60    99999.00
1958-02-11 08:32:00.000 042   99999.00     -574.11    47478.05    99999.00
1958-02-11 08:33:00.000 042   99999.00     -571.47    47497.02    99999.00
1958-02-11 08:34:00.000 042   99999.00     -568.59    47494.81    99999.00
1958-02-11 08:35:00.000 042   99999.00     -566.25    47510.43    99999.00
1958-02-11 08:36:00.000 042   99999.00     -567.96    47503.63    99999.00
1958-02-11 08:37:00.000 042   99999.00     -577.21    47548.00    99999.00
1958-02-11 08:38:00.000 042   99999.00     -575.65    47534.79    99999.00
1958-02-11 08:39:00.000 042   99999.00     -574.56    47574.34    99999.00
1958-02-11 08:40:00.000 042   99999.00     -576.14    47572.38    99999.00
1958-02-11 08:41:00.000 042   99999.00     -576.02    47602.45    99999.00
1958-02-11 08:42:00.000 042   99999.00     -574.19    47582.51    99999.00
1958-02-11 08:43:00.000 042   99999.00     -572.95    47579.20    99999.00
1958-02-11 08:44:00.000 042   99999.00     -573.85    47605.35    99999.00
1958-02-11 08:45:00.000 042   99999.00     -574.82    47618.50    99999.00
1958-02-11 08:46:00.000 042   99999.00     -572.46    47604.40    99999.00
1958-02-11 08:47:00.000 042   99999.00     -572.77    47575.25    99999.00
1958-02-11 08:48:00.000 042   99999.00     -573.43    47544.37    99999.00
1958-02-11 08:49:00.000 042   99999.00     -572.20    47520.52    99999.00
1958-02-11 08:50:00.000 042   99999.00     -569.61    47508.86    99999.00
1958-02-11 08:51:00.000 042   99999.00     -572.22    47533.45    99999.00
1958-02-11 08:52:00.000 042   99999.00     -575.11    47558.04    99999.00
1958-02-11 08:53:00.000 042   99999.00     -577.80    47582.63    99999.00
1958-02-11 08:54:00.000 042   99999.00     -580.06    47607.21    99999.00
1958-02-11 08:55:00.000 042   99999.00     -581.69    47631.80    99999.00
1958-02-11 08:56:00.000 042   99999.00     -582.43    47656.39    99999.00
1958-02-11 08:57:00.000 042   99999.00     -582.14    47680.97    99999.00
1958-02-11 08:58:00.000 042   99999.00     -580.99    47705.56    99999.00
1958-02-11 08:59:00.000 042   99999.00     -579.26    47730.15    99999.00
1958-02-11 09:00:00.000 042   99999.00    99999.00    99999.00    99999.00
1958-02-11 09:01:00.000 042   99999.00     -581.23    47393.00    99999.00
1958-02-11 09:02:00.000 042   99999.00     -582.52    47340.05    99999.00
1958-02-11 09:03:00.000 042   99999.00     -584.72    47303.42    99999.00
1958-02-11 09:04:00.000 042   99999.00     -581.17    47295.61    99999.00
1958-02-11 09:05:00.000 042   99999.00     -576.67    47297.82    99999.00
1958-02-11 09:06:00.000 042   99999.00     -575.64    47301.18    99999.00
1958-02-11 09:07:00.000 042   99999.00     -581.84    47340.85    99999.00
1958-02-11 09:08:00.000 042   99999.00     -582.27    47330.01    99999.00
1958-02-11 09:09:00.000 042   99999.00     -580.43    47324.47    99999.00
1958-02-11 09:10:00.000 042   99999.00     -583.74    47356.38    99999.00
1958-02-11 09:11:00.000 042   99999.00     -582.56    47356.92    99999.00
1958-02-11 09:12:00.000 042   99999.00     -582.41    47313.41    99999.00
1958-02-11 09:13:00.000 042   99999.00     -591.42    47332.39    99999.00
1958-02-11 09:14:00.000 042   99999.00     -591.72    47343.09    99999.00
1958-02-11 09:15:00.000 042   99999.00     -585.03    47348.11    99999.00
1958-02-11 09:16:00.000 042   99999.00     -582.54    47317.70    99999.00
1958-02-11 09:17:00.000 042   99999.00     -584.12    47328.47    99999.00
1958-02-11 09:18:00.000 042   99999.00     -582.28    47379.74    99999.00
1958-02-11 09:19:00.000 042   99999.00     -578.55    47394.38    99999.00
1958-02-11 09:20:00.000 042   99999.00     -575.52    47353.19    99999.00
1958-02-11 09:21:00.000 042   99999.00     -576.71    47399.11    99999.00
1958-02-11 09:22:00.000 042   99999.00     -579.49    47371.68    99999.00
1958-02-11 09:23:00.000 042   99999.00     -579.23    47415.49    99999.00
1958-02-11 09:24:00.000 042   99999.00     -578.44    47427.65    99999.00
1958-02-11 09:25:00.000 042   99999.00     -579.94    47423.24    99999.00
1958-02-11 09:26:00.000 042   99999.00     -581.71    47398.82    99999.00
1958-02-11 09:27:00.000 042   99999.00     -580.33    47374.12    99999.00
1958-02-11 09:28:00.000 042   99999.00     -581.21    47394.10    99999.00
1958-02-11 09:29:00.000 042   99999.00     -583.34    47385.49    99999.00
1958-02-11 09:30:00.000 042   99999.00     -583.49    47352.97    99999.00
1958-02-11 09:31:00.000 042   99999.00     -579.26    47313.36    99999.00
1958-02-11 09:32:00.000 042   99999.00     -575.12    47285.93    99999.00
1958-02-11 09:33:00.000 042   99999.00     -575.97    47345.74    99999.00
1958-02-11 09:34:00.000 042   99999.00     -579.69    47318.67    99999.00
1958-02-11 09:35:00.000 042   99999.00     -582.96    47295.42    99999.00
1958-02-11 09:36:00.000 042   99999.00     -583.09    47293.82    99999.00
1958-02-11 09:37:00.000 042   99999.00     -581.93    47300.47    99999.00
1958-02-11 09:38:00.000 042   99999.00     -584.40    47309.20    99999.00
1958-02-11 09:39:00.000 042   99999.00     -589.91    47296.45    99999.00
1958-02-11 09:40:00.000 042   99999.00     -589.70    47287.77    99999.00
1958-02-11 09:41:00.000 042   99999.00     -586.49    47289.48    99999.00
1958-02-11 09:42:00.000 042   99999.00     -588.24    47282.40    99999.00
1958-02-11 09:43:00.000 042   99999.00     -585.45    47269.35    99999.00
1958-02-11 09:44:00.000 042   99999.00     -584.41    47253.17    99999.00
1958-02-11 09:45:00.000 042   99999.00     -585.73    47277.32    99999.00
1958-02-11 09:46:00.000 042   99999.00     -587.29    47279.57    99999.00
1958-02-11 09:47:00.000 042   99999.00     -587.99    47267.73    99999.00
1958-02-11 09:48:00.000 042   99999.00     -586.21    47258.24    99999.00
1958-02-11 09:49:00.000 042   99999.00     -584.12    47272.54    99999.00
1958-02-11 09:50:00.000 042   99999.00     -590.44    47283.02    99999.00
1958-02-11 09:51:00.000 042   99999.00     -589.07    47298.06    99999.00
1958-02-11 09:52:00.000 042   99999.00     -588.95    47288.54    99999.00
1958-02-11 09:53:00.000 042   99999.00     -589.83    47280.36    99999.00
1958-02-11 09:54:00.000 042   99999.00     -589.63    47327.94    99999.00
1958-02-11 09:55:00.000 042   99999.00     -588.81    47330.00    99999.00
1958-02-11 09:56:00.000 042   99999.00     -589.85    47357.68    99999.00
1958-02-11 09:57:00.000 042   99999.00     -590.05    47331.86    99999.00
1958-02-11 09:58:00.000 042   99999.00     -588.75    47331.15    99999.00
1958-02-11 09:59:00.000 042   99999.00     -587.03    47316.27    99999.00
1958-02-11 10:00:00.000 042   99999.00     -586.36    47324.26    99999.00
1958-02-11 10:01:00.000 042   99999.00     -588.82    47316.42    99999.00
1958-02-11 10:02:00.000 042   99999.00     -589.62    47335.44    99999.00
1958-02-11 10:03:00.000 042   99999.00     -589.26    47346.13    99999.00
1958-02-11 10:04:00.000 042   99999.00     -588.40    47335.85    99999.00
1958-02-11 10:05:00.000 042   99999.00     -587.32    47310.26    99999.00
1958-02-11 10:06:00.000 042   99999.00     -586.13    47319.30    99999.00
1958-02-11 10:07:00.000 042   99999.00     -584.90    47307.35    99999.00
1958-02-11 10:08:00.000 042   99999.00     -583.66    47304.47    99999.00
1958-02-11 10:09:00.000 042   99999.00     -582.48    47310.95    99999.00
1958-02-11 10:10:00.000 042   99999.00     -581.45    47319.72    99999.00
1958-02-11 10:11:00.000 042   99999.00     -580.91    47318.33    99999.00
1958-02-11 10:12:00.000 042   99999.00     -583.89    47311.44    99999.00
1958-02-11 10:13:00.000 042   99999.00     -582.95    47324.43    99999.00
1958-02-11 10:14:00.000 042   99999.00     -581.57    47312.40    99999.00
1958-02-11 10:15:00.000 042   99999.00     -581.06    47282.67    99999.00
1958-02-11 10:16:00.000 042   99999.00     -582.93    47312.41    99999.00
1958-02-11 10:17:00.000 042   99999.00     -589.76    47304.17    99999.00
1958-02-11 10:18:00.000 042   99999.00     -595.65    47302.08    99999.00
1958-02-11 10:19:00.000 042   99999.00     -596.95    47307.89    99999.00
1958-02-11 10:20:00.000 042   99999.00     -596.02    47306.40    99999.00
1958-02-11 10:21:00.000 042   99999.00     -594.20    47312.99    99999.00
1958-02-11 10:22:00.000 042   99999.00     -591.97    47304.65    99999.00
1958-02-11 10:23:00.000 042   99999.00     -589.68    47280.31    99999.00
1958-02-11 10:24:00.000 042   99999.00     -587.81    47293.80    99999.00
1958-02-11 10:25:00.000 042   99999.00     -587.60    47295.78    99999.00
1958-02-11 10:26:00.000 042   99999.00     -589.49    47308.53    99999.00
1958-02-11 10:27:00.000 042   99999.00     -587.46    47315.52    99999.00
1958-02-11 10:28:00.000 042   99999.00     -586.32    47309.20    99999.00
1958-02-11 10:29:00.000 042   99999.00     -587.41    47317.00    99999.00
1958-02-11 10:30:00.000 042   99999.00     -587.60    47316.49    99999.00
1958-02-11 10:31:00.000 042   99999.00     -587.59    47318.76    99999.00
1958-02-11 10:32:00.000 042   99999.00     -587.94    47323.02    99999.00
1958-02-11 10:33:00.000 042   99999.00     -587.17    47328.36    99999.00
1958-02-11 10:34:00.000 042   99999.00     -589.05    47348.98    99999.00
1958-02-11 10:35:00.000 042   99999.00     -588.50    47334.93    99999.00
1958-02-11 10:36:00.000 042   99999.00     -587.72    47347.82    99999.00
1958-02-11 10:37:00.000 042   99999.00     -589.15    47364.41    99999.00
1958-02-11 10:38:00.000 042   99999.00     -587.00    47345.29    99999.00
1958-02-11 10:39:00.000 042   99999.00     -585.64    47343.82    99999.00
1958-02-11 10:40:00.000 042   99999.00     -586.33    47322.51    99999.00
1958-02-11 10:41:00.000 042   99999.00     -588.01    47298.76    99999.00
1958-02-11 10:42:00.000 042   99999.00     -589.91    47280.17    99999.00
1958-02-11 10:43:00.000 042   99999.00     -591.39    47301.06    99999.00
1958-02-11 10:44:00.000 042   99999.00     -591.09    47297.76    99999.00
1958-02-11 10:45:00.000 042   99999.00     -588.08    47308.94    99999.00
1958-02-11 10:46:00.000 042   99999.00     -588.04    47318.71    99999.00
1958-02-11 10:47:00.000 042   99999.00     -586.20    47321.94    99999.00
1958-02-11 10:48:00.000 042   99999.00     -588.84    47349.89    99999.00
1958-02-11 10:49:00.000 042   99999.00     -587.93    47366.46    99999.00
1958-02-11 10:50:00.000 042   99999.00     -586.41    47359.72    99999.00
1958-02-11 10:51:00.000 042   99999.00     -586.27    47385.56    99999.00
1958-02-11 10:52:00.000 042   99999.00     -588.05    47385.40    99999.00
1958-02-11 10:53:00.000 042   99999.00     -588.55    47377.48    99999.00
1958-02-11 10:54:00.000 042   99999.00     -587.43    47374.50    99999.00
1958-02-11 10:55:00.000 042   99999.00     -587.62    47383.90    99999.00
1958-02-11 10:56:00.000 042   99999.00     -588.12    47395.18    99999.00
1958-02-11 10:57:00.000 042   99999.00     -585.46    47386.52    99999.00
1958-02-11 10:58:00.000 042   99999.00     -586.26    47374.39    99999.00
1958-02-11 10:59:00.000 042   99999.00     -588.97    47386.06    99999.00
1958-02-11 11:00:00.000 042   99999.00     -589.31    47381.44    99999.00
1958-02-11 11:01:00.000 042   99999.00     -587.62    47382.38    99999.00
1958-02-11 11:02:00.000 042   99999.00     -586.10    47375.44    99999.00
1958-02-11 11:03:00.000 042   99999.00     -590.24    47377.84    99999.00
1958-02-11 11:04:00.000 042   99999.00     -588.86    47381.86    99999.00
1958-02-11 11:05:00.000 042   99999.00     -589.18    47376.87    99999.00
1958-02-11 11:06:00.000 042   99999.00     -590.94    47377.01    99999.00
1958-02-11 11:07:00.000 042   99999.00     -591.24    47371.86    99999.00
1958-02-11 11:08:00.000 042   99999.00     -590.10    47369.06    99999.00
1958-02-11 11:09:00.000 042   99999.00     -588.56    47372.86    99999.00
1958-02-11 11:10:00.000 042   14202.64     -587.19    47367.70    99999.00
1958-02-11 11:11:00.000 042   14223.21     -586.50    47358.14    99999.00
1958-02-11 11:12:00.000 042   14224.72     -587.04    47356.34    99999.00
1958-02-11 11:13:00.000 042   14218.22     -588.68    47361.10    99999.00
1958-02-11 11:14:00.000 042   14213.40     -590.60    47353.51    99999.00
1958-02-11 11:15:00.000 042   14223.04     -590.22    47358.32    99999.00
1958-02-11 11:16:00.000 042   14217.65     -588.44    47349.16    99999.00
1958-02-11 11:17:00.000 042   14217.24     -588.22    47336.66    99999.00
1958-02-11 11:18:00.000 042   14223.23     -588.66    47332.47    99999.00
1958-02-11 11:19:00.000 042   14207.12     -589.08    47331.12    99999.00
1958-02-11 11:20:00.000 042   14215.14     -586.96    47335.45    99999.00
1958-02-11 11:21:00.000 042   14224.75     -585.69    47345.12    99999.00
1958-02-11 11:22:00.000 042   14231.01     -586.89    47347.69    99999.00
1958-02-11 11:23:00.000 042   14224.39     -587.65    47343.36    99999.00
1958-02-11 11:24:00.000 042   14233.98     -587.19    47335.84    99999.00
1958-02-11 11:25:00.000 042   14228.55     -587.44    47330.39    99999.00
1958-02-11 11:26:00.000 042   14230.97     -588.77    47334.87    99999.00
1958-02-11 11:27:00.000 042   14246.08     -588.94    47333.22    99999.00
1958-02-11 11:28:00.000 042   14259.96     -588.49    47338.83    99999.00
1958-02-11 11:29:00.000 042   14254.02     -587.85    47340.81    99999.00
1958-02-11 11:30:00.000 042   14240.76     -587.17    47331.24    99999.00
1958-02-11 11:31:00.000 042   14237.98     -586.64    47323.50    99999.00
1958-02-11 11:32:00.000 042   14245.82     -586.76    47328.77    99999.00
1958-02-11 11:33:00.000 042   14258.50     -587.61    47325.35    99999.00
1958-02-11 11:34:00.000 042   14272.59     -586.91    47328.00    99999.00
1958-02-11 11:35:00.000 042   14281.02     -586.02    47340.18    99999.00
1958-02-11 11:36:00.000 042   14265.39     -586.10    47332.50    99999.00
1958-02-11 11:37:00.000 042   14272.56     -587.28    47345.23    99999.00
1958-02-11 11:38:00.000 042   14284.21     -586.58    47334.91    99999.00
1958-02-11 11:39:00.000 042   14297.18     -586.27    47331.40    99999.00
1958-02-11 11:40:00.000 042   14310.65     -587.01    47340.02    99999.00
1958-02-11 11:41:00.000 042   14324.22     -587.96    47345.88    99999.00
1958-02-11 11:42:00.000 042   14337.59     -588.83    47341.71    99999.00
1958-02-11 11:43:00.000 042   14350.40     -589.39    47334.11    99999.00
1958-02-11 11:44:00.000 042   14362.09     -589.31    47332.35    99999.00
1958-02-11 11:45:00.000 042   14371.14     -588.65    47337.96    99999.00
1958-02-11 11:46:00.000 042   14372.65     -588.09    47327.98    99999.00
1958-02-11 11:47:00.000 042   14359.11     -588.74    47316.39    99999.00
1958-02-11 11:48:00.000 042   14379.58     -589.85    47309.64    99999.00
1958-02-11 11:49:00.000 042   14380.86     -590.25    47317.80    99999.00
1958-02-11 11:50:00.000 042   14374.75     -589.73    47326.11    99999.00
1958-02-11 11:51:00.000 042   14368.61     -588.77    47321.03    99999.00
1958-02-11 11:52:00.000 042   14370.40     -587.81    47312.45    99999.00
1958-02-11 11:53:00.000 042   14391.08     -587.12    47306.39    99999.00
1958-02-11 11:54:00.000 042   14398.24     -586.98    47310.49    99999.00
1958-02-11 11:55:00.000 042   14381.78     -587.59    47313.31    99999.00
1958-02-11 11:56:00.000 042   14384.96     -588.77    47305.59    99999.00
1958-02-11 11:57:00.000 042   14391.68     -590.17    47315.11    99999.00
1958-02-11 11:58:00.000 042   14374.68     -591.37    47321.08    99999.00
1958-02-11 11:59:00.000 042   14365.43     -591.99    47312.54    99999.00
1958-02-11 12:00:00.000 042   14370.39     -591.78    47298.67    99999.00
1958-02-11 12:01:00.000 042   14382.78     -590.94    47294.07    99999.00
1958-02-11 12:02:00.000 042   14395.31     -589.78    47304.11    99999.00
1958-02-11 12:03:00.000 042   14397.20     -588.68    47272.50    99999.00
1958-02-11 12:04:00.000 042   14379.90     -588.52    47239.09    99999.00
1958-02-11 12:05:00.000 042   14392.41     -590.79    47237.38    99999.00
1958-02-11 12:06:00.000 042   14412.95     -592.80    47267.69    99999.00
1958-02-11 12:07:00.000 042   14403.84     -591.81    47288.21    99999.00
1958-02-11 12:08:00.000 042   14396.17     -590.24    47276.61    99999.00
1958-02-11 12:09:00.000 042   14405.95     -589.92    47247.05    99999.00
1958-02-11 12:10:00.000 042   14430.24     -591.72    47228.30    99999.00
1958-02-11 12:11:00.000 042   14460.20     -592.44    47241.94    99999.00
1958-02-11 12:12:00.000 042   14490.25     -591.78    47232.44    99999.00
1958-02-11 12:13:00.000 042   14514.08     -590.88    47218.46    99999.00
1958-02-11 12:14:00.000 042   14519.02     -590.63    47203.59    99999.00
1958-02-11 12:15:00.000 042   14505.32     -594.56    47189.35    99999.00
1958-02-11 12:16:00.000 042   14504.05     -595.10    47177.50    99999.00
1958-02-11 12:17:00.000 042   14522.48     -593.17    47172.32    99999.00
1958-02-11 12:18:00.000 042   14547.04     -590.89    47181.03    99999.00
1958-02-11 12:19:00.000 042   14570.05     -588.74    47173.26    99999.00
1958-02-11 12:20:00.000 042   14582.37     -587.05    47178.94    99999.00
1958-02-11 12:21:00.000 042   14575.88     -586.33    47224.36    99999.00
1958-02-11 12:22:00.000 042   14562.69     -587.42    47251.35    99999.00
1958-02-11 12:23:00.000 042   14568.36     -590.20    47247.92    99999.00
1958-02-11 12:24:00.000 042   14589.57     -592.93    47214.52    99999.00
1958-02-11 12:25:00.000 042   14587.57     -593.91    47163.37    99999.00
1958-02-11 12:26:00.000 042   14606.18     -593.44    47104.89    99999.00
1958-02-11 12:27:00.000 042   14622.05     -592.31    47047.84    99999.00
1958-02-11 12:28:00.000 042   14629.00     -590.97    47006.64    99999.00
1958-02-11 12:29:00.000 042   14604.54     -590.17    47009.57    99999.00
1958-02-11 12:30:00.000 042   14626.22     -592.73    47063.73    99999.00
1958-02-11 12:31:00.000 042   14625.81     -593.08    47052.39    99999.00
1958-02-11 12:32:00.000 042   14608.23     -591.93    47109.45    99999.00
1958-02-11 12:33:00.000 042   14614.23     -591.21    47138.22    99999.00
1958-02-11 12:34:00.000 042   14644.04     -591.42    47134.47    99999.00
1958-02-11 12:35:00.000 042   14686.80     -592.67    47167.52    99999.00
1958-02-11 12:36:00.000 042   14734.14     -594.29    47207.53    99999.00
1958-02-11 12:37:00.000 042   14781.06     -595.67    47237.13    99999.00
1958-02-11 12:38:00.000 042   14820.58     -596.41    47174.80    99999.00
1958-02-11 12:39:00.000 042   14827.98     -596.28    47168.05    99999.00
1958-02-11 12:40:00.000 042   14780.05     -595.30    47169.13    99999.00
1958-02-11 12:41:00.000 042   14797.27     -593.79    47139.21    99999.00
1958-02-11 12:42:00.000 042   14816.07     -591.99    47163.68    99999.00
1958-02-11 12:43:00.000 042   14767.78     -590.16    47198.02    99999.00
1958-02-11 12:44:00.000 042   14642.29     -588.63    47187.99    99999.00
1958-02-11 12:45:00.000 042   14626.73     -588.33    47202.27    99999.00
1958-02-11 12:46:00.000 042   14615.19     -591.89    47190.77    99999.00
1958-02-11 12:47:00.000 042   14647.14     -591.82    47183.39    99999.00
1958-02-11 12:48:00.000 042   14710.88     -588.92    47202.84    99999.00
1958-02-11 12:49:00.000 042   14766.39     -591.86    47200.88    99999.00
1958-02-11 12:50:00.000 042   14785.18     -598.41    47196.83    99999.00
1958-02-11 12:51:00.000 042   14709.24     -604.73    47222.48    99999.00
1958-02-11 12:52:00.000 042   14740.55     -608.35    47223.97    99999.00
1958-02-11 12:53:00.000 042   14785.94     -607.46    47213.41    99999.00
1958-02-11 12:54:00.000 042   14771.74     -603.44    47205.63    99999.00
1958-02-11 12:55:00.000 042   14798.08     -598.97    47224.74    99999.00
1958-02-11 12:56:00.000 042   14733.06     -597.84    47234.73    99999.00
1958-02-11 12:57:00.000 042   14586.60     -601.41    47237.03    99999.00
1958-02-11 12:58:00.000 042   14588.55     -605.48    47247.97    99999.00
1958-02-11 12:59:00.000 042   14638.94     -606.31    47262.73    99999.00
1958-02-11 13:00:00.000 042   14697.82     -604.38    47278.95    99999.00
1958-02-11 13:01:00.000 042   14744.29     -601.40    47295.71    99999.00
1958-02-11 13:02:00.000 042   14743.00     -599.52    47312.44    99999.00
1958-02-11 13:03:00.000 042   14669.03     -601.72    47328.62    99999.00
1958-02-11 13:04:00.000 042   14624.15     -602.43    47343.50    99999.00
1958-02-11 13:05:00.000 042   14644.02     -601.70    47355.44    99999.00
1958-02-11 13:06:00.000 042   14599.23     -600.62    47360.55    99999.00
1958-02-11 13:07:00.000 042   14606.73     -599.53    47352.63    99999.00
1958-02-11 13:08:00.000 042   14612.87     -598.72    47349.79    99999.00
1958-02-11 13:09:00.000 042   14577.06     -598.60    47366.22    99999.00
1958-02-11 13:10:00.000 042   14595.24     -599.54    47382.37    99999.00
1958-02-11 13:11:00.000 042   14570.47     -601.16    47383.72    99999.00
1958-02-11 13:12:00.000 042   14546.07     -602.14    47397.48    99999.00
1958-02-11 13:13:00.000 042   14522.32     -601.79    47392.99    99999.00
1958-02-11 13:14:00.000 042   14499.64     -600.94    47397.70    99999.00
1958-02-11 13:15:00.000 042   14478.62     -600.24    47411.20    99999.00
1958-02-11 13:16:00.000 042   14460.40     -600.06    47415.25    99999.00
1958-02-11 13:17:00.000 042   14447.68     -600.32    47410.73    99999.00
1958-02-11 13:18:00.000 042   14448.69     -600.74    47405.11    99999.00
1958-02-11 13:19:00.000 042   14472.86     -601.02    47405.82    99999.00
1958-02-11 13:20:00.000 042   14480.17     -600.55    47418.17    99999.00
1958-02-11 13:21:00.000 042   14465.42     -599.30    47420.68    99999.00
1958-02-11 13:22:00.000 042   14446.77     -599.12    47406.79    99999.00
1958-02-11 13:23:00.000 042   14429.97     -599.64    47394.18    99999.00
1958-02-11 13:24:00.000 042   14418.91     -599.13    47393.81    99999.00
1958-02-11 13:25:00.000 042   14417.90     -597.07    47407.16    99999.00
1958-02-11 13:26:00.000 042   14426.77     -595.61    47420.87    99999.00
1958-02-11 13:27:00.000 042   14440.65     -595.61    47424.89    99999.00
1958-02-11 13:28:00.000 042   14451.93     -596.35    47415.80    99999.00
1958-02-11 13:29:00.000 042   14449.58     -597.21    47398.30    99999.00
1958-02-11 13:30:00.000 042   14430.66     -596.70    47377.74    99999.00
1958-02-11 13:31:00.000 042   14407.90     -596.49    47358.52    99999.00
1958-02-11 13:32:00.000 042   14399.68     -597.17    47346.96    99999.00
1958-02-11 13:33:00.000 042   14417.19     -597.41    47351.19    99999.00
1958-02-11 13:34:00.000 042   14447.20     -596.78    47367.20    99999.00
1958-02-11 13:35:00.000 042   14470.79     -595.70    47376.57    99999.00
1958-02-11 13:36:00.000 042   14472.37     -594.95    47371.62    99999.00
1958-02-11 13:37:00.000 042   14458.92     -594.92    47362.86    99999.00
1958-02-11 13:38:00.000 042   14466.41     -595.67    47357.46    99999.00
1958-02-11 13:39:00.000 042   14443.68     -596.86    47359.85    99999.00
1958-02-11 13:40:00.000 042   14444.06     -598.18    47369.14    99999.00
1958-02-11 13:41:00.000 042   14466.55     -599.40    47380.78    99999.00
1958-02-11 13:42:00.000 042   14498.65     -600.21    47390.92    99999.00
1958-02-11 13:43:00.000 042   14531.57     -600.03    47396.24    99999.00
1958-02-11 13:44:00.000 042   14549.70     -598.50    47394.70    99999.00
1958-02-11 13:45:00.000 042   14522.42     -596.48    47387.99    99999.00
1958-02-11 13:46:00.000 042   14500.28     -596.44    47378.45    99999.00
1958-02-11 13:47:00.000 042   14490.15     -598.31    47369.48    99999.00
1958-02-11 13:48:00.000 042   14484.93     -600.07    47372.10    99999.00
1958-02-11 13:49:00.000 042   14483.41     -600.48    47380.55    99999.00
1958-02-11 13:50:00.000 042   14488.11     -599.56    47372.55    99999.00
1958-02-11 13:51:00.000 042   14504.78     -598.20    47360.09    99999.00
1958-02-11 13:52:00.000 042   14496.80     -597.15    47347.90    99999.00
1958-02-11 13:53:00.000 042   14496.56     -597.00    47342.89    99999.00
1958-02-11 13:54:00.000 042   14503.74     -597.79    47354.15    99999.00
1958-02-11 13:55:00.000 042   14499.21     -599.02    47352.43    99999.00
1958-02-11 13:56:00.000 042   14494.55     -600.04    47362.80    99999.00
1958-02-11 13:57:00.000 042   14495.29     -599.88    47365.67    99999.00
1958-02-11 13:58:00.000 042   14516.10     -598.74    47362.13    99999.00
1958-02-11 13:59:00.000 042   14532.91     -598.04    47370.16    99999.00
1958-02-11 14:00:00.000 042   14519.60     -598.39    47373.34    99999.00
1958-02-11 14:01:00.000 042   14513.77     -599.23    47364.23    99999.00
1958-02-11 14:02:00.000 042   14518.34     -600.08    47354.24    99999.00
1958-02-11 14:03:00.000 042   14525.39     -600.58    47350.45    99999.00
1958-02-11 14:04:00.000 042   14519.33     -600.23    47355.42    99999.00
1958-02-11 14:05:00.000 042   14494.56     -599.12    47359.22    99999.00
1958-02-11 14:06:00.000 042   14501.99     -598.00    47347.14    99999.00
1958-02-11 14:07:00.000 042   14501.17     -597.37    47349.70    99999.00
1958-02-11 14:08:00.000 042   14491.99     -597.29    47353.29    99999.00
1958-02-11 14:09:00.000 042   14486.52     -597.60    47343.81    99999.00
1958-02-11 14:10:00.000 042   14489.80     -598.11    47327.28    99999.00
1958-02-11 14:11:00.000 042   14500.20     -598.72    47316.64    99999.00
1958-02-11 14:12:00.000 042   14513.48     -599.34    47328.93    99999.00
1958-02-11 14:13:00.000 042   14526.73     -599.93    47355.41    99999.00
1958-02-11 14:14:00.000 042   14536.60     -600.38    47345.71    99999.00
1958-02-11 14:15:00.000 042   14538.33     -600.55    47326.13    99999.00
1958-02-11 14:16:00.000 042   14532.27     -600.34    47325.56    99999.00
1958-02-11 14:17:00.000 042   14534.44     -599.76    47336.05    99999.00
1958-02-11 14:18:00.000 042   14552.62     -599.03    47349.65    99999.00
1958-02-11 14:19:00.000 042   14544.83     -599.31    47356.44    99999.00
1958-02-11 14:20:00.000 042   14546.73     -600.23    47350.53    99999.00
1958-02-11 14:21:00.000 042   14562.35     -599.38    47345.33    99999.00
1958-02-11 14:22:00.000 042   14579.69     -598.27    47355.45    99999.00
1958-02-11 14:23:00.000 042   14590.65     -597.86    47347.26    99999.00
1958-02-11 14:24:00.000 042   14588.86     -598.58    47335.21    99999.00
1958-02-11 14:25:00.000 042   14579.78     -599.80    47323.21    99999.00
1958-02-11 14:26:00.000 042   14582.35     -600.46    47312.50    99999.00
1958-02-11 14:27:00.000 042   14586.39     -600.11    47303.93    99999.00
1958-02-11 14:28:00.000 042   14567.97     -599.69    47298.48    99999.00
1958-02-11 14:29:00.000 042   14563.50     -599.87    47297.60    99999.00
1958-02-11 14:30:00.000 042   14590.20     -600.40    47302.48    99999.00
1958-02-11 14:31:00.000 042   14595.43     -600.92    47312.65    99999.00
1958-02-11 14:32:00.000 042   14621.58     -600.96    47326.99    99999.00
1958-02-11 14:33:00.000 042   14643.20     -600.53    47342.95    99999.00
1958-02-11 14:34:00.000 042   14649.16     -600.60    47351.57    99999.00
1958-02-11 14:35:00.000 042   14641.81     -601.05    47334.94    99999.00
1958-02-11 14:36:00.000 042   14652.14     -601.13    47330.71    99999.00
1958-02-11 14:37:00.000 042   14664.75     -600.87    47339.26    99999.00
1958-02-11 14:38:00.000 042   14671.53     -601.00    47341.77    99999.00
1958-02-11 14:39:00.000 042   14667.40     -601.28    47334.26    99999.00
1958-02-11 14:40:00.000 042   14654.31     -600.93    47330.67    99999.00
1958-02-11 14:41:00.000 042   14640.12     -600.69    47362.23    99999.00
1958-02-11 14:42:00.000 042   14646.64     -601.60    47362.62    99999.00
1958-02-11 14:43:00.000 042   14634.11     -602.15    47353.70    99999.00
1958-02-11 14:44:00.000 042   14617.01     -601.93    47358.82    99999.00
1958-02-11 14:45:00.000 042   14599.61     -601.31    47355.92    99999.00
1958-02-11 14:46:00.000 042   14585.17     -600.54    47352.14    99999.00
1958-02-11 14:47:00.000 042   14593.08     -599.73    47354.11    99999.00
1958-02-11 14:48:00.000 042   14579.63     -598.97    47360.86    99999.00
1958-02-11 14:49:00.000 042   14580.61     -598.47    47368.68    99999.00
1958-02-11 14:50:00.000 042   14588.02     -599.68    47374.72    99999.00
1958-02-11 14:51:00.000 042   14596.08     -599.11    47375.98    99999.00
1958-02-11 14:52:00.000 042   14591.92     -600.02    47372.22    99999.00
1958-02-11 14:53:00.000 042   14601.12     -600.85    47370.75    99999.00
1958-02-11 14:54:00.000 042   14603.18     -600.89    47375.71    99999.00
1958-02-11 14:55:00.000 042   14592.41     -599.88    47372.15    99999.00
1958-02-11 14:56:00.000 042   14597.11     -598.57    47367.68    99999.00
1958-02-11 14:57:00.000 042   14610.84     -599.35    47363.14    99999.00
1958-02-11 14:58:00.000 042   14606.33     -598.73    47358.92    99999.00
1958-02-11 14:59:00.000 042   14584.57     -597.66    47355.42    99999.00
1958-02-11 15:00:00.000 042   14559.31     -597.94    47353.37    99999.00
1958-02-11 15:01:00.000 042   14539.23     -598.51    47354.67    99999.00
1958-02-11 15:02:00.000 042   14530.36     -597.79    47362.44    99999.00
1958-02-11 15:03:00.000 042   14532.83     -596.90    47374.07    99999.00
1958-02-11 15:04:00.000 042   14541.06     -596.16    47372.43    99999.00
1958-02-11 15:05:00.000 042   14549.28     -595.68    47369.75    99999.00
1958-02-11 15:06:00.000 042   14551.05     -595.53    47373.37    99999.00
1958-02-11 15:07:00.000 042   14543.66     -595.67    47374.26    99999.00
1958-02-11 15:08:00.000 042   14531.38     -595.99    47372.21    99999.00
1958-02-11 15:09:00.000 042   14521.74     -596.44    47374.66    99999.00
1958-02-11 15:10:00.000 042   14523.37     -596.94    47371.75    99999.00
1958-02-11 15:11:00.000 042   14529.37     -597.39    47365.47    99999.00
1958-02-11 15:12:00.000 042   14504.39     -597.54    47359.59    99999.00
1958-02-11 15:13:00.000 042   14509.38     -597.02    47358.23    99999.00
1958-02-11 15:14:00.000 042   14514.69     -597.61    47364.79    99999.00
1958-02-11 15:15:00.000 042   14507.66     -597.97    47369.46    99999.00
1958-02-11 15:16:00.000 042   14505.12     -597.80    47369.86    99999.00
1958-02-11 15:17:00.000 042   14515.90     -597.44    47367.75    99999.00
1958-02-11 15:18:00.000 042   14526.60     -597.10    47364.54    99999.00
1958-02-11 15:19:00.000 042   14530.46     -596.91    47360.85    99999.00
1958-02-11 15:20:00.000 042   14519.31     -597.01    47357.03    99999.00
1958-02-11 15:21:00.000 042   14497.11     -597.38    47353.41    99999.00
1958-02-11 15:22:00.000 042   14492.88     -597.83    47350.56    99999.00
1958-02-11 15:23:00.000 042   14490.96     -598.07    47350.25    99999.00
1958-02-11 15:24:00.000 042   14487.65     -597.82    47356.51    99999.00
1958-02-11 15:25:00.000 042   14493.37     -597.16    47358.53    99999.00
1958-02-11 15:26:00.000 042   14500.23     -596.42    47353.76    99999.00
1958-02-11 15:27:00.000 042   14504.84     -596.06    47348.05    99999.00
1958-02-11 15:28:00.000 042   14501.20     -596.34    47343.24    99999.00
1958-02-11 15:29:00.000 042   14508.70     -596.82    47342.25    99999.00
1958-02-11 15:30:00.000 042   14501.97     -596.54    47348.01    99999.00
1958-02-11 15:31:00.000 042   14493.39     -596.29    47350.65    99999.00
1958-02-11 15:32:00.000 042   14484.76     -596.44    47347.00    99999.00
1958-02-11 15:33:00.000 042   14476.84     -596.71    47343.91    99999.00
1958-02-11 15:34:00.000 042   14470.53     -596.98    47346.15    99999.00
1958-02-11 15:35:00.000 042   14467.78     -597.14    47352.29    99999.00
1958-02-11 15:36:00.000 042   14471.35     -597.12    47354.20    99999.00
1958-02-11 15:37:00.000 042   14481.75     -596.92    47349.05    99999.00
1958-02-11 15:38:00.000 042   14482.33     -596.65    47346.44    99999.00
1958-02-11 15:39:00.000 042   14486.81     -596.45    47347.53    99999.00
1958-02-11 15:40:00.000 042   14492.20     -596.48    47343.32    99999.00
1958-02-11 15:41:00.000 042   14482.39     -596.74    47338.91    99999.00
1958-02-11 15:42:00.000 042   14474.70     -597.11    47336.44    99999.00
1958-02-11 15:43:00.000 042   14479.68     -597.48    47337.22    99999.00
1958-02-11 15:44:00.000 042   14486.56     -597.66    47340.80    99999.00
1958-02-11 15:45:00.000 042   14484.92     -597.55    47345.14    99999.00
1958-02-11 15:46:00.000 042   14477.52     -597.46    47348.32    99999.00
1958-02-11 15:47:00.000 042   14468.89     -597.85    47348.69    99999.00
1958-02-11 15:48:00.000 042   14462.23     -598.50    47346.05    99999.00
1958-02-11 15:49:00.000 042   14462.74     -598.97    47341.43    99999.00
1958-02-11 15:50:00.000 042   14470.79     -599.04    47335.96    99999.00
1958-02-11 15:51:00.000 042   14473.10     -598.63    47332.60    99999.00
1958-02-11 15:52:00.000 042   14466.40     -597.96    47334.49    99999.00
1958-02-11 15:53:00.000 042   14461.33     -597.22    47332.53    99999.00
1958-02-11 15:54:00.000 042   14470.34     -596.74    47332.27    99999.00
1958-02-11 15:55:00.000 042   14485.01     -597.02    47334.85    99999.00
1958-02-11 15:56:00.000 042   14486.01     -597.11    47333.18    99999.00
1958-02-11 15:57:00.000 042   14481.59     -596.98    47331.21    99999.00
1958-02-11 15:58:00.000 042   14481.27     -597.13    47329.44    99999.00
1958-02-11 15:59:00.000 042   14487.25     -597.42    47328.43    99999.00
1958-02-11 16:00:00.000 042   14485.15     -597.72    47329.30    99999.00
1958-02-11 16:01:00.000 042   14467.44     -597.98    47332.47    99999.00
1958-02-11 16:02:00.000 042   14454.70     -598.13    47331.83    99999.00
1958-02-11 16:03:00.000 042   14452.65     -598.13    47333.08    99999.00
1958-02-11 16:04:00.000 042   14457.74     -597.96    47336.82    99999.00
1958-02-11 16:05:00.000 042   14465.37     -597.72    47340.48    99999.00
1958-02-11 16:06:00.000 042   14473.13     -597.52    47341.82    99999.00
1958-02-11 16:07:00.000 042   14479.33     -597.51    47339.76    99999.00
1958-02-11 16:08:00.000 042   14482.11     -597.70    47344.61    99999.00
1958-02-11 16:09:00.000 042   14479.44     -597.98    47349.58    99999.00
1958-02-11 16:10:00.000 042   14471.80     -598.28    47345.97    99999.00
1958-02-11 16:11:00.000 042   14461.50     -598.57    47341.09    99999.00
1958-02-11 16:12:00.000 042   14452.10     -598.84    47344.78    99999.00
1958-02-11 16:13:00.000 042   14448.35     -599.07    47343.20    99999.00
1958-02-11 16:14:00.000 042   14452.24     -599.28    47339.30    99999.00
1958-02-11 16:15:00.000 042   14459.78     -599.47    47335.36    99999.00
1958-02-11 16:16:00.000 042   14466.49     -599.65    47332.35    99999.00
1958-02-11 16:17:00.000 042   14469.17     -599.81    47331.46    99999.00
1958-02-11 16:18:00.000 042   14466.85     -599.95    47333.66    99999.00
1958-02-11 16:19:00.000 042   14461.98     -600.07    47337.99    99999.00
1958-02-11 16:20:00.000 042   14456.85     -600.16    47338.36    99999.00
1958-02-11 16:21:00.000 042   14453.12     -600.21    47334.26    99999.00
1958-02-11 16:22:00.000 042   14452.11     -600.20    47339.02    99999.00
1958-02-11 16:23:00.000 042   14454.90     -600.04    47345.65    99999.00
1958-02-11 16:24:00.000 042   14461.83     -599.49    47350.52    99999.00
1958-02-11 16:25:00.000 042   14471.84     -599.77    47346.47    99999.00
1958-02-11 16:26:00.000 042   14483.87     -599.47    47336.53    99999.00
1958-02-11 16:27:00.000 042   14496.88     -599.03    47341.56    99999.00
1958-02-11 16:28:00.000 042   14509.55     -599.31    47338.52    99999.00
1958-02-11 16:29:00.000 042   14519.40     -599.18    47329.51    99999.00
1958-02-11 16:30:00.000 042   14522.22     -598.75    47320.48    99999.00
1958-02-11 16:31:00.000 042   14513.80     -598.54    47315.05    99999.00
1958-02-11 16:32:00.000 042   14522.31     -598.76    47315.70    99999.00
1958-02-11 16:33:00.000 042   14516.37     -599.28    47320.62    99999.00
1958-02-11 16:34:00.000 042   14509.26     -599.79    47325.32    99999.00
1958-02-11 16:35:00.000 042   14502.62     -600.04    47322.09    99999.00
1958-02-11 16:36:00.000 042   14497.63     -599.80    47327.28    99999.00
1958-02-11 16:37:00.000 042   14496.83     -599.23    47321.55    99999.00
1958-02-11 16:38:00.000 042   14504.90     -598.80    47315.43    99999.00
1958-02-11 16:39:00.000 042   14516.30     -599.18    47310.37    99999.00
1958-02-11 16:40:00.000 042   14510.93     -598.42    47307.34    99999.00
1958-02-11 16:41:00.000 042   14499.27     -597.70    47307.89    99999.00
1958-02-11 16:42:00.000 042   14492.01     -597.57    47315.43    99999.00
1958-02-11 16:43:00.000 042   14497.26     -597.99    47330.84    99999.00
1958-02-11 16:44:00.000 042   14509.10     -598.53    47346.46    99999.00
1958-02-11 16:45:00.000 042   14502.53     -598.40    47353.91    99999.00
1958-02-11 16:46:00.000 042   14499.13     -598.61    47352.82    99999.00
1958-02-11 16:47:00.000 042   14505.20     -598.66    47347.02    99999.00
1958-02-11 16:48:00.000 042   14509.36     -598.29    47338.90    99999.00
1958-02-11 16:49:00.000 042   14506.18     -597.94    47329.70    99999.00
1958-02-11 16:50:00.000 042   14495.74     -597.78    47320.64    99999.00
1958-02-11 16:51:00.000 042   14484.63     -597.87    47314.71    99999.00
1958-02-11 16:52:00.000 042   14481.57     -598.24    47330.67    99999.00
1958-02-11 16:53:00.000 042   14488.65     -598.75    47334.30    99999.00
1958-02-11 16:54:00.000 042   14494.41     -599.22    47327.76    99999.00
1958-02-11 16:55:00.000 042   14485.09     -599.53    47320.94    99999.00
1958-02-11 16:56:00.000 042   14492.05     -599.55    47317.33    99999.00
1958-02-11 16:57:00.000 042   14485.32     -599.21    47323.70    99999.00
1958-02-11 16:58:00.000 042   14500.03     -598.53    47334.83    99999.00
1958-02-11 16:59:00.000 042   14513.31     -597.66    47339.20    99999.00
1958-02-11 17:00:00.000 042   14514.48     -596.72    47338.32    99999.00
1958-02-11 17:01:00.000 042   14496.58     -595.86    47335.28    99999.00
1958-02-11 17:02:00.000 042   14470.69     -595.27    47331.39    99999.00
1958-02-11 17:03:00.000 042   14456.31     -595.19    47327.31    99999.00
1958-02-11 17:04:00.000 042   14466.66     -595.71    47323.62    99999.00
1958-02-11 17:05:00.000 042   14491.10     -596.77    47321.22    99999.00
1958-02-11 17:06:00.000 042   14512.88     -597.93    47321.89    99999.00
1958-02-11 17:07:00.000 042   14515.62     -597.41    47326.88    99999.00
1958-02-11 17:08:00.000 042   14497.04     -597.83    47332.82    99999.00
1958-02-11 17:09:00.000 042   14474.50     -598.48    47331.12    99999.00
1958-02-11 17:10:00.000 042   14466.22     -599.11    47325.29    99999.00
1958-02-11 17:11:00.000 042   14476.94     -599.62    47320.60    99999.00
1958-02-11 17:12:00.000 042   14494.65     -599.94    47319.94    99999.00
1958-02-11 17:13:00.000 042   14506.67     -599.95    47324.22    99999.00
1958-02-11 17:14:00.000 042   14500.04     -599.56    47331.14    99999.00
1958-02-11 17:15:00.000 042   14480.56     -598.88    47338.11    99999.00
1958-02-11 17:16:00.000 042   14465.82     -598.11    47341.19    99999.00
1958-02-11 17:17:00.000 042   14467.37     -597.67    47335.82    99999.00
1958-02-11 17:18:00.000 042   14479.33     -598.17    47327.03    99999.00
1958-02-11 17:19:00.000 042   14493.22     -599.40    47326.74    99999.00
1958-02-11 17:20:00.000 042   14495.69     -599.98    47332.03    99999.00
1958-02-11 17:21:00.000 042   14480.75     -599.22    47335.58    99999.00
1958-02-11 17:22:00.000 042   14485.32     -599.35    47333.44    99999.00
1958-02-11 17:23:00.000 042   14480.56     -599.88    47329.85    99999.00
1958-02-11 17:24:00.000 042   14466.66     -599.45    47341.97    99999.00
1958-02-11 17:25:00.000 042   14459.79     -600.01    47341.89    99999.00
1958-02-11 17:26:00.000 042   14466.30     -600.65    47337.25    99999.00
1958-02-11 17:27:00.000 042   14478.42     -600.33    47333.36    99999.00
1958-02-11 17:28:00.000 042   14486.35     -600.32    47339.81    99999.00
1958-02-11 17:29:00.000 042   14484.48     -600.76    47336.91    99999.00
1958-02-11 17:30:00.000 042   14474.09     -600.30    47345.80    99999.00
1958-02-11 17:31:00.000 042   14460.36     -599.34    47342.45    99999.00
1958-02-11 17:32:00.000 042   14447.76     -599.30    47348.02    99999.00
1958-02-11 17:33:00.000 042   14441.92     -599.72    47359.15    99999.00
1958-02-11 17:34:00.000 042   14446.09     -599.72    47360.04    99999.00
1958-02-11 17:35:00.000 042   14455.53     -599.00    47356.75    99999.00
1958-02-11 17:36:00.000 042   14457.82     -599.59    47361.27    99999.00
1958-02-11 17:37:00.000 042   14449.24     -600.22    47364.10    99999.00
1958-02-11 17:38:00.000 042   14444.65     -600.25    47358.78    99999.00
1958-02-11 17:39:00.000 042   14449.42     -599.80    47355.70    99999.00
1958-02-11 17:40:00.000 042   14453.96     -599.33    47359.13    99999.00
1958-02-11 17:41:00.000 042   14446.56     -599.14    47361.41    99999.00
1958-02-11 17:42:00.000 042   14432.24     -599.34    47355.88    99999.00
1958-02-11 17:43:00.000 042   14431.46     -599.72    47360.19    99999.00
1958-02-11 17:44:00.000 042   14440.93     -600.05    47355.50    99999.00
1958-02-11 17:45:00.000 042   14450.27     -600.19    47359.23    99999.00
1958-02-11 17:46:00.000 042   14450.32     -600.04    47360.70    99999.00
1958-02-11 17:47:00.000 042   14438.63     -599.64    47355.61    99999.00
1958-02-11 17:48:00.000 042   14430.58     -599.08    47351.70    99999.00
1958-02-11 17:49:00.000 042   14435.55     -598.48    47352.78    99999.00
1958-02-11 17:50:00.000 042   14428.51     -597.91    47358.50    99999.00
1958-02-11 17:51:00.000 042   14432.47     -597.58    47361.27    99999.00
1958-02-11 17:52:00.000 042   14441.21     -597.70    47351.98    99999.00
1958-02-11 17:53:00.000 042   14439.17     -598.21    47351.57    99999.00
1958-02-11 17:54:00.000 042   14433.51     -597.82    47357.35    99999.00
1958-02-11 17:55:00.000 042   14435.27     -598.19    47363.48    99999.00
1958-02-11 17:56:00.000 042   14447.17     -598.98    47360.43    99999.00
1958-02-11 17:57:00.000 042   14445.54     -599.47    47364.23    99999.00
1958-02-11 17:58:00.000 042   14442.67     -599.33    47360.62    99999.00
1958-02-11 17:59:00.000 042   14448.18     -598.73    47355.16    99999.00
1958-02-11 18:00:00.000 042   14447.83     -598.05    47349.78    99999.00
1958-02-11 18:01:00.000 042   14445.58     -597.86    47346.57    99999.00
1958-02-11 18:02:00.000 042   14449.50     -598.25    47352.14    99999.00
1958-02-11 18:03:00.000 042   14443.76     -598.24    47352.70    99999.00
1958-02-11 18:04:00.000 042   14443.55     -597.65    47362.91    99999.00
1958-02-11 18:05:00.000 042   14450.98     -597.41    47370.21    99999.00
1958-02-11 18:06:00.000 042   14454.50     -597.78    47362.20    99999.00
1958-02-11 18:07:00.000 042   14451.49     -598.13    47344.38    99999.00
1958-02-11 18:08:00.000 042   14448.75     -597.68    47332.52    99999.00
1958-02-11 18:09:00.000 042   14453.30     -596.84    47335.71    99999.00
1958-02-11 18:10:00.000 042   14461.87     -597.07    47353.46    99999.00
1958-02-11 18:11:00.000 042   14465.80     -597.73    47361.10    99999.00
1958-02-11 18:12:00.000 042   14459.94     -597.53    47348.52    99999.00
1958-02-11 18:13:00.000 042   14454.11     -597.06    47350.47    99999.00
1958-02-11 18:14:00.000 042   14455.05     -597.42    47340.59    99999.00
1958-02-11 18:15:00.000 042   14462.64     -596.62    47336.12    99999.00
1958-02-11 18:16:00.000 042   14473.27     -597.95    47345.14    99999.00
1958-02-11 18:17:00.000 042   14484.21     -599.48    47357.35    99999.00
1958-02-11 18:18:00.000 042   14493.34     -599.26    47351.96    99999.00
1958-02-11 18:19:00.000 042   14497.55     -598.30    47350.07    99999.00
1958-02-11 18:20:00.000 042   14490.67     -597.28    47343.44    99999.00
1958-02-11 18:21:00.000 042   14473.23     -596.75    47329.46    99999.00
1958-02-11 18:22:00.000 042   14466.01     -597.63    47347.88    99999.00
1958-02-11 18:23:00.000 042   14485.57     -598.78    47354.97    99999.00
1958-02-11 18:24:00.000 042   14515.07     -598.91    47342.93    99999.00
1958-02-11 18:25:00.000 042   14538.58     -598.51    47358.44    99999.00
1958-02-11 18:26:00.000 042   14538.95     -597.99    47360.47    99999.00
1958-02-11 18:27:00.000 042   14505.99     -597.63    47358.08    99999.00
1958-02-11 18:28:00.000 042   14467.66     -598.49    47381.83    99999.00
1958-02-11 18:29:00.000 042   14454.77     -600.58    47394.15    99999.00
1958-02-11 18:30:00.000 042   14466.69     -599.87    47391.61    99999.00
1958-02-11 18:31:00.000 042   14488.07     -599.16    47387.35    99999.00
1958-02-11 18:32:00.000 042   14507.66     -599.78    47398.98    99999.00
1958-02-11 18:33:00.000 042   14506.52     -599.43    47412.21    99999.00
1958-02-11 18:34:00.000 042   14478.32     -598.54    47407.38    99999.00
1958-02-11 18:35:00.000 042   14466.82     -599.58    47397.65    99999.00
1958-02-11 18:36:00.000 042   14479.88     -600.11    47387.01    99999.00
1958-02-11 18:37:00.000 042   14501.67     -597.28    47376.63    99999.00
1958-02-11 18:38:00.000 042   14524.56     -599.07    47368.69    99999.00
1958-02-11 18:39:00.000 042   14541.79     -599.47    47375.02    99999.00
1958-02-11 18:40:00.000 042   14537.64     -598.61    47373.23    99999.00
1958-02-11 18:41:00.000 042   14504.89     -599.94    47366.18    99999.00
1958-02-11 18:42:00.000 042   14567.86     -599.38    47360.55    99999.00
1958-02-11 18:43:00.000 042   14587.56     -597.93    47358.98    99999.00
1958-02-11 18:44:00.000 042   14579.15     -597.20    47364.11    99999.00
1958-02-11 18:45:00.000 042   14580.00     -597.98    47374.39    99999.00
1958-02-11 18:46:00.000 042   14592.02     -597.38    47383.25    99999.00
1958-02-11 18:47:00.000 042   14584.27     -595.19    47378.48    99999.00
1958-02-11 18:48:00.000 042   14597.40     -594.13    47386.34    99999.00
1958-02-11 18:49:00.000 042   14612.84     -594.26    47411.54    99999.00
1958-02-11 18:50:00.000 042   14599.09     -595.15    47409.46    99999.00
1958-02-11 18:51:00.000 042   14619.24     -596.41    47395.00    99999.00
1958-02-11 18:52:00.000 042   14646.91     -597.87    47389.88    99999.00
1958-02-11 18:53:00.000 042   14669.61     -599.38    47396.43    99999.00
1958-02-11 18:54:00.000 042   14677.63     -600.68    47408.21    99999.00
1958-02-11 18:55:00.000 042   14660.92     -599.96    47420.52    99999.00
1958-02-11 18:56:00.000 042   14670.31     -599.68    47429.35    99999.00
1958-02-11 18:57:00.000 042   14699.50     -600.24    47429.35    99999.00
1958-02-11 18:58:00.000 042   14693.88     -600.90    47420.27    99999.00
1958-02-11 18:59:00.000 042   14682.54     -601.48    47410.99    99999.00
1958-02-11 19:00:00.000 042   14670.36     -601.88    47419.83    99999.00
1958-02-11 19:01:00.000 042   14659.93     -601.89    47437.49    99999.00
1958-02-11 19:02:00.000 042   14654.78     -601.36    47425.02    99999.00
1958-02-11 19:03:00.000 042   14661.78     -600.35    47407.71    99999.00
1958-02-11 19:04:00.000 042   14683.02     -599.27    47426.58    99999.00
1958-02-11 19:05:00.000 042   14699.56     -599.06    47439.15    99999.00
1958-02-11 19:06:00.000 042   14692.43     -599.55    47431.35    99999.00
1958-02-11 19:07:00.000 042   14674.33     -599.84    47439.87    99999.00
1958-02-11 19:08:00.000 042   14657.35     -599.65    47440.97    99999.00
1958-02-11 19:09:00.000 042   14662.11     -599.38    47433.94    99999.00
1958-02-11 19:10:00.000 042   14654.82     -599.35    47424.91    99999.00
1958-02-11 19:11:00.000 042   14663.50     -600.13    47415.40    99999.00
1958-02-11 19:12:00.000 042   14677.46     -601.75    47406.04    99999.00
1958-02-11 19:13:00.000 042   14680.93     -602.82    47397.34    99999.00
1958-02-11 19:14:00.000 042   14673.00     -602.74    47390.02    99999.00
1958-02-11 19:15:00.000 042   14661.01     -602.16    47385.70    99999.00
1958-02-11 19:16:00.000 042   14650.89     -601.52    47388.68    99999.00
1958-02-11 19:17:00.000 042   14648.05     -602.38    47411.04    99999.00
1958-02-11 19:18:00.000 042   14653.23     -601.96    47384.34    99999.00
1958-02-11 19:19:00.000 042   14659.91     -602.28    47396.47    99999.00
1958-02-11 19:20:00.000 042   14656.67     -602.84    47372.30    99999.00
1958-02-11 19:21:00.000 042   14635.65     -602.76    47329.79    99999.00
1958-02-11 19:22:00.000 042   14618.46     -601.92    47302.00    99999.00
1958-02-11 19:23:00.000 042   14627.49     -601.08    47306.40    99999.00
1958-02-11 19:24:00.000 042   14640.36     -600.75    47318.39    99999.00
1958-02-11 19:25:00.000 042   14567.31     -601.07    47311.28    99999.00
1958-02-11 19:26:00.000 042   14585.34     -601.91    47284.40    99999.00
1958-02-11 19:27:00.000 042   14607.46     -602.97    47251.78    99999.00
1958-02-11 19:28:00.000 042   14587.49     -604.06    47244.26    99999.00
1958-02-11 19:29:00.000 042   14598.72     -605.02    47248.88    99999.00
1958-02-11 19:30:00.000 042   14639.75     -605.61    47236.68    99999.00
1958-02-11 19:31:00.000 042   14680.47     -605.43    47220.19    99999.00
1958-02-11 19:32:00.000 042   14707.16     -604.20    47203.04    99999.00
1958-02-11 19:33:00.000 042   14687.84     -602.21    47192.10    99999.00
1958-02-11 19:34:00.000 042   14686.62     -603.06    47191.81    99999.00
1958-02-11 19:35:00.000 042   14706.79     -603.18    47189.28    99999.00
1958-02-11 19:36:00.000 042   14730.21     -601.15    47198.30    99999.00
1958-02-11 19:37:00.000 042   14749.56     -598.62    47208.01    99999.00
1958-02-11 19:38:00.000 042   14752.17     -596.15    47213.37    99999.00
1958-02-11 19:39:00.000 042   14739.30     -593.99    47211.96    99999.00
1958-02-11 19:40:00.000 042   14807.31     -592.34    47205.43    99999.00
1958-02-11 19:41:00.000 042   14790.07     -591.50    47196.82    99999.00
1958-02-11 19:42:00.000 042   14816.46     -591.93    47190.82    99999.00
1958-02-11 19:43:00.000 042   14852.79     -593.80    47207.57    99999.00
1958-02-11 19:44:00.000 042   14825.03     -596.88    47211.37    99999.00
1958-02-11 19:45:00.000 042   14845.61     -600.51    47210.12    99999.00
1958-02-11 19:46:00.000 042   14824.48     -603.20    47223.93    99999.00
1958-02-11 19:47:00.000 042   14810.50     -603.18    47214.09    99999.00
1958-02-11 19:48:00.000 042   14846.54     -601.17    47231.41    99999.00
1958-02-11 19:49:00.000 042   14832.96     -601.19    47241.58    99999.00
1958-02-11 19:50:00.000 042   14861.94     -604.36    47223.80    99999.00
1958-02-11 19:51:00.000 042   14857.19     -603.64    47230.63    99999.00
1958-02-11 19:52:00.000 042   14846.64     -601.19    47192.82    99999.00
1958-02-11 19:53:00.000 042   14874.83     -599.13    47197.22    99999.00
1958-02-11 19:54:00.000 042   14909.91     -598.95    47189.95    99999.00
1958-02-11 19:55:00.000 042   14930.43     -599.85    47137.06    99999.00
1958-02-11 19:56:00.000 042   14928.42     -599.13    47135.84    99999.00
1958-02-11 19:57:00.000 042   14918.35     -597.27    47154.98    99999.00
1958-02-11 19:58:00.000 042   14930.70     -596.80    47174.61    99999.00
1958-02-11 19:59:00.000 042   14971.50     -597.29    47180.98    99999.00
1958-02-11 20:00:00.000 042   14945.24     -597.28    47165.63    99999.00
1958-02-11 20:01:00.000 042   14920.83     -596.22    47157.98    99999.00
1958-02-11 20:02:00.000 042   14926.51     -595.26    47181.48    99999.00
1958-02-11 20:03:00.000 042   14926.63     -594.96    47137.43    99999.00
1958-02-11 20:04:00.000 042   14922.82     -595.22    47094.98    99999.00
1958-02-11 20:05:00.000 042   14929.10     -595.77    47098.84    99999.00
1958-02-11 20:06:00.000 042   14931.43     -596.43    47118.37    99999.00
1958-02-11 20:07:00.000 042   14924.51     -597.11    47109.06    99999.00
1958-02-11 20:08:00.000 042   14912.99     -597.57    47108.25    99999.00
1958-02-11 20:09:00.000 042   14910.25     -597.10    47121.57    99999.00
1958-02-11 20:10:00.000 042   14919.63     -597.64    47111.59    99999.00
1958-02-11 20:11:00.000 042   14912.52     -598.91    47146.83    99999.00
1958-02-11 20:12:00.000 042   14903.12     -599.96    47190.86    99999.00
1958-02-11 20:13:00.000 042   14934.21     -600.28    47212.89    99999.00
1958-02-11 20:14:00.000 042   14968.21     -599.24    47222.79    99999.00
1958-02-11 20:15:00.000 042   14985.89     -597.53    47260.78    99999.00
1958-02-11 20:16:00.000 042   14968.28     -598.32    47281.99    99999.00
1958-02-11 20:17:00.000 042   14963.12     -597.26    47286.47    99999.00
1958-02-11 20:18:00.000 042   14995.07     -595.88    47278.20    99999.00
1958-02-11 20:19:00.000 042   14970.58     -595.88    47263.13    99999.00
1958-02-11 20:20:00.000 042   14921.41     -598.53    47244.70    99999.00
1958-02-11 20:21:00.000 042   14885.99     -600.71    47225.50    99999.00
1958-02-11 20:22:00.000 042   14906.38     -599.79    47209.29    99999.00
1958-02-11 20:23:00.000 042   14896.65     -602.96    47207.89    99999.00
1958-02-11 20:24:00.000 042   14857.05     -604.81    47248.71    99999.00
1958-02-11 20:25:00.000 042   14823.57     -604.35    47238.71    99999.00
1958-02-11 20:26:00.000 042   14834.87     -603.07    47246.57    99999.00
1958-02-11 20:27:00.000 042   14900.77     -601.55    47239.59    99999.00
1958-02-11 20:28:00.000 042   14863.71     -600.00    47222.17    99999.00
1958-02-11 20:29:00.000 042   14890.86     -598.55    47208.64    99999.00
1958-02-11 20:30:00.000 042   14923.56     -597.30    47204.04    99999.00
1958-02-11 20:31:00.000 042   14900.32     -596.37    47211.05    99999.00
1958-02-11 20:32:00.000 042   14909.29     -595.89    47225.97    99999.00
1958-02-11 20:33:00.000 042   14860.12     -595.94    47242.92    99999.00
1958-02-11 20:34:00.000 042   14809.96     -596.48    47243.72    99999.00
1958-02-11 20:35:00.000 042   14781.54     -597.42    47252.91    99999.00
1958-02-11 20:36:00.000 042   14807.00     -598.65    47282.48    99999.00
1958-02-11 20:37:00.000 042   14788.39     -599.93    47292.89    99999.00
1958-02-11 20:38:00.000 042   14750.49     -599.95    47289.87    99999.00
1958-02-11 20:39:00.000 042   14709.79     -597.14    47283.00    99999.00
1958-02-11 20:40:00.000 042   14672.10     -597.87    47283.55    99999.00
1958-02-11 20:41:00.000 042   14644.41     -598.91    47303.09    99999.00
1958-02-11 20:42:00.000 042   14643.38     -598.77    47295.66    99999.00
1958-02-11 20:43:00.000 042   14681.38     -597.63    47302.20    99999.00
1958-02-11 20:44:00.000 042   14700.39     -597.71    47325.33    99999.00
1958-02-11 20:45:00.000 042   14679.90     -598.35    47322.05    99999.00
1958-02-11 20:46:00.000 042   14678.21     -599.10    47311.31    99999.00
1958-02-11 20:47:00.000 042   14737.25     -599.74    47306.83    99999.00
1958-02-11 20:48:00.000 042   14757.50     -600.10    47311.13    99999.00
1958-02-11 20:49:00.000 042   14730.88     -599.88    47321.96    99999.00
1958-02-11 20:50:00.000 042   14704.12     -598.86    47336.27    99999.00
1958-02-11 20:51:00.000 042   14706.23     -597.41    47352.18    99999.00
1958-02-11 20:52:00.000 042   14742.16     -596.24    47366.89    99999.00
1958-02-11 20:53:00.000 042   14775.12     -595.76    47363.00    99999.00
1958-02-11 20:54:00.000 042   14764.05     -595.79    47370.20    99999.00
1958-02-11 20:55:00.000 042   14725.51     -596.09    47375.77    99999.00
1958-02-11 20:56:00.000 042   14706.17     -596.51    47373.29    99999.00
1958-02-11 20:57:00.000 042   14723.81     -596.90    47368.67    99999.00
1958-02-11 20:58:00.000 042   14722.03     -596.75    47369.53    99999.00
1958-02-11 20:59:00.000 042   14741.27     -595.91    47373.33    99999.00
1958-02-11 21:00:00.000 042   14745.22     -595.87    47366.13    99999.00
1958-02-11 21:01:00.000 042   14606.47     -596.19    47359.39    99999.00
1958-02-11 21:02:00.000 042   14576.49     -596.58    47361.66    99999.00
1958-02-11 21:03:00.000 042   14568.15     -596.96    47372.52    99999.00
1958-02-11 21:04:00.000 042   14584.96     -597.27    47382.77    99999.00
1958-02-11 21:05:00.000 042   14588.82     -597.39    47384.68    99999.00
1958-02-11 21:06:00.000 042   14577.88     -597.15    47379.07    99999.00
1958-02-11 21:07:00.000 042   14590.05     -596.52    47371.88    99999.00
1958-02-11 21:08:00.000 042   14578.98     -595.94    47375.45    99999.00
1958-02-11 21:09:00.000 042   14564.75     -596.45    47378.48    99999.00
1958-02-11 21:10:00.000 042   14551.04     -596.72    47373.55    99999.00
1958-02-11 21:11:00.000 042   14540.52     -596.31    47381.66    99999.00
1958-02-11 21:12:00.000 042   14540.60     -595.65    47389.25    99999.00
1958-02-11 21:13:00.000 042   14560.72     -594.98    47378.90    99999.00
1958-02-11 21:14:00.000 042   14560.87     -594.49    47367.98    99999.00
1958-02-11 21:15:00.000 042   14548.23     -594.32    47371.47    99999.00
1958-02-11 21:16:00.000 042   14543.88     -594.58    47368.71    99999.00
1958-02-11 21:17:00.000 042   14548.69     -595.15    47362.70    99999.00
1958-02-11 21:18:00.000 042   14544.47     -595.78    47358.35    99999.00
1958-02-11 21:19:00.000 042   14530.99     -595.66    47366.34    99999.00
1958-02-11 21:20:00.000 042   14543.55     -595.30    47374.82    99999.00
1958-02-11 21:21:00.000 042   14552.25     -595.56    47366.08    99999.00
1958-02-11 21:22:00.000 042   14555.65     -595.91    47380.53    99999.00
1958-02-11 21:23:00.000 042   14570.34     -596.16    47367.66    99999.00
1958-02-11 21:24:00.000 042   14579.78     -596.19    47359.07    99999.00
1958-02-11 21:25:00.000 042   14575.71     -595.97    47364.31    99999.00
1958-02-11 21:26:00.000 042   14558.95     -595.63    47366.28    99999.00
1958-02-11 21:27:00.000 042   14544.30     -595.38    47357.75    99999.00
1958-02-11 21:28:00.000 042   14555.96     -595.65    47354.69    99999.00
1958-02-11 21:29:00.000 042   14542.34     -595.55    47362.78    99999.00
1958-02-11 21:30:00.000 042   14570.52     -595.44    47375.61    99999.00
1958-02-11 21:31:00.000 042   14576.43     -595.80    47385.98    99999.00
1958-02-11 21:32:00.000 042   14561.59     -596.27    47390.96    99999.00
1958-02-11 21:33:00.000 042   14546.39     -596.74    47389.97    99999.00
1958-02-11 21:34:00.000 042   14545.49     -597.14    47384.92    99999.00
1958-02-11 21:35:00.000 042   14561.60     -597.43    47377.64    99999.00
1958-02-11 21:36:00.000 042   14557.55     -597.52    47369.41    99999.00
1958-02-11 21:37:00.000 042   14544.27     -597.33    47361.74    99999.00
1958-02-11 21:38:00.000 042   14547.12     -596.85    47358.42    99999.00
1958-02-11 21:39:00.000 042   14530.54     -596.16    47367.68    99999.00
1958-02-11 21:40:00.000 042   14516.43     -595.44    47373.15    99999.00
1958-02-11 21:41:00.000 042   14525.71     -595.12    47366.14    99999.00
1958-02-11 21:42:00.000 042   14515.80     -595.37    47356.40    99999.00
1958-02-11 21:43:00.000 042   14533.39     -595.31    47346.72    99999.00
1958-02-11 21:44:00.000 042   14537.88     -595.31    47338.49    99999.00
1958-02-11 21:45:00.000 042   14519.21     -595.63    47332.18    99999.00
1958-02-11 21:46:00.000 042   14496.83     -595.68    47328.57    99999.00
1958-02-11 21:47:00.000 042   14485.51     -595.27    47329.73    99999.00
1958-02-11 21:48:00.000 042   14491.76     -594.64    47337.76    99999.00
1958-02-11 21:49:00.000 042   14505.84     -594.19    47342.50    99999.00
1958-02-11 21:50:00.000 042   14513.06     -594.16    47343.54    99999.00
1958-02-11 21:51:00.000 042   14504.20     -594.44    47357.31    99999.00
1958-02-11 21:52:00.000 042   14498.53     -594.80    47356.92    99999.00
1958-02-11 21:53:00.000 042   14506.49     -595.06    47351.37    99999.00
1958-02-11 21:54:00.000 042   14495.56     -595.09    47345.72    99999.00
1958-02-11 21:55:00.000 042   14479.34     -594.82    47348.52    99999.00
1958-02-11 21:56:00.000 042   14461.90     -594.38    47342.90    99999.00
1958-02-11 21:57:00.000 042   14444.72     -593.95    47341.96    99999.00
1958-02-11 21:58:00.000 042   14429.28     -593.64    47347.20    99999.00
1958-02-11 21:59:00.000 042   14419.33     -593.50    47350.89    99999.00
1958-02-11 22:00:00.000 042   14433.31     -593.56    47338.38    99999.00
1958-02-11 22:01:00.000 042   14450.16     -593.76    47343.13    99999.00
1958-02-11 22:02:00.000 042   14442.80     -594.04    47338.05    99999.00
1958-02-11 22:03:00.000 042   14453.39     -594.39    47277.46    99999.00
1958-02-11 22:04:00.000 042   14454.32     -594.75    47280.91    99999.00
1958-02-11 22:05:00.000 042   14447.13     -595.10    47271.04    99999.00
1958-02-11 22:06:00.000 042   14441.21     -595.37    47276.98    99999.00
1958-02-11 22:07:00.000 042   14454.24     -595.45    47258.03    99999.00
1958-02-11 22:08:00.000 042   14441.32     -595.22    47237.34    99999.00
1958-02-11 22:09:00.000 042   14449.16     -594.94    47247.00    99999.00
1958-02-11 22:10:00.000 042   14483.13     -595.05    47239.90    99999.00
1958-02-11 22:11:00.000 042   14497.78     -595.34    47235.37    99999.00
1958-02-11 22:12:00.000 042   14470.84     -595.51    47240.79    99999.00
1958-02-11 22:13:00.000 042   14469.10     -594.89    47258.30    99999.00
1958-02-11 22:14:00.000 042   14471.74     -594.90    47279.77    99999.00
1958-02-11 22:15:00.000 042   14463.79     -595.16    47252.68    99999.00
1958-02-11 22:16:00.000 042   14444.40     -595.20    47237.39    99999.00
1958-02-11 22:17:00.000 042   14422.06     -594.96    47248.15    99999.00
1958-02-11 22:18:00.000 042   14399.16     -594.41    47238.54    99999.00
1958-02-11 22:19:00.000 042   14376.97     -593.55    47209.27    99999.00
1958-02-11 22:20:00.000 042   14356.82     -592.40    47197.10    99999.00
1958-02-11 22:21:00.000 042   14341.35     -590.95    47192.51    99999.00
1958-02-11 22:22:00.000 042   14341.27     -589.26    47189.13    99999.00
1958-02-11 22:23:00.000 042   14441.76     -587.40    47183.92    99999.00
1958-02-11 22:24:00.000 042   14417.69     -585.46    47173.22    99999.00
1958-02-11 22:25:00.000 042   14410.72     -583.50    47155.99    99999.00
1958-02-11 22:26:00.000 042   14434.63     -581.58    47139.75    99999.00
1958-02-11 22:27:00.000 042   14417.52     -579.74    47141.62    99999.00
1958-02-11 22:28:00.000 042   14425.34     -578.04    47167.42    99999.00
1958-02-11 22:29:00.000 042   14425.22     -576.50    47183.74    99999.00
1958-02-11 22:30:00.000 042   14444.00     -575.18    47190.83    99999.00
1958-02-11 22:31:00.000 042   14468.21     -574.11    47195.44    99999.00
1958-02-11 22:32:00.000 042   14485.32     -573.36    47186.70    99999.00
1958-02-11 22:33:00.000 042   14486.70     -572.98    47180.46    99999.00
1958-02-11 22:34:00.000 042   14467.54     -573.02    47183.74    99999.00
1958-02-11 22:35:00.000 042   14434.80     -573.49    47191.42    99999.00
1958-02-11 22:36:00.000 042   14415.02     -574.34    47197.20    99999.00
1958-02-11 22:37:00.000 042   14420.75     -575.55    47194.99    99999.00
1958-02-11 22:38:00.000 042   14400.52     -577.10    47190.17    99999.00
1958-02-11 22:39:00.000 042   14400.14     -578.93    47198.95    99999.00
1958-02-11 22:40:00.000 042   14414.74     -581.04    47206.73    99999.00
1958-02-11 22:41:00.000 042   14411.41     -583.37    47210.33    99999.00
1958-02-11 22:42:00.000 042   14438.23     -585.84    47214.19    99999.00
1958-02-11 22:43:00.000 042   14454.47     -588.30    47224.19    99999.00
1958-02-11 22:44:00.000 042   14458.22     -590.26    47234.80    99999.00
1958-02-11 22:45:00.000 042   14454.75     -589.98    47237.25    99999.00
1958-02-11 22:46:00.000 042   14447.76     -588.65    47236.15    99999.00
1958-02-11 22:47:00.000 042   14439.00     -588.91    47232.32    99999.00
1958-02-11 22:48:00.000 042   14429.33     -589.42    47225.23    99999.00
1958-02-11 22:49:00.000 042   14419.36     -589.82    47215.82    99999.00
1958-02-11 22:50:00.000 042   14409.79     -589.66    47210.29    99999.00
1958-02-11 22:51:00.000 042   14401.94     -589.22    47223.75    99999.00
1958-02-11 22:52:00.000 042   14399.61     -589.64    47227.73    99999.00
1958-02-11 22:53:00.000 042   14414.71     -590.43    47229.02    99999.00
1958-02-11 22:54:00.000 042   14403.05     -590.19    47227.90    99999.00
1958-02-11 22:55:00.000 042   14396.63     -589.53    47226.93    99999.00
1958-02-11 22:56:00.000 042   14401.85     -589.98    47238.05    99999.00
1958-02-11 22:57:00.000 042   14388.35     -590.37    47236.02    99999.00
1958-02-11 22:58:00.000 042   14369.33     -590.18    47249.97    99999.00
1958-02-11 22:59:00.000 042   14369.76     -589.38    47253.88    99999.00
1958-02-11 23:00:00.000 042   14389.52     -588.47    47253.18    99999.00
1958-02-11 23:01:00.000 042   14383.10     -587.92    47257.79    99999.00
1958-02-11 23:02:00.000 042   14399.81     -587.99    47254.97    99999.00
1958-02-11 23:03:00.000 042   14389.15     -588.49    47266.56    99999.00
1958-02-11 23:04:00.000 042   14375.77     -589.13    47265.50    99999.00
1958-02-11 23:05:00.000 042   14363.78     -589.45    47258.36    99999.00
1958-02-11 23:06:00.000 042   14355.97     -589.10    47250.68    99999.00
1958-02-11 23:07:00.000 042   14357.51     -588.80    47245.10    99999.00
1958-02-11 23:08:00.000 042   14372.46     -588.97    47250.58    99999.00
1958-02-11 23:09:00.000 042   14380.26     -589.39    47250.55    99999.00
1958-02-11 23:10:00.000 042   14389.68     -589.89    47246.69    99999.00
1958-02-11 23:11:00.000 042   14413.02     -590.36    47254.17    99999.00
1958-02-11 23:12:00.000 042   14437.35     -590.64    47249.37    99999.00
1958-02-11 23:13:00.000 042   14459.56     -590.25    47245.45    99999.00
1958-02-11 23:14:00.000 042   14473.13     -589.59    47254.17    99999.00
1958-02-11 23:15:00.000 042   14462.38     -589.87    47272.27    99999.00
1958-02-11 23:16:00.000 042   14467.96     -590.30    47265.75    99999.00
1958-02-11 23:17:00.000 042   14466.01     -590.56    47268.38    99999.00
1958-02-11 23:18:00.000 042   14446.50     -590.49    47264.03    99999.00
1958-02-11 23:19:00.000 042   14442.45     -590.05    47274.82    99999.00
1958-02-11 23:20:00.000 042   14442.32     -589.39    47280.41    99999.00
1958-02-11 23:21:00.000 042   14403.81     -588.66    47265.04    99999.00
1958-02-11 23:22:00.000 042   14410.92     -588.12    47267.03    99999.00
1958-02-11 23:23:00.000 042   14413.46     -588.31    47259.67    99999.00
1958-02-11 23:24:00.000 042   14406.41     -588.26    47244.29    99999.00
1958-02-11 23:25:00.000 042   14398.87     -587.49    47236.23    99999.00
1958-02-11 23:26:00.000 042   14398.46     -588.60    47246.64    99999.00
1958-02-11 23:27:00.000 042   14416.76     -588.52    47247.08    99999.00
1958-02-11 23:28:00.000 042   14453.18     -588.01    47249.98    99999.00
1958-02-11 23:29:00.000 042   14467.53     -587.28    47250.80    99999.00
1958-02-11 23:30:00.000 042   14461.02     -586.45    47244.18    99999.00
1958-02-11 23:31:00.000 042   14480.67     -585.57    47235.94    99999.00
1958-02-11 23:32:00.000 042   14460.48     -584.67    47227.46    99999.00
1958-02-11 23:33:00.000 042   14435.99     -583.76    47219.32    99999.00
1958-02-11 23:34:00.000 042   14444.58     -582.87    47211.99    99999.00
1958-02-11 23:35:00.000 042   14440.82     -582.01    47206.08    99999.00
1958-02-11 23:36:00.000 042   14437.25     -581.21    47202.81    99999.00
1958-02-11 23:37:00.000 042   14448.38     -580.48    47204.20    99999.00
1958-02-11 23:38:00.000 042   14458.50     -579.91    47211.72    99999.00
1958-02-11 23:39:00.000 042   14459.97     -579.62    47223.67    99999.00
1958-02-11 23:40:00.000 042   14454.91     -579.74    47222.41    99999.00
1958-02-11 23:41:00.000 042   14447.68     -580.38    47211.64    99999.00
1958-02-11 23:42:00.000 042   14444.73     -580.80    47215.28    99999.00
1958-02-11 23:43:00.000 042   14440.56     -580.10    47216.32    99999.00
1958-02-11 23:44:00.000 042   14428.70     -579.04    47209.23    99999.00
1958-02-11 23:45:00.000 042   14435.83     -578.11    47203.60    99999.00
1958-02-11 23:46:00.000 042   14430.71     -577.48    47206.25    99999.00
1958-02-11 23:47:00.000 042   14442.79     -577.23    47202.09    99999.00
1958-02-11 23:48:00.000 042   14434.69     -577.39    47209.64    99999.00
1958-02-11 23:49:00.000 042   14422.88     -577.92    47215.26    99999.00
1958-02-11 23:50:00.000 042   14428.31     -578.72    47212.51    99999.00
1958-02-11 23:51:00.000 042   14441.35     -579.70    47204.28    99999.00
1958-02-11 23:52:00.000 042   14450.87     -580.81    47196.39    99999.00
1958-02-11 23:53:00.000 042   14453.97     -581.98    47200.43    99999.00
1958-02-11 23:54:00.000 042   14450.39     -583.16    47186.57    99999.00
1958-02-11 23:55:00.000 042   14440.56     -584.25    47170.68    99999.00
1958-02-11 23:56:00.000 042   14426.01     -584.98    47156.12    99999.00
1958-02-11 23:57:00.000 042   14409.03     -584.85    47147.75    99999.00
1958-02-11 23:58:00.000 042   14391.18     -584.10    47153.02    99999.00
1958-02-11 23:59:00.000 042   14373.61     -585.04    47146.64    99999.00
1958-02-12 00:00:00.000 043   14357.30     -586.54    47133.69    99999.00
1958-02-12 00:01:00.000 043   14343.23     -587.88    47125.27    99999.00
1958-02-12 00:02:00.000 043   14332.44     -588.52    47129.79    99999.00
1958-02-12 00:03:00.000 043   14326.23     -588.06    47140.85    99999.00
1958-02-12 00:04:00.000 043   14326.32     -587.09    47138.58    99999.00
1958-02-12 00:05:00.000 043   14333.81     -586.77    47147.18    99999.00
1958-02-12 00:06:00.000 043   14348.12     -587.29    47157.08    99999.00
1958-02-12 00:07:00.000 043   14368.19     -587.80    47152.80    99999.00
1958-02-12 00:08:00.000 043   14392.33     -587.01    47154.26    99999.00
1958-02-12 00:09:00.000 043   14417.72     -585.38    47154.41    99999.00
1958-02-12 00:10:00.000 043   14438.98     -585.24    47150.65    99999.00
1958-02-12 00:11:00.000 043   14444.91     -586.23    47151.23    99999.00
1958-02-12 00:12:00.000 043   14428.51     -587.71    47155.54    99999.00
1958-02-12 00:13:00.000 043   14403.86     -589.35    47161.60    99999.00
1958-02-12 00:14:00.000 043   14388.83     -590.97    47168.37    99999.00
1958-02-12 00:15:00.000 043   14387.49     -592.47    47174.80    99999.00
1958-02-12 00:16:00.000 043   14395.84     -593.74    47179.16    99999.00
1958-02-12 00:17:00.000 043   14409.28     -594.66    47186.77    99999.00
1958-02-12 00:18:00.000 043   14425.61     -595.03    47196.84    99999.00
1958-02-12 00:19:00.000 043   14443.51     -594.75    47207.56    99999.00
1958-02-12 00:20:00.000 043   14461.94     -593.82    47218.36    99999.00
1958-02-12 00:21:00.000 043   14479.75     -592.35    47228.98    99999.00
1958-02-12 00:22:00.000 043   14495.06     -590.56    47239.18    99999.00
1958-02-12 00:23:00.000 043   14504.56     -589.29    47248.58    99999.00
1958-02-12 00:24:00.000 043   14504.75     -589.91    47256.16    99999.00
1958-02-12 00:25:00.000 043   14494.25     -589.89    47258.89    99999.00
1958-02-12 00:26:00.000 043   14501.98     -589.72    47252.43    99999.00
1958-02-12 00:27:00.000 043   14505.57     -590.59    47254.34    99999.00
1958-02-12 00:28:00.000 043   14499.74     -591.71    47260.05    99999.00
1958-02-12 00:29:00.000 043   14490.71     -592.59    47265.21    99999.00
1958-02-12 00:30:00.000 043   14481.02     -592.15    47269.02    99999.00
1958-02-12 00:31:00.000 043   14472.29     -592.61    47272.36    99999.00
1958-02-12 00:32:00.000 043   14467.34     -593.16    47276.24    99999.00
1958-02-12 00:33:00.000 043   14473.27     -593.52    47282.09    99999.00
1958-02-12 00:34:00.000 043   14488.26     -593.51    47293.03    99999.00
1958-02-12 00:35:00.000 043   14483.65     -593.09    47306.46    99999.00
1958-02-12 00:36:00.000 043   14479.01     -592.41    47307.66    99999.00
1958-02-12 00:37:00.000 043   14481.93     -591.71    47299.39    99999.00
1958-02-12 00:38:00.000 043   14484.11     -591.27    47290.44    99999.00
1958-02-12 00:39:00.000 043   14472.53     -591.34    47294.62    99999.00
1958-02-12 00:40:00.000 043   14476.16     -591.84    47292.03    99999.00
1958-02-12 00:41:00.000 043   14480.88     -592.47    47294.58    99999.00
1958-02-12 00:42:00.000 043   14471.52     -592.68    47288.53    99999.00
1958-02-12 00:43:00.000 043   14469.86     -592.29    47282.03    99999.00
1958-02-12 00:44:00.000 043   14481.21     -592.36    47284.73    99999.00
1958-02-12 00:45:00.000 043   14468.79     -593.15    47282.53    99999.00
1958-02-12 00:46:00.000 043   14456.34     -593.42    47282.19    99999.00
1958-02-12 00:47:00.000 043   14456.19     -593.04    47283.53    99999.00
1958-02-12 00:48:00.000 043   14461.38     -593.64    47285.15    99999.00
1958-02-12 00:49:00.000 043   14458.02     -594.34    47286.00    99999.00
1958-02-12 00:50:00.000 043   14449.99     -594.60    47283.94    99999.00
1958-02-12 00:51:00.000 043   14454.60     -594.20    47282.84    99999.00
1958-02-12 00:52:00.000 043   14452.87     -593.56    47286.29    99999.00
1958-02-12 00:53:00.000 043   14447.83     -593.10    47282.41    99999.00
1958-02-12 00:54:00.000 043   14454.37     -592.99    47280.61    99999.00
1958-02-12 00:55:00.000 043   14456.17     -593.12    47283.50    99999.00
1958-02-12 00:56:00.000 043   14452.50     -593.34    47288.10    99999.00
1958-02-12 00:57:00.000 043   14447.12     -593.55    47289.72    99999.00
1958-02-12 00:58:00.000 043   14443.70     -593.61    47283.74    99999.00
1958-02-12 00:59:00.000 043   14451.92     -593.49    47280.02    99999.00
1958-02-12 01:00:00.000 043   14451.49     -593.36    47285.98    99999.00
1958-02-12 01:01:00.000 043   14446.10     -593.53    47295.26    99999.00
1958-02-12 01:02:00.000 043   14444.33     -593.89    47301.45    99999.00
1958-02-12 01:03:00.000 043   14450.36     -593.97    47296.30    99999.00
1958-02-12 01:04:00.000 043   14458.97     -593.53    47295.73    99999.00
1958-02-12 01:05:00.000 043   14459.49     -593.28    47298.51    99999.00
1958-02-12 01:06:00.000 043   14448.35     -593.46    47287.21    99999.00
1958-02-12 01:07:00.000 043   14435.06     -593.68    47296.33    99999.00
1958-02-12 01:08:00.000 043   14431.60     -593.63    47301.33    99999.00
1958-02-12 01:09:00.000 043   14443.42     -593.40    47291.17    99999.00
1958-02-12 01:10:00.000 043   14452.95     -593.29    47295.53    99999.00
1958-02-12 01:11:00.000 043   14443.70     -593.40    47304.36    99999.00
1958-02-12 01:12:00.000 043   14445.89     -593.54    47301.99    99999.00
1958-02-12 01:13:00.000 043   14451.37     -593.58    47299.31    99999.00
1958-02-12 01:14:00.000 043   14437.59     -593.46    47304.93    99999.00
1958-02-12 01:15:00.000 043   14443.54     -593.18    47304.83    99999.00
1958-02-12 01:16:00.000 043   14447.10     -592.82    47302.10    99999.00
1958-02-12 01:17:00.000 043   14435.18     -592.43    47308.12    99999.00
1958-02-12 01:18:00.000 043   14438.11     -592.05    47307.50    99999.00
1958-02-12 01:19:00.000 043   14439.24     -591.75    47303.26    99999.00
1958-02-12 01:20:00.000 043   14427.15     -591.72    47299.63    99999.00
1958-02-12 01:21:00.000 043   14421.99     -592.21    47301.10    99999.00
1958-02-12 01:22:00.000 043   14427.81     -592.68    47309.47    99999.00
1958-02-12 01:23:00.000 043   14441.44     -592.65    47307.92    99999.00
1958-02-12 01:24:00.000 043   14457.63     -592.38    47308.86    99999.00
1958-02-12 01:25:00.000 043   14472.58     -592.01    47316.96    99999.00
1958-02-12 01:26:00.000 043   14481.93     -591.62    47315.26    99999.00
1958-02-12 01:27:00.000 043   14482.11     -591.24    47314.09    99999.00
1958-02-12 01:28:00.000 043   14474.99     -590.98    47322.82    99999.00
1958-02-12 01:29:00.000 043   14471.32     -591.02    47335.72    99999.00
1958-02-12 01:30:00.000 043   14485.18     -591.23    47336.66    99999.00
1958-02-12 01:31:00.000 043   14483.54     -590.98    47333.49    99999.00
1958-02-12 01:32:00.000 043   14480.15     -591.04    47329.23    99999.00
1958-02-12 01:33:00.000 043   14485.04     -591.24    47325.02    99999.00
1958-02-12 01:34:00.000 043   14477.85     -591.52    47322.20    99999.00
1958-02-12 01:35:00.000 043   14465.97     -591.84    47324.84    99999.00
1958-02-12 01:36:00.000 043   14468.95     -592.16    47336.61    99999.00
1958-02-12 01:37:00.000 043   14483.94     -592.50    47330.17    99999.00
1958-02-12 01:38:00.000 043   14481.47     -592.83    47335.58    99999.00
1958-02-12 01:39:00.000 043   14475.81     -593.14    47328.65    99999.00
1958-02-12 01:40:00.000 043   14481.88     -593.40    47334.32    99999.00
1958-02-12 01:41:00.000 043   14487.72     -593.51    47332.96    99999.00
1958-02-12 01:42:00.000 043   14483.58     -593.07    47339.57    99999.00
1958-02-12 01:43:00.000 043   14482.05     -593.44    47335.00    99999.00
1958-02-12 01:44:00.000 043   14505.84     -593.18    47325.60    99999.00
1958-02-12 01:45:00.000 043   14501.06     -592.32    47323.01    99999.00
1958-02-12 01:46:00.000 043   14507.13     -591.61    47322.66    99999.00
1958-02-12 01:47:00.000 043   14500.77     -591.19    47316.36    99999.00
1958-02-12 01:48:00.000 043   14494.26     -591.02    47311.41    99999.00
1958-02-12 01:49:00.000 043   14497.28     -591.05    47316.28    99999.00
1958-02-12 01:50:00.000 043   14509.25     -591.20    47322.58    99999.00
1958-02-12 01:51:00.000 043   14509.73     -591.43    47320.29    99999.00
1958-02-12 01:52:00.000 043   14497.93     -591.71    47324.40    99999.00
1958-02-12 01:53:00.000 043   14481.71     -592.02    47319.41    99999.00
1958-02-12 01:54:00.000 043   14465.62     -592.34    47312.88    99999.00
1958-02-12 01:55:00.000 043   14452.38     -592.67    47313.72    99999.00
1958-02-12 01:56:00.000 043   14444.93     -592.98    47306.00    99999.00
1958-02-12 01:57:00.000 043   14446.70     -593.28    47297.62    99999.00
1958-02-12 01:58:00.000 043   14457.06     -593.52    47289.20    99999.00
1958-02-12 01:59:00.000 043   14472.32     -593.65    47281.16    99999.00
1958-02-12 02:00:00.000 043   14485.53     -593.58    47274.39    99999.00
1958-02-12 02:01:00.000 043   14487.92     -593.12    47274.08    99999.00
1958-02-12 02:02:00.000 043   14480.44     -592.09    47274.26    99999.00
1958-02-12 02:03:00.000 043   14478.15     -592.18    47270.37    99999.00
1958-02-12 02:04:00.000 043   14487.26     -592.39    47273.21    99999.00
1958-02-12 02:05:00.000 043   14482.30     -591.72    47283.46    99999.00
1958-02-12 02:06:00.000 043   14493.45     -590.86    47295.86    99999.00
1958-02-12 02:07:00.000 043   14493.01     -590.38    47296.91    99999.00
1958-02-12 02:08:00.000 043   14479.74     -590.26    47291.30    99999.00
1958-02-12 02:09:00.000 043   14463.59     -590.42    47298.82    99999.00
1958-02-12 02:10:00.000 043   14447.05     -590.75    47291.63    99999.00
1958-02-12 02:11:00.000 043   14431.25     -591.20    47292.77    99999.00
1958-02-12 02:12:00.000 043   14417.43     -591.70    47304.46    99999.00
1958-02-12 02:13:00.000 043   14408.03     -592.25    47293.89    99999.00
1958-02-12 02:14:00.000 043   14406.94     -592.81    47301.84    99999.00
1958-02-12 02:15:00.000 043   14416.56     -593.38    47288.62    99999.00
1958-02-12 02:16:00.000 043   14385.42     -593.93    47266.89    99999.00
1958-02-12 02:17:00.000 043   14388.59     -594.44    47273.97    99999.00
1958-02-12 02:18:00.000 043   14377.78     -594.86    47272.88    99999.00
1958-02-12 02:19:00.000 043   14378.63     -595.13    47287.87    99999.00
1958-02-12 02:20:00.000 043   14385.91     -595.19    47277.93    99999.00
1958-02-12 02:21:00.000 043   14364.90     -595.00    47268.97    99999.00
1958-02-12 02:22:00.000 043   14371.68     -595.06    47264.96    99999.00
1958-02-12 02:23:00.000 043   14369.08     -595.70    47268.58    99999.00
1958-02-12 02:24:00.000 043   14344.51     -595.65    47277.97    99999.00
1958-02-12 02:25:00.000 043   14319.94     -595.29    47288.48    99999.00
1958-02-12 02:26:00.000 043   14322.24     -594.87    47287.31    99999.00
1958-02-12 02:27:00.000 043   14347.26     -594.51    47291.49    99999.00
1958-02-12 02:28:00.000 043   14376.59     -594.29    47276.96    99999.00
1958-02-12 02:29:00.000 043   14388.43     -594.31    47282.70    99999.00
1958-02-12 02:30:00.000 043   14379.51     -594.59    47279.91    99999.00
1958-02-12 02:31:00.000 043   14378.70     -595.00    47270.23    99999.00
1958-02-12 02:32:00.000 043   14388.27     -595.30    47267.13    99999.00
1958-02-12 02:33:00.000 043   14401.41     -594.97    47279.95    99999.00
1958-02-12 02:34:00.000 043   14414.69     -594.43    47282.90    99999.00
1958-02-12 02:35:00.000 043   14423.28     -594.20    47292.42    99999.00
1958-02-12 02:36:00.000 043   14414.31     -594.21    47284.40    99999.00
1958-02-12 02:37:00.000 043   14425.04     -594.38    47274.24    99999.00
1958-02-12 02:38:00.000 043   14416.88     -594.62    47267.34    99999.00
1958-02-12 02:39:00.000 043   14403.27     -594.90    47268.64    99999.00
1958-02-12 02:40:00.000 043   14406.11     -595.21    47278.01    99999.00
1958-02-12 02:41:00.000 043   14421.50     -595.53    47283.94    99999.00
1958-02-12 02:42:00.000 043   14439.05     -595.85    47279.22    99999.00
1958-02-12 02:43:00.000 043   14452.15     -596.16    47275.21    99999.00
1958-02-12 02:44:00.000 043   14454.85     -596.42    47279.63    99999.00
1958-02-12 02:45:00.000 043   14441.94     -596.57    47287.54    99999.00
1958-02-12 02:46:00.000 043   14416.74     -596.36    47291.71    99999.00
1958-02-12 02:47:00.000 043   14386.98     -596.07    47287.38    99999.00
1958-02-12 02:48:00.000 043   14367.34     -596.42    47278.07    99999.00
1958-02-12 02:49:00.000 043   14371.00     -596.93    47271.51    99999.00
1958-02-12 02:50:00.000 043   14373.19     -597.47    47278.57    99999.00
1958-02-12 02:51:00.000 043   14357.75     -598.00    47291.55    99999.00
1958-02-12 02:52:00.000 043   14368.09     -598.49    47294.24    99999.00
1958-02-12 02:53:00.000 043   14387.57     -598.92    47289.70    99999.00
1958-02-12 02:54:00.000 043   14407.57     -599.26    47284.38    99999.00
1958-02-12 02:55:00.000 043   14423.13     -599.46    47287.14    99999.00
1958-02-12 02:56:00.000 043   14423.31     -599.46    47292.92    99999.00
1958-02-12 02:57:00.000 043   14396.29     -599.24    47286.25    99999.00
1958-02-12 02:58:00.000 043   14376.88     -598.80    47290.68    99999.00
1958-02-12 02:59:00.000 043   14378.76     -598.24    47285.73    99999.00
1958-02-12 03:00:00.000 043   14387.94     -597.77    47289.33    99999.00
1958-02-12 03:01:00.000 043   14397.90     -597.69    47295.02    99999.00
1958-02-12 03:02:00.000 043   14378.10     -597.95    47296.09    99999.00
1958-02-12 03:03:00.000 043   14374.16     -598.27    47292.60    99999.00
1958-02-12 03:04:00.000 043   14378.39     -598.02    47286.66    99999.00
1958-02-12 03:05:00.000 043   14357.07     -597.27    47279.90    99999.00
1958-02-12 03:06:00.000 043   14360.43     -597.49    47273.69    99999.00
1958-02-12 03:07:00.000 043   14354.31     -597.57    47271.52    99999.00
1958-02-12 03:08:00.000 043   14354.63     -597.11    47279.89    99999.00
1958-02-12 03:09:00.000 043   14363.99     -596.43    47268.07    99999.00
1958-02-12 03:10:00.000 043   14358.77     -595.72    47254.56    99999.00
1958-02-12 03:11:00.000 043   14364.69     -595.20    47261.27    99999.00
1958-02-12 03:12:00.000 043   14376.60     -595.42    47272.00    99999.00
1958-02-12 03:13:00.000 043   14381.41     -595.35    47261.07    99999.00
1958-02-12 03:14:00.000 043   14370.76     -594.51    47263.46    99999.00
1958-02-12 03:15:00.000 043   14352.38     -593.58    47261.02    99999.00
1958-02-12 03:16:00.000 043   14374.46     -592.83    47255.89    99999.00
1958-02-12 03:17:00.000 043   14380.01     -592.63    47254.25    99999.00
1958-02-12 03:18:00.000 043   14362.13     -592.98    47257.52    99999.00
1958-02-12 03:19:00.000 043   14370.76     -592.37    47255.94    99999.00
1958-02-12 03:20:00.000 043   14390.23     -592.07    47249.56    99999.00
1958-02-12 03:21:00.000 043   14381.23     -592.21    47251.41    99999.00
1958-02-12 03:22:00.000 043   14409.38     -592.47    47251.50    99999.00
1958-02-12 03:23:00.000 043   14403.11     -592.74    47244.23    99999.00
1958-02-12 03:24:00.000 043   14397.67     -592.89    47248.28    99999.00
1958-02-12 03:25:00.000 043   14400.97     -592.32    47245.31    99999.00
1958-02-12 03:26:00.000 043   14406.00     -591.89    47244.60    99999.00
1958-02-12 03:27:00.000 043   14404.15     -592.24    47247.84    99999.00
1958-02-12 03:28:00.000 043   14400.74     -592.00    47243.93    99999.00
1958-02-12 03:29:00.000 043   14410.07     -591.19    47244.74    99999.00
1958-02-12 03:30:00.000 043   14420.77     -591.00    47245.45    99999.00
1958-02-12 03:31:00.000 043   14407.74     -591.26    47238.65    99999.00
1958-02-12 03:32:00.000 043   14413.04     -591.55    47240.73    99999.00
1958-02-12 03:33:00.000 043   14410.50     -591.49    47246.59    99999.00
1958-02-12 03:34:00.000 043   14406.93     -590.92    47248.61    99999.00
1958-02-12 03:35:00.000 043   14418.23     -590.58    47245.28    99999.00
1958-02-12 03:36:00.000 043   14412.99     -590.80    47252.23    99999.00
1958-02-12 03:37:00.000 043   14418.77     -591.21    47256.07    99999.00
1958-02-12 03:38:00.000 043   14424.10     -591.52    47253.50    99999.00
1958-02-12 03:39:00.000 043   14416.66     -591.43    47250.61    99999.00
1958-02-12 03:40:00.000 043   14411.70     -590.94    47250.07    99999.00
1958-02-12 03:41:00.000 043   14415.52     -590.64    47251.93    99999.00
1958-02-12 03:42:00.000 043   14419.14     -590.89    47254.89    99999.00
1958-02-12 03:43:00.000 043   14414.22     -590.59    47257.66    99999.00
1958-02-12 03:44:00.000 043   14407.18     -590.69    47256.08    99999.00
1958-02-12 03:45:00.000 043   14425.39     -590.89    47259.19    99999.00
1958-02-12 03:46:00.000 043   14423.04     -591.11    47263.25    99999.00
1958-02-12 03:47:00.000 043   14422.35     -591.33    47261.02    99999.00
1958-02-12 03:48:00.000 043   14427.14     -591.53    47256.33    99999.00
1958-02-12 03:49:00.000 043   14428.08     -591.67    47253.69    99999.00
1958-02-12 03:50:00.000 043   14426.64     -591.68    47258.62    99999.00
1958-02-12 03:51:00.000 043   14431.62     -591.44    47264.97    99999.00
1958-02-12 03:52:00.000 043   14426.28     -591.23    47264.25    99999.00
1958-02-12 03:53:00.000 043   14425.37     -591.35    47261.37    99999.00
1958-02-12 03:54:00.000 043   14439.68     -591.62    47260.71    99999.00
1958-02-12 03:55:00.000 043   14452.86     -591.93    47264.59    99999.00
1958-02-12 03:56:00.000 043   14448.29     -592.26    47269.14    99999.00
1958-02-12 03:57:00.000 043   14437.51     -592.50    47265.17    99999.00
1958-02-12 03:58:00.000 043   14427.89     -592.30    47260.07    99999.00
1958-02-12 03:59:00.000 043   14427.59     -592.46    47263.51    99999.00
1958-02-12 04:00:00.000 043   14435.67     -592.33    47269.47    99999.00
1958-02-12 04:01:00.000 043   14433.60     -592.05    47273.85    99999.00
1958-02-12 04:02:00.000 043   14428.31     -592.16    47273.14    99999.00
1958-02-12 04:03:00.000 043   14432.46     -592.65    47268.39    99999.00
1958-02-12 04:04:00.000 043   14444.74     -593.22    47269.91    99999.00
1958-02-12 04:05:00.000 043   14455.07     -593.64    47272.35    99999.00
1958-02-12 04:06:00.000 043   14451.60     -593.53    47267.83    99999.00
1958-02-12 04:07:00.000 043   14435.68     -593.20    47272.65    99999.00
1958-02-12 04:08:00.000 043   14432.21     -593.39    47276.95    99999.00
1958-02-12 04:09:00.000 043   14442.32     -593.55    47271.89    99999.00
1958-02-12 04:10:00.000 043   14437.23     -593.25    47265.79    99999.00
1958-02-12 04:11:00.000 043   14417.98     -593.72    47260.60    99999.00
1958-02-12 04:12:00.000 043   14412.39     -594.08    47258.75    99999.00
1958-02-12 04:13:00.000 043   14421.69     -593.99    47261.88    99999.00
1958-02-12 04:14:00.000 043   14407.46     -593.48    47264.03    99999.00
1958-02-12 04:15:00.000 043   14400.97     -592.77    47261.02    99999.00
1958-02-12 04:16:00.000 043   14427.27     -592.07    47263.66    99999.00
1958-02-12 04:17:00.000 043   14452.30     -591.68    47265.41    99999.00
1958-02-12 04:18:00.000 043   14459.53     -592.14    47261.89    99999.00
1958-02-12 04:19:00.000 043   14455.02     -592.40    47256.39    99999.00
1958-02-12 04:20:00.000 043   14448.40     -591.61    47254.76    99999.00
1958-02-12 04:21:00.000 043   14450.49     -590.57    47261.13    99999.00
1958-02-12 04:22:00.000 043   14454.96     -589.66    47269.63    99999.00
1958-02-12 04:23:00.000 043   14448.66     -589.09    47269.36    99999.00
1958-02-12 04:24:00.000 043   14450.57     -589.01    47258.15    99999.00
1958-02-12 04:25:00.000 043   14462.43     -589.29    47251.50    99999.00
1958-02-12 04:26:00.000 043   14472.98     -589.78    47262.31    99999.00
1958-02-12 04:27:00.000 043   14467.65     -590.28    47276.34    99999.00
1958-02-12 04:28:00.000 043   14450.93     -590.45    47271.69    99999.00
1958-02-12 04:29:00.000 043   14465.09     -590.19    47256.32    99999.00
1958-02-12 04:30:00.000 043   14489.49     -589.94    47259.12    99999.00
1958-02-12 04:31:00.000 043   14500.25     -589.99    47271.75    99999.00
1958-02-12 04:32:00.000 043   14489.74     -590.23    47271.97    99999.00
1958-02-12 04:33:00.000 043   14467.07     -590.54    47265.88    99999.00
1958-02-12 04:34:00.000 043   14446.29     -590.86    47263.87    99999.00
1958-02-12 04:35:00.000 043   14480.51     -591.10    47268.16    99999.00
1958-02-12 04:36:00.000 043   14498.09     -591.15    47267.53    99999.00
1958-02-12 04:37:00.000 043   14469.55     -590.88    47264.26    99999.00
1958-02-12 04:38:00.000 043   14441.90     -590.59    47268.55    99999.00
1958-02-12 04:39:00.000 043   14437.08     -591.46    47271.34    99999.00
1958-02-12 04:40:00.000 043   14460.44     -592.54    47261.50    99999.00
1958-02-12 04:41:00.000 043   14467.24     -592.18    47272.74    99999.00
1958-02-12 04:42:00.000 043   14458.34     -591.50    47270.37    99999.00
1958-02-12 04:43:00.000 043   14469.30     -591.99    47250.62    99999.00
1958-02-12 04:44:00.000 043   14454.48     -593.07    47275.34    99999.00
1958-02-12 04:45:00.000 043   14453.53     -593.23    47274.29    99999.00
1958-02-12 04:46:00.000 043   14474.01     -592.40    47261.36    99999.00
1958-02-12 04:47:00.000 043   14459.60     -591.54    47262.21    99999.00
1958-02-12 04:48:00.000 043   14457.06     -591.50    47272.80    99999.00
1958-02-12 04:49:00.000 043   14501.88     -592.06    47276.17    99999.00
1958-02-12 04:50:00.000 043   14481.67     -592.32    47268.50    99999.00
1958-02-12 04:51:00.000 043   14448.57     -591.88    47267.48    99999.00
1958-02-12 04:52:00.000 043   14440.09     -591.18    47275.44    99999.00
1958-02-12 04:53:00.000 043   14491.70     -590.96    47274.14    99999.00
1958-02-12 04:54:00.000 043   14473.96     -591.63    47274.94    99999.00
1958-02-12 04:55:00.000 043   14464.45     -591.18    47281.60    99999.00
1958-02-12 04:56:00.000 043   14471.23     -592.22    47279.21    99999.00
1958-02-12 04:57:00.000 043   14481.53     -592.30    47274.92    99999.00
1958-02-12 04:58:00.000 043   14477.74     -591.86    47276.15    99999.00
1958-02-12 04:59:00.000 043   14453.52     -591.35    47287.06    99999.00
1958-02-12 05:00:00.000 043   14465.89     -590.99    47294.28    99999.00
1958-02-12 05:01:00.000 043   14463.14     -591.24    47257.47    99999.00
1958-02-12 05:02:00.000 043   14454.32     -592.40    47275.87    99999.00
1958-02-12 05:03:00.000 043   14461.30     -591.62    47285.78    99999.00
1958-02-12 05:04:00.000 043   14464.11     -590.97    47279.41    99999.00
1958-02-12 05:05:00.000 043   14443.36     -591.40    47270.43    99999.00
1958-02-12 05:06:00.000 043   14443.55     -591.87    47271.59    99999.00
1958-02-12 05:07:00.000 043   14464.90     -591.40    47275.15    99999.00
1958-02-12 05:08:00.000 043   14488.03     -590.84    47268.55    99999.00
1958-02-12 05:09:00.000 043   14491.58     -591.39    47262.08    99999.00
1958-02-12 05:10:00.000 043   14436.16     -591.89    47270.36    99999.00
1958-02-12 05:11:00.000 043   14459.79     -591.68    47268.15    99999.00
1958-02-12 05:12:00.000 043   14464.69     -590.95    47262.73    99999.00
1958-02-12 05:13:00.000 043   14458.68     -590.17    47267.43    99999.00
1958-02-12 05:14:00.000 043   14450.63     -589.69    47262.11    99999.00
1958-02-12 05:15:00.000 043   14463.40     -589.76    47270.03    99999.00
1958-02-12 05:16:00.000 043   14471.27     -590.18    47272.07    99999.00
1958-02-12 05:17:00.000 043   14456.68     -590.54    47264.69    99999.00
1958-02-12 05:18:00.000 043   14464.10     -589.98    47270.48    99999.00
1958-02-12 05:19:00.000 043   14476.09     -589.33    47255.96    99999.00
1958-02-12 05:20:00.000 043   14468.54     -589.81    47275.57    99999.00
1958-02-12 05:21:00.000 043   14458.66     -590.04    47279.69    99999.00
1958-02-12 05:22:00.000 043   14452.77     -589.42    47260.79    99999.00
1958-02-12 05:23:00.000 043   14461.02     -589.41    47271.84    99999.00
1958-02-12 05:24:00.000 043   14475.81     -589.74    47273.36    99999.00
1958-02-12 05:25:00.000 043   14469.91     -590.16    47264.86    99999.00
1958-02-12 05:26:00.000 043   14451.71     -590.61    47259.88    99999.00
1958-02-12 05:27:00.000 043   14432.83     -591.02    47262.56    99999.00
1958-02-12 05:28:00.000 043   14436.71     -591.32    47267.18    99999.00
1958-02-12 05:29:00.000 043   14476.81     -591.22    47261.13    99999.00
1958-02-12 05:30:00.000 043   14454.08     -590.44    47264.08    99999.00
1958-02-12 05:31:00.000 043   14454.10     -590.51    47267.25    99999.00
1958-02-12 05:32:00.000 043   14483.97     -590.88    47266.97    99999.00
1958-02-12 05:33:00.000 043   14481.03     -591.00    47264.44    99999.00
1958-02-12 05:34:00.000 043   14470.01     -590.66    47261.38    99999.00
1958-02-12 05:35:00.000 043   14463.90     -590.22    47259.54    99999.00
1958-02-12 05:36:00.000 043   14470.21     -590.52    47262.58    99999.00
1958-02-12 05:37:00.000 043   14475.32     -590.90    47264.03    99999.00
1958-02-12 05:38:00.000 043   14465.00     -590.32    47259.19    99999.00
1958-02-12 05:39:00.000 043   14459.61     -590.31    47273.55    99999.00
1958-02-12 05:40:00.000 043   14464.24     -590.54    47271.61    99999.00
1958-02-12 05:41:00.000 043   14468.59     -590.87    47242.41    99999.00
1958-02-12 05:42:00.000 043   14467.73     -591.24    47257.97    99999.00
1958-02-12 05:43:00.000 043   14462.79     -591.62    47279.02    99999.00
1958-02-12 05:44:00.000 043   14457.30     -591.97    47258.30    99999.00
1958-02-12 05:45:00.000 043   14462.50     -592.28    47267.90    99999.00
1958-02-12 05:46:00.000 043   14458.14     -592.48    47260.75    99999.00
1958-02-12 05:47:00.000 043   14466.21     -592.40    47268.26    99999.00
1958-02-12 05:48:00.000 043   14510.23     -591.91    47270.73    99999.00
1958-02-12 05:49:00.000 043   14535.93     -591.79    47261.19    99999.00
1958-02-12 05:50:00.000 043   14425.74     -592.15    47263.08    99999.00
1958-02-12 05:51:00.000 043   14448.92     -592.26    47269.45    99999.00
1958-02-12 05:52:00.000 043   14474.28     -591.77    47255.95    99999.00
1958-02-12 05:53:00.000 043   14445.74     -591.01    47257.03    99999.00
1958-02-12 05:54:00.000 043   14452.71     -590.77    47260.54    99999.00
1958-02-12 05:55:00.000 043   14435.73     -592.30    47271.73    99999.00
1958-02-12 05:56:00.000 043   14467.41     -595.05    47262.16    99999.00
1958-02-12 05:57:00.000 043   14464.41     -596.20    47246.58    99999.00
1958-02-12 05:58:00.000 043   14454.83     -595.08    47244.43    99999.00
1958-02-12 05:59:00.000 043   14462.18     -593.18    47259.28    99999.00
1958-02-12 06:00:00.000 043   14482.70     -591.54    47257.08    99999.00
1958-02-12 06:01:00.000 043   14461.36     -590.90    47254.46    99999.00
1958-02-12 06:02:00.000 043   14433.55     -591.27    47245.80    99999.00
1958-02-12 06:03:00.000 043   14450.70     -592.03    47250.90    99999.00
1958-02-12 06:04:00.000 043   14485.87     -592.53    47260.19    99999.00
1958-02-12 06:05:00.000 043   14504.05     -592.37    47259.07    99999.00
1958-02-12 06:06:00.000 043   14473.85     -591.87    47247.87    99999.00
1958-02-12 06:07:00.000 043   14465.07     -591.47    47250.85    99999.00
1958-02-12 06:08:00.000 043   14474.35     -591.74    47248.71    99999.00
1958-02-12 06:09:00.000 043   14482.69     -592.49    47254.36    99999.00
1958-02-12 06:10:00.000 043   14470.63     -592.42    47252.50    99999.00
1958-02-12 06:11:00.000 043   14451.38     -592.24    47254.89    99999.00
1958-02-12 06:12:00.000 043   14458.33     -592.75    47250.71    99999.00
1958-02-12 06:13:00.000 043   14471.65     -593.33    47250.89    99999.00
1958-02-12 06:14:00.000 043   14478.23     -593.60    47253.87    99999.00
1958-02-12 06:15:00.000 043   14470.95     -593.41    47253.91    99999.00
1958-02-12 06:16:00.000 043   14458.05     -593.18    47260.66    99999.00
1958-02-12 06:17:00.000 043   14455.95     -593.73    47242.10    99999.00
1958-02-12 06:18:00.000 043   14464.51     -594.28    47247.65    99999.00
1958-02-12 06:19:00.000 043   14465.15     -593.99    47268.32    99999.00
1958-02-12 06:20:00.000 043   14456.78     -593.50    47258.18    99999.00
1958-02-12 06:21:00.000 043   14459.35     -593.27    47239.21    99999.00
1958-02-12 06:22:00.000 043   14463.49     -593.46    47263.10    99999.00
1958-02-12 06:23:00.000 043   14455.30     -593.81    47266.44    99999.00
1958-02-12 06:24:00.000 043   14500.75     -593.73    47238.36    99999.00
1958-02-12 06:25:00.000 043   14475.66     -593.11    47246.42    99999.00
1958-02-12 06:26:00.000 043   14455.30     -593.18    47265.42    99999.00
1958-02-12 06:27:00.000 043   14469.88     -593.49    47256.58    99999.00
1958-02-12 06:28:00.000 043   14487.77     -593.54    47262.27    99999.00
1958-02-12 06:29:00.000 043   14424.99     -592.59    47255.36    99999.00
1958-02-12 06:30:00.000 043   14476.43     -591.19    47256.86    99999.00
1958-02-12 06:31:00.000 043   14505.42     -591.59    47252.93    99999.00
1958-02-12 06:32:00.000 043   14479.98     -592.85    47258.05    99999.00
1958-02-12 06:33:00.000 043   14451.82     -593.84    47245.19    99999.00
1958-02-12 06:34:00.000 043   14457.26     -592.61    47267.41    99999.00
1958-02-12 06:35:00.000 043   14458.59     -592.57    47258.74    99999.00
1958-02-12 06:36:00.000 043   14469.39     -593.70    47245.05    99999.00
1958-02-12 06:37:00.000 043   14458.26     -591.44    47252.45    99999.00
1958-02-12 06:38:00.000 043   14465.47     -591.98    47262.97    99999.00
1958-02-12 06:39:00.000 043   14474.75     -593.39    47243.44    99999.00
1958-02-12 06:40:00.000 043   14461.56     -592.53    47253.72    99999.00
1958-02-12 06:41:00.000 043   14438.11     -592.51    47262.96    99999.00
1958-02-12 06:42:00.000 043   14480.89     -592.71    47253.18    99999.00
1958-02-12 06:43:00.000 043   14477.76     -591.92    47259.61    99999.00
1958-02-12 06:44:00.000 043   14458.11     -592.36    47264.79    99999.00
1958-02-12 06:45:00.000 043   14482.45     -591.41    47255.30    99999.00
1958-02-12 06:46:00.000 043   14489.46     -591.48    47271.74    99999.00
1958-02-12 06:47:00.000 043   14449.82     -592.45    47268.19    99999.00
1958-02-12 06:48:00.000 043   14460.40     -591.72    47266.65    99999.00
1958-02-12 06:49:00.000 043   14460.95     -591.69    47275.67    99999.00
1958-02-12 06:50:00.000 043   14437.50     -593.35    47262.21    99999.00
1958-02-12 06:51:00.000 043   14446.19     -592.47    47257.27    99999.00
1958-02-12 06:52:00.000 043   14418.18     -591.58    47264.78    99999.00
1958-02-12 06:53:00.000 043   14450.59     -591.81    47258.06    99999.00
1958-02-12 06:54:00.000 043   14428.14     -592.43    47252.04    99999.00
1958-02-12 06:55:00.000 043   14436.57     -593.15    47255.27    99999.00
1958-02-12 06:56:00.000 043   14427.06     -593.71    47263.83    99999.00
1958-02-12 06:57:00.000 043   14464.92     -592.32    47258.23    99999.00
1958-02-12 06:58:00.000 043   14442.09     -591.44    47256.00    99999.00
1958-02-12 06:59:00.000 043   14454.41     -591.58    47259.72    99999.00
1958-02-12 07:00:00.000 043   14461.93     -591.93    47262.11    99999.00
1958-02-12 07:01:00.000 043   14452.76     -592.36    47254.47    99999.00
1958-02-12 07:02:00.000 043   14439.68     -592.83    47257.92    99999.00
1958-02-12 07:03:00.000 043   14448.91     -593.28    47256.90    99999.00
1958-02-12 07:04:00.000 043   14464.46     -593.66    47253.34    99999.00
1958-02-12 07:05:00.000 043   14452.25     -593.70    47250.95    99999.00
1958-02-12 07:06:00.000 043   14454.33     -593.08    47257.88    99999.00
1958-02-12 07:07:00.000 043   14465.96     -593.28    47257.14    99999.00
1958-02-12 07:08:00.000 043   14460.88     -592.98    47238.95    99999.00
1958-02-12 07:09:00.000 043   14457.99     -592.64    47231.71    99999.00
1958-02-12 07:10:00.000 043   14467.26     -592.46    47263.47    99999.00
1958-02-12 07:11:00.000 043   14459.39     -592.60    47294.73    99999.00
1958-02-12 07:12:00.000 043   14450.09     -593.04    47287.27    99999.00
1958-02-12 07:13:00.000 043   14476.25     -593.52    47268.31    99999.00
1958-02-12 07:14:00.000 043   14480.87     -593.54    47252.88    99999.00
1958-02-12 07:15:00.000 043   14441.72     -592.80    47259.08    99999.00
1958-02-12 07:16:00.000 043   14396.01     -592.24    47265.60    99999.00
1958-02-12 07:17:00.000 043   14369.81     -592.27    47261.19    99999.00
1958-02-12 07:18:00.000 043   14458.41     -592.65    47254.78    99999.00
1958-02-12 07:19:00.000 043   14459.94     -593.10    47252.83    99999.00
1958-02-12 07:20:00.000 043   14446.87     -593.44    47257.89    99999.00
1958-02-12 07:21:00.000 043   14432.16     -593.47    47254.50    99999.00
1958-02-12 07:22:00.000 043   14429.63     -592.81    47250.90    99999.00
1958-02-12 07:23:00.000 043   14454.21     -591.48    47258.85    99999.00
1958-02-12 07:24:00.000 043   14449.90     -590.99    47268.56    99999.00
1958-02-12 07:25:00.000 043   14439.59     -593.30    47263.93    99999.00
1958-02-12 07:26:00.000 043   14442.22     -596.41    47257.35    99999.00
1958-02-12 07:27:00.000 043   14443.72     -596.45    47271.78    99999.00
1958-02-12 07:28:00.000 043   14431.33     -593.82    47258.44    99999.00
1958-02-12 07:29:00.000 043   14440.73     -593.29    47253.33    99999.00
1958-02-12 07:30:00.000 043   14455.82     -594.02    47278.76    99999.00
1958-02-12 07:31:00.000 043   14454.73     -594.94    47273.07    99999.00
1958-02-12 07:32:00.000 043   14444.03     -593.63    47262.14    99999.00
1958-02-12 07:33:00.000 043   14469.48     -591.77    47269.86    99999.00
1958-02-12 07:34:00.000 043   14455.27     -592.54    47269.66    99999.00
1958-02-12 07:35:00.000 043   14426.73     -592.59    47268.68    99999.00
1958-02-12 07:36:00.000 043   14457.70     -591.87    47271.08    99999.00
1958-02-12 07:37:00.000 043   14476.08     -591.60    47267.93    99999.00
1958-02-12 07:38:00.000 043   14448.52     -592.17    47269.28    99999.00
1958-02-12 07:39:00.000 043   14464.37     -593.14    47270.47    99999.00
1958-02-12 07:40:00.000 043   14451.50     -594.02    47267.00    99999.00
1958-02-12 07:41:00.000 043   14458.51     -593.97    47270.55    99999.00
1958-02-12 07:42:00.000 043   14454.98     -590.51    47268.23    99999.00
1958-02-12 07:43:00.000 043   14446.55     -590.73    47265.18    99999.00
1958-02-12 07:44:00.000 043   14456.10     -593.24    47264.97    99999.00
1958-02-12 07:45:00.000 043   14446.70     -593.14    47268.30    99999.00
1958-02-12 07:46:00.000 043   14448.99     -590.61    47267.12    99999.00
1958-02-12 07:47:00.000 043   14459.46     -591.03    47267.24    99999.00
1958-02-12 07:48:00.000 043   14453.21     -592.35    47270.02    99999.00
1958-02-12 07:49:00.000 043   14451.43     -593.42    47271.42    99999.00
1958-02-12 07:50:00.000 043   14456.55     -593.60    47270.10    99999.00
1958-02-12 07:51:00.000 043   14459.42     -592.92    47267.75    99999.00
1958-02-12 07:52:00.000 043   14456.99     -591.91    47268.53    99999.00
1958-02-12 07:53:00.000 043   14455.25     -591.39    47271.20    99999.00
1958-02-12 07:54:00.000 043   14458.13     -591.92    47269.45    99999.00
1958-02-12 07:55:00.000 043   14461.00     -592.01    47266.55    99999.00
1958-02-12 07:56:00.000 043   14459.67     -591.71    47265.78    99999.00
1958-02-12 07:57:00.000 043   14455.30     -591.81    47269.87    99999.00
1958-02-12 07:58:00.000 043   14455.38     -592.14    47269.53    99999.00
1958-02-12 07:59:00.000 043   14464.51     -592.54    47267.96    99999.00
1958-02-12 08:00:00.000 043   14463.92     -592.92    47266.20    99999.00
1958-02-12 08:01:00.000 043   14461.05     -593.21    47264.63    99999.00
1958-02-12 08:02:00.000 043   14458.25     -593.13    47263.72    99999.00
1958-02-12 08:03:00.000 043   14457.79     -592.28    47264.81    99999.00
1958-02-12 08:04:00.000 043   14463.90     -591.92    47269.83    99999.00
1958-02-12 08:05:00.000 043   14464.75     -592.06    47272.58    99999.00
1958-02-12 08:06:00.000 043   14463.53     -592.37    47271.13    99999.00
1958-02-12 08:07:00.000 043   14464.82     -592.73    47268.47    99999.00
1958-02-12 08:08:00.000 043   14457.62     -593.08    47265.59    99999.00
1958-02-12 08:09:00.000 043   14458.82     -593.38    47263.37    99999.00
1958-02-12 08:10:00.000 043   14462.37     -593.56    47264.44    99999.00
1958-02-12 08:11:00.000 043   14466.21     -593.47    47267.46    99999.00
1958-02-12 08:12:00.000 043   14469.21     -593.02    47265.06    99999.00
1958-02-12 08:13:00.000 043   14469.14     -592.51    47263.34    99999.00
1958-02-12 08:14:00.000 043   14463.53     -592.36    47264.62    99999.00
1958-02-12 08:15:00.000 043   14462.67     -592.52    47266.99    99999.00
1958-02-12 08:16:00.000 043   14465.12     -592.81    47267.80    99999.00
1958-02-12 08:17:00.000 043   14463.87     -593.15    47266.53    99999.00
1958-02-12 08:18:00.000 043   14461.15     -593.49    47264.33    99999.00
1958-02-12 08:19:00.000 043   14458.23     -593.71    47262.23    99999.00
1958-02-12 08:20:00.000 043   14455.79     -593.59    47262.29    99999.00
1958-02-12 08:21:00.000 043   14454.78     -593.28    47265.65    99999.00
1958-02-12 08:22:00.000 043   14456.02     -593.85    47263.91    99999.00
1958-02-12 08:23:00.000 043   14458.57     -594.36    47264.44    99999.00
1958-02-12 08:24:00.000 043   14452.42     -593.97    47268.40    99999.00
1958-02-12 08:25:00.000 043   14449.11     -593.30    47265.59    99999.00
1958-02-12 08:26:00.000 043   14451.63     -593.43    47266.15    99999.00
1958-02-12 08:27:00.000 043   14451.46     -593.95    47270.05    99999.00
1958-02-12 08:28:00.000 043   14444.74     -594.26    47271.80    99999.00
1958-02-12 08:29:00.000 043   14448.52     -594.21    47270.72    99999.00
1958-02-12 08:30:00.000 043   14450.27     -594.01    47268.32    99999.00
1958-02-12 08:31:00.000 043   14446.06     -593.85    47265.83    99999.00
1958-02-12 08:32:00.000 043   14442.17     -593.88    47264.29    99999.00
1958-02-12 08:33:00.000 043   14447.14     -594.07    47265.14    99999.00
1958-02-12 08:34:00.000 043   14446.39     -594.19    47268.29    99999.00
1958-02-12 08:35:00.000 043   14450.28     -593.82    47271.28    99999.00
1958-02-12 08:36:00.000 043   14449.34     -594.00    47272.03    99999.00
1958-02-12 08:37:00.000 043   14446.01     -594.33    47270.87    99999.00
1958-02-12 08:38:00.000 043   14442.81     -594.27    47269.10    99999.00
1958-02-12 08:39:00.000 043   14440.90     -593.74    47267.48    99999.00
1958-02-12 08:40:00.000 043   14441.08     -593.82    47266.61    99999.00
1958-02-12 08:41:00.000 043   14442.97     -593.70    47266.99    99999.00
1958-02-12 08:42:00.000 043   14445.48     -593.31    47268.51    99999.00
1958-02-12 08:43:00.000 043   14447.29     -593.01    47270.75    99999.00
1958-02-12 08:44:00.000 043   14446.14     -592.91    47273.17    99999.00
1958-02-12 08:45:00.000 043   14440.72     -593.07    47274.91    99999.00
1958-02-12 08:46:00.000 043   14434.88     -593.41    47274.60    99999.00
1958-02-12 08:47:00.000 043   14437.14     -593.77    47271.65    99999.00
1958-02-12 08:48:00.000 043   14433.03     -593.77    47270.37    99999.00
1958-02-12 08:49:00.000 043   14431.90     -593.60    47272.25    99999.00
1958-02-12 08:50:00.000 043   14435.81     -593.77    47272.47    99999.00
1958-02-12 08:51:00.000 043   14434.38     -593.93    47272.70    99999.00
1958-02-12 08:52:00.000 043   14434.99     -593.81    47272.92    99999.00
1958-02-12 08:53:00.000 043   14436.60     -593.61    47273.14    99999.00
1958-02-12 08:54:00.000 043   14435.34     -593.70    47273.36    99999.00
1958-02-12 08:55:00.000 043   14435.45     -593.97    47273.58    99999.00
1958-02-12 08:56:00.000 043   14435.56     -594.29    47273.80    99999.00
1958-02-12 08:57:00.000 043   14435.67     -594.56    47274.02    99999.00
1958-02-12 08:58:00.000 043   14435.78     -594.63    47274.24    99999.00
1958-02-12 08:59:00.000 043   14435.89     -594.31    47274.47    99999.00
1958-02-12 09:00:00.000 043   14436.00     -594.23    47274.69    99999.00
1958-02-12 09:01:00.000 043   14436.11     -594.43    47274.91    99999.00
1958-02-12 09:02:00.000 043   14436.22     -594.24    47275.13    99999.00
